[2026-06-03T08:38:27.179Z] [INFO] [FFMPEG] ffmpeg version N-123852-g7fd2be97b9-20260406 Copyright (c) 2000-2026 the FFmpeg developers
  built with gcc 15.2.0 (crosstool-NG 1.28.0.23_185f348)
  configuration: --prefix=/ffbuild/prefix --pkg-config-flags=--static --pkg-config=pkg-config --cross-prefix=x86_64-w64-mingw32- --arch=x86_64 --target-os=mingw32 --enable-gpl --enable-version3 --disable-debug --enable-shared --disable-static --disable-w32threads --enable-pthreads --enable-iconv --enable-zlib --enable-libxml2 --enable-libvmaf --enable-fontconfig --enable-libharfbuzz --enable-libfreetype --enable-libfribidi --enable-vulkan --enable-libshaderc --enable-libvorbis --disable-libxcb --disable-xlib --disable-libpulse --enable-opencl --enable-gmp --enable-lzma --enable-liblcevc-dec --enable-amf --enable-libaom --enable-libaribb24 --enable-avisynth --enable-chromaprint --enable-libdav1d --enable-libdavs2 --enable-libdvdread --enable-libdvdnav --disable-libfdk-aac --enable-ffnvcodec --enable-cuda-llvm --enable-frei0r --enable-libgme --enable-libkvazaar --enable-libaribcaption --enable-libass --enable-libbluray --enable-libjxl --enable-libmp3lame --enable-libopus --enable-libplacebo --enable-librist --enable-libssh --enable-libtheora --enable-libvpx --enable-libwebp --enable-libzmq --enable-lv2 --enable-libvpl --enable-openal --enable-liboapv --enable-libopencore-amrnb --enable-libopencore-amrwb --enable-libopenh264 --enable-libopenjpeg --enable-libopenmpt --enable-librav1e --enable-librubberband --enable-schannel --enable-sdl2 --enable-libsnappy --enable-libsoxr --enable-libsrt --enable-libsvtav1 --enable-libtwolame --enable-libuavs3d --disable-libdrm --enable-vaapi --enable-libvidstab --enable-libvvenc --enable-whisper --enable-libx264 --enable-libx265 --enable-libxavs2 --enable-libxvid --enable-libzimg --enable-libzvbi --extra-cflags=-DLIBTWOLAME_STATIC --extra-cxxflags= --extra-libs=-lgomp --extra-ldflags=-pthread --extra-ldexeflags= --cc=x86_64-w64-mingw32-gcc --cxx=x86_64-w64-mingw32-g++ --ar=x86_64-w64-mingw32-gcc-ar --ranlib=x86_64-w64-mingw32-gcc-ranlib --nm=x86_64-w64-mingw32-gcc-nm --extra-version=20260406
  libavutil      60. 29.100 / 60. 29.100
  libavcodec     62. 29.101 / 62. 29.101
  libavformat    62. 13.101 / 62. 13.101
  libavdevice    62.  4.100 / 62.  4.100
  libavfilter    11. 15.101 / 11. 15.101
  libswscale      9.  7.100 /  9.  7.100
  libswresample   6.  4.100 /  6.  4.100
[2026-06-03T08:38:27.908Z] [INFO] [FFMPEG] Input #0, rtsp, from 'rtsp://admin:abcd1234@192.168.0.128:554/ch1/0':
  Duration: N/A, start: 0.040000, bitrate: N/A
  Stream #0:0: Video: hevc (Main), yuv420p(tv), 1920x1080, 18 fps, 25 tbr, 90k tbn, start 0.040000
[2026-06-03T08:38:27.912Z] [INFO] [FFMPEG] Stream mapping:
  Stream #0:0 -> #0:0 (hevc (native) -> h264 (libx264))
  Stream #0:0 -> #1:0 (hevc (native) -> h264 (libx264))
[2026-06-03T08:38:27.912Z] [INFO] [FFMPEG] Press [q] to stop, [?] for help
[2026-06-03T08:38:27.936Z] [INFO] [FFMPEG] [libx264 @ 0000022081ed89c0] using cpu capabilities: MMX2 SSE2Fast SSSE3 SSE4.2 AVX FMA3 BMI2 AVX2
[libx264 @ 0000022081fd9f40] using cpu capabilities: MMX2 SSE2Fast SSSE3 SSE4.2 AVX FMA3 BMI2 AVX2
[2026-06-03T08:38:27.941Z] [INFO] [FFMPEG] [libx264 @ 0000022081fd9f40] profile High, level 4.0, 4:2:0, 8-bit
[libx264 @ 0000022081fd9f40]
[2026-06-03T08:38:27.941Z] [INFO] [FFMPEG] 264 - core 165 - H.264/MPEG-4 AVC codec - Copyleft 2003-2025 - http://www.videolan.org/x264.html - options: cabac=1 ref=1 deblock=1:0:0 analyse=0x3:0x113 me=hex subme=2 psy=1 psy_rd=1.00:0.00 mixed_ref=0 me_range=16 chroma_me=1 trellis=0 8x8dct=1 cqm=0 deadzone=21,11 fast_pskip=1 chroma_qp_offset=0 threads=30 lookahead_threads=8 sliced_threads=0 nr=0 decimate=1 interlaced=0 bluray_compat=0 constrained_intra=0 bframes=3 b_pyramid=2 b_adapt=1 b_bias=0 direct=1 weightb=1 open_gop=0 weightp=1 keyint=250 keyint_min=25 scenecut=40 intra_refresh=0 rc_lookahead=10 rc=crf mbtree=1 crf=23.0 qcomp=0.60 qpmin=0 qpmax=69 qpstep=4 ip_ratio=1.40 aq=1:1.00
[libx264 @ 0000022081ed89c0] profile High, level 4.0, 4:2:0, 8-bit
[libx264 @ 0000022081ed89c0] 264 - core 165 - H.264/MPEG-4 AVC codec - Copyleft 2003-2025 - http://www.videolan.org/x264.html - options: cabac=1 ref=1 deblock=1:0:0 analyse=0x3:0x113 me=hex subme=2 psy=1 psy_rd=1.00:0.00 mixed_ref=0 me_range=16 chroma_me=1 trellis=0 8x8dct=1 cqm=0 deadzone=21,11 fast_pskip=1 chroma_qp_offset=0 threads=30 lookahead_threads=8 sliced_threads=0 nr=0 decimate=1 interlaced=0 bluray_compat=0 constrained_intra=0 bframes=3 b_pyramid=2 b_adapt=1 b_bias=0 direct=1 weightb=1 open_gop=0 weightp=1 keyint=250 keyint_min=25 scenecut=40 intra_refresh=0 rc_lookahead=10 rc=crf mbtree=1 crf=23.0 qcomp=0.60 qpmin=0 qpmax=69 qpstep=4 ip_ratio=1.40 aq=1:1.00
[segment @ 0000022082052b80] Opening '//192.168.19.189/encova/cam01/2026/06/03/15-38-27.mp4' for writing
[2026-06-03T08:38:27.951Z] [INFO] [FFMPEG] Output #1, segment, to '//192.168.19.189/encova/cam01/%Y/%m/%d/%H-%M-%S.mp4':
  Metadata:
    encoder         : Lavf62.13.101
  Stream #1:0: Video: h264, yuv420p(tv, progressive), 1920x1080, q=2-31, 25 fps, 12800 tbn
    Metadata:
      encoder         : Lavc62.29.101 libx264
    Side data:
      CPB properties: bitrate max/min/avg: 0/0/0 buffer size: 0 vbv_delay: N/A
[2026-06-03T08:38:27.952Z] [INFO] [FFMPEG] Output #0, flv, to 'rtmp://127.0.0.1/live/stream':
  Metadata:
    encoder         : Lavf62.13.101
  Stream #0:0: Video: h264 ([7][0][0][0] / 0x0007), yuv420p(tv, progressive), 1920x1080, q=2-31, 25 fps, 1k tbn
    Metadata:
      encoder         : Lavc62.29.101 libx264
    Side data:
      CPB properties: bitrate max/min/avg: 0/0/0 buffer size: 0 vbv_delay: N/A
[2026-06-03T08:38:28.432Z] [INFO] [FFMPEG] frame=    0 fps=0.0 q=0.0 q=0.0 size=       0KiB time=N/A bitrate=N/A speed=N/A elapsed=0:00:00.51
[2026-06-03T08:38:28.947Z] [INFO] [FFMPEG] frame=    0 fps=0.0 q=0.0 q=0.0 size=       0KiB time=N/A bitrate=N/A speed=N/A elapsed=0:00:01.03
[2026-06-03T08:38:29.483Z] [INFO] [FFMPEG] frame=    0 fps=0.0 q=0.0 q=28.0 size=       0KiB time=00:00:00.00 bitrate=N/A speed=   0x elapsed=0:00:01.54
[2026-06-03T08:38:29.974Z] [INFO] [FFMPEG] frame=    0 fps=0.0 q=0.0 q=28.0 size=       0KiB time=00:00:00.48 bitrate=   0.0kbits/s speed=0.233x elapsed=0:00:02.06
[2026-06-03T08:38:30.489Z] [INFO] [FFMPEG] frame=    9 fps=3.5 q=28.0 q=28.0 size=     156KiB time=00:00:01.04 bitrate=1230.8kbits/s speed=0.404x elapsed=0:00:02.57
[2026-06-03T08:38:31.003Z] [INFO] [FFMPEG] frame=   18 fps=5.8 q=28.0 q=28.0 size=     179KiB time=00:00:01.52 bitrate= 964.2kbits/s speed=0.492x elapsed=0:00:03.09
[2026-06-03T08:38:31.530Z] [INFO] [FFMPEG] frame=   27 fps=7.5 q=28.0 q=28.0 size=     265KiB time=00:00:02.04 bitrate=1065.7kbits/s speed=0.564x elapsed=0:00:03.61
[2026-06-03T08:38:32.043Z] [INFO] [FFMPEG] frame=   37 fps=9.0 q=26.0 q=28.0 size=     323KiB time=00:00:02.60 bitrate=1016.1kbits/s speed=0.629x elapsed=0:00:04.13
[2026-06-03T08:38:32.556Z] [INFO] [FFMPEG] frame=   46 fps=9.9 q=27.0 q=28.0 size=     364KiB time=00:00:03.08 bitrate= 967.3kbits/s speed=0.663x elapsed=0:00:04.64
[2026-06-03T08:38:33.079Z] [INFO] [FFMPEG] frame=   56 fps= 11 q=27.0 q=28.0 size=     423KiB time=00:00:03.64 bitrate= 951.7kbits/s speed=0.704x elapsed=0:00:05.16
[2026-06-03T08:38:33.606Z] [INFO] [FFMPEG] frame=   65 fps= 11 q=26.0 q=28.0 size=     450KiB time=00:00:04.16 bitrate= 885.9kbits/s speed=0.731x elapsed=0:00:05.69
[2026-06-03T08:38:34.120Z] [INFO] [FFMPEG] frame=   74 fps= 12 q=27.0 q=28.0 size=     517KiB time=00:00:04.64 bitrate= 912.5kbits/s speed=0.747x elapsed=0:00:06.20
[2026-06-03T08:38:34.628Z] [INFO] [FFMPEG] frame=   83 fps= 12 q=26.0 q=28.0 size=     549KiB time=00:00:05.16 bitrate= 872.2kbits/s speed=0.768x elapsed=0:00:06.71
[2026-06-03T08:38:35.155Z] [INFO] [FFMPEG] frame=   93 fps= 13 q=28.0 q=28.0 size=     609KiB time=00:00:05.72 bitrate= 871.6kbits/s speed=0.79x elapsed=0:00:07.24
[2026-06-03T08:38:35.672Z] [INFO] [FFMPEG] frame=  102 fps= 13 q=26.0 q=28.0 size=     655KiB time=00:00:06.20 bitrate= 865.8kbits/s speed=0.799x elapsed=0:00:07.75
[2026-06-03T08:38:36.183Z] [INFO] [FFMPEG] frame=  111 fps= 13 q=26.0 q=28.0 size=     708KiB time=00:00:06.72 bitrate= 862.7kbits/s speed=0.812x elapsed=0:00:08.27
[2026-06-03T08:38:36.699Z] [INFO] [FFMPEG] frame=  120 fps= 14 q=26.0 q=28.0 size=     745KiB time=00:00:07.20 bitrate= 847.1kbits/s speed=0.819x elapsed=0:00:08.78
[2026-06-03T08:38:37.210Z] [INFO] [FFMPEG] frame=  130 fps= 14 q=27.0 q=28.0 size=     801KiB time=00:00:07.76 bitrate= 846.0kbits/s speed=0.835x elapsed=0:00:09.29
[2026-06-03T08:38:37.722Z] [INFO] [FFMPEG] frame=  139 fps= 14 q=28.0 q=28.0 size=     844KiB time=00:00:08.24 bitrate= 839.5kbits/s speed=0.84x elapsed=0:00:09.80
[2026-06-03T08:38:38.251Z] [INFO] [FFMPEG] frame=  148 fps= 14 q=26.0 q=28.0 size=     893KiB time=00:00:08.76 bitrate= 834.9kbits/s speed=0.847x elapsed=0:00:10.33
[2026-06-03T08:38:38.752Z] [INFO] [FFMPEG] frame=  158 fps= 15 q=27.0 q=28.0 size=     940KiB time=00:00:09.32 bitrate= 825.8kbits/s speed=0.86x elapsed=0:00:10.84
[2026-06-03T08:38:39.278Z] [INFO] [FFMPEG] frame=  167 fps= 15 q=28.0 q=28.0 size=    1001KiB time=00:00:09.80 bitrate= 837.0kbits/s speed=0.862x elapsed=0:00:11.36
[2026-06-03T08:38:39.790Z] [INFO] [FFMPEG] frame=  176 fps= 15 q=28.0 q=28.0 size=    1030KiB time=00:00:10.32 bitrate= 817.3kbits/s speed=0.869x elapsed=0:00:11.87
[2026-06-03T08:38:40.301Z] [INFO] [FFMPEG] frame=  185 fps= 15 q=28.0 q=28.0 size=    1092KiB time=00:00:10.80 bitrate= 828.3kbits/s speed=0.872x elapsed=0:00:12.38
[2026-06-03T08:38:40.824Z] [INFO] [FFMPEG] frame=  195 fps= 15 q=27.0 q=28.0 size=    1128KiB time=00:00:11.36 bitrate= 813.6kbits/s speed=0.88x elapsed=0:00:12.91
[2026-06-03T08:38:41.340Z] [INFO] [FFMPEG] frame=  204 fps= 15 q=28.0 q=28.0 size=    1195KiB time=00:00:11.88 bitrate= 824.3kbits/s speed=0.885x elapsed=0:00:13.42
[2026-06-03T08:38:41.849Z] [INFO] [FFMPEG] frame=  213 fps= 15 q=28.0 q=28.0 size=    1222KiB time=00:00:12.36 bitrate= 809.8kbits/s speed=0.887x elapsed=0:00:13.93
[2026-06-03T08:38:42.361Z] [INFO] [FFMPEG] frame=  223 fps= 15 q=26.0 q=28.0 size=    1310KiB time=00:00:12.92 bitrate= 830.4kbits/s speed=0.894x elapsed=0:00:14.44
[2026-06-03T08:38:42.887Z] [INFO] [FFMPEG] frame=  232 fps= 15 q=28.0 q=28.0 size=    1329KiB time=00:00:13.44 bitrate= 810.1kbits/s speed=0.897x elapsed=0:00:14.97
[2026-06-03T08:38:43.402Z] [INFO] [FFMPEG] frame=  241 fps= 16 q=26.0 q=28.0 size=    1396KiB time=00:00:13.92 bitrate= 821.4kbits/s speed=0.899x elapsed=0:00:15.48
[2026-06-03T08:38:43.914Z] [INFO] [FFMPEG] frame=  251 fps= 16 q=28.0 q=28.0 size=    1438KiB time=00:00:14.48 bitrate= 813.3kbits/s speed=0.905x elapsed=0:00:16.00
[2026-06-03T08:38:44.430Z] [INFO] [FFMPEG] frame=  260 fps= 16 q=27.0 q=28.0 size=    1657KiB time=00:00:15.00 bitrate= 905.0kbits/s speed=0.908x elapsed=0:00:16.51
[2026-06-03T08:38:44.944Z] [INFO] [FFMPEG] frame=  269 fps= 16 q=28.0 q=28.0 size=    1691KiB time=00:00:15.48 bitrate= 895.0kbits/s speed=0.909x elapsed=0:00:17.03
[2026-06-03T08:38:45.458Z] [INFO] [FFMPEG] frame=  278 fps= 16 q=28.0 q=28.0 size=    1757KiB time=00:00:16.00 bitrate= 899.3kbits/s speed=0.912x elapsed=0:00:17.54
[2026-06-03T08:38:45.973Z] [INFO] [FFMPEG] frame=  287 fps= 16 q=28.0 q=28.0 size=    1787KiB time=00:00:16.48 bitrate= 888.3kbits/s speed=0.912x elapsed=0:00:18.06
[2026-06-03T08:38:46.486Z] [INFO] [FFMPEG] frame=  297 fps= 16 q=26.0 q=28.0 size=    1853KiB time=00:00:17.04 bitrate= 890.9kbits/s speed=0.917x elapsed=0:00:18.57
[2026-06-03T08:38:47.012Z] [INFO] [FFMPEG] frame=  307 fps= 16 q=26.0 q=28.0 size=    1909KiB time=00:00:17.56 bitrate= 890.4kbits/s speed=0.919x elapsed=0:00:19.10
[2026-06-03T08:38:47.521Z] [INFO] [FFMPEG] frame=  315 fps= 16 q=28.0 q=28.0 size=    1953KiB time=00:00:18.04 bitrate= 886.8kbits/s speed=0.92x elapsed=0:00:19.60
[2026-06-03T08:38:48.048Z] [INFO] [FFMPEG] frame=  325 fps= 16 q=28.0 q=28.0 size=    1995KiB time=00:00:18.60 bitrate= 878.6kbits/s speed=0.924x elapsed=0:00:20.13
[2026-06-03T08:38:48.578Z] [INFO] [FFMPEG] frame=  334 fps= 16 q=27.0 q=28.0 size=    2042KiB time=00:00:19.08 bitrate= 876.8kbits/s speed=0.923x elapsed=0:00:20.66
[2026-06-03T08:38:49.090Z] [INFO] [FFMPEG] frame=  344 fps= 16 q=27.0 q=28.0 size=    2106KiB time=00:00:19.64 bitrate= 878.3kbits/s speed=0.927x elapsed=0:00:21.17
[2026-06-03T08:38:49.602Z] [INFO] [FFMPEG] frame=  353 fps= 16 q=26.0 q=28.0 size=    2151KiB time=00:00:20.16 bitrate= 874.1kbits/s speed=0.929x elapsed=0:00:21.68
[2026-06-03T08:38:50.113Z] [INFO] [FFMPEG] frame=  362 fps= 16 q=27.0 q=28.0 size=    2212KiB time=00:00:20.64 bitrate= 877.8kbits/s speed=0.93x elapsed=0:00:22.20
[2026-06-03T08:38:50.638Z] [INFO] [FFMPEG] frame=  372 fps= 16 q=27.0 q=28.0 size=    2227KiB time=00:00:21.20 bitrate= 860.6kbits/s speed=0.933x elapsed=0:00:22.72
[2026-06-03T08:38:51.146Z] [INFO] [FFMPEG] frame=  380 fps= 16 q=27.0 q=28.0 size=    2287KiB time=00:00:21.64 bitrate= 865.8kbits/s speed=0.931x elapsed=0:00:23.23
[2026-06-03T08:38:51.661Z] [INFO] [FFMPEG] frame=  390 fps= 16 q=26.0 q=28.0 size=    2328KiB time=00:00:22.20 bitrate= 859.1kbits/s speed=0.935x elapsed=0:00:23.74
[2026-06-03T08:38:52.174Z] [INFO] [FFMPEG] frame=  399 fps= 16 q=28.0 q=28.0 size=    2404KiB time=00:00:22.72 bitrate= 866.9kbits/s speed=0.936x elapsed=0:00:24.26
[2026-06-03T08:38:52.701Z] [INFO] [FFMPEG] frame=  409 fps= 16 q=27.0 q=28.0 size=    2417KiB time=00:00:23.24 bitrate= 851.9kbits/s speed=0.938x elapsed=0:00:24.78
[2026-06-03T08:38:53.215Z] [INFO] [FFMPEG] frame=  418 fps= 17 q=27.0 q=28.0 size=    2455KiB time=00:00:23.76 bitrate= 846.6kbits/s speed=0.939x elapsed=0:00:25.30
[2026-06-03T08:38:53.730Z] [INFO] [FFMPEG] frame=  427 fps= 17 q=28.0 q=28.0 size=    2508KiB time=00:00:24.24 bitrate= 847.5kbits/s speed=0.939x elapsed=0:00:25.81
[2026-06-03T08:38:54.243Z] [INFO] [FFMPEG] frame=  436 fps= 17 q=26.0 q=28.0 size=    2568KiB time=00:00:24.76 bitrate= 849.8kbits/s speed=0.94x elapsed=0:00:26.33
[2026-06-03T08:38:54.755Z] [INFO] [FFMPEG] frame=  446 fps= 17 q=27.0 q=28.0 size=    2582KiB time=00:00:25.32 bitrate= 835.2kbits/s speed=0.943x elapsed=0:00:26.84
[2026-06-03T08:38:55.272Z] [INFO] [FFMPEG] frame=  455 fps= 17 q=27.0 q=28.0 size=    2646KiB time=00:00:25.76 bitrate= 841.5kbits/s speed=0.942x elapsed=0:00:27.35
[2026-06-03T08:38:55.782Z] [INFO] [FFMPEG] frame=  464 fps= 17 q=27.0 q=28.0 size=    2684KiB time=00:00:26.32 bitrate= 835.3kbits/s speed=0.944x elapsed=0:00:27.87
[2026-06-03T08:38:56.313Z] [INFO] [FFMPEG] frame=  474 fps= 17 q=28.0 q=28.0 size=    2756KiB time=00:00:26.88 bitrate= 839.8kbits/s speed=0.946x elapsed=0:00:28.40
[2026-06-03T08:38:56.826Z] [INFO] [FFMPEG] frame=  483 fps= 17 q=27.0 q=28.0 size=    2790KiB time=00:00:27.36 bitrate= 835.3kbits/s speed=0.946x elapsed=0:00:28.91
[2026-06-03T08:38:57.338Z] [INFO] [FFMPEG] frame=  492 fps= 17 q=28.0 q=28.0 size=    2849KiB time=00:00:27.88 bitrate= 837.1kbits/s speed=0.947x elapsed=0:00:29.42
[2026-06-03T08:38:57.852Z] [INFO] [FFMPEG] frame=  501 fps= 17 q=27.0 q=28.0 size=    2878KiB time=00:00:28.36 bitrate= 831.2kbits/s speed=0.947x elapsed=0:00:29.94
[2026-06-03T08:38:58.361Z] [INFO] [FFMPEG] frame=  511 fps= 17 q=26.0 q=28.0 size=    3082KiB time=00:00:28.92 bitrate= 873.0kbits/s speed=0.95x elapsed=0:00:30.44
[2026-06-03T08:38:58.890Z] [INFO] [FFMPEG] frame=  520 fps= 17 q=28.0 q=28.0 size=    3109KiB time=00:00:29.44 bitrate= 865.0kbits/s speed=0.95x elapsed=0:00:30.97
[2026-06-03T08:38:59.402Z] [INFO] [FFMPEG] frame=  529 fps= 17 q=26.0 q=28.0 size=    3177KiB time=00:00:29.92 bitrate= 869.8kbits/s speed=0.95x elapsed=0:00:31.48
[2026-06-03T08:38:59.911Z] [INFO] [FFMPEG] frame=  539 fps= 17 q=28.0 q=28.0 size=    3216KiB time=00:00:30.48 bitrate= 864.4kbits/s speed=0.953x elapsed=0:00:31.99
[2026-06-03T08:39:00.438Z] [INFO] [FFMPEG] frame=  548 fps= 17 q=28.0 q=28.0 size=    3285KiB time=00:00:31.00 bitrate= 868.1kbits/s speed=0.953x elapsed=0:00:32.52
[2026-06-03T08:39:00.948Z] [INFO] [FFMPEG] frame=  557 fps= 17 q=28.0 q=28.0 size=    3322KiB time=00:00:31.48 bitrate= 864.6kbits/s speed=0.953x elapsed=0:00:33.03
[2026-06-03T08:39:01.461Z] [INFO] [FFMPEG] frame=  566 fps= 17 q=27.0 q=28.0 size=    3377KiB time=00:00:32.00 bitrate= 864.6kbits/s speed=0.954x elapsed=0:00:33.54
[2026-06-03T08:39:01.973Z] [INFO] [FFMPEG] frame=  575 fps= 17 q=28.0 q=28.0 size=    3434KiB time=00:00:32.48 bitrate= 866.1kbits/s speed=0.954x elapsed=0:00:34.06
[2026-06-03T08:39:02.501Z] [INFO] [FFMPEG] frame=  585 fps= 17 q=26.0 q=28.0 size=    3491KiB time=00:00:33.04 bitrate= 865.6kbits/s speed=0.955x elapsed=0:00:34.58
[2026-06-03T08:39:03.012Z] [INFO] [FFMPEG] frame=  594 fps= 17 q=27.0 q=28.0 size=    3516KiB time=00:00:33.52 bitrate= 859.3kbits/s speed=0.955x elapsed=0:00:35.10
[2026-06-03T08:39:03.525Z] [INFO] [FFMPEG] frame=  603 fps= 17 q=28.0 q=28.0 size=    3592KiB time=00:00:34.04 bitrate= 864.4kbits/s speed=0.956x elapsed=0:00:35.61
[2026-06-03T08:39:04.037Z] [INFO] [FFMPEG] frame=  613 fps= 17 q=26.0 q=28.0 size=    3654KiB time=00:00:34.60 bitrate= 865.2kbits/s speed=0.958x elapsed=0:00:36.12
[2026-06-03T08:39:04.553Z] [INFO] [FFMPEG] frame=  622 fps= 17 q=27.0 q=28.0 size=    3705KiB time=00:00:35.08 bitrate= 865.2kbits/s speed=0.957x elapsed=0:00:36.64
[2026-06-03T08:39:05.064Z] [INFO] [FFMPEG] frame=  632 fps= 17 q=27.0 q=28.0 size=    3754KiB time=00:00:35.64 bitrate= 862.9kbits/s speed=0.959x elapsed=0:00:37.15
[2026-06-03T08:39:05.592Z] [INFO] [FFMPEG] frame=  640 fps= 17 q=27.0 q=28.0 size=    3802KiB time=00:00:36.08 bitrate= 863.3kbits/s speed=0.958x elapsed=0:00:37.68
[2026-06-03T08:39:06.103Z] [INFO] [FFMPEG] frame=  650 fps= 17 q=27.0 q=28.0 size=    3881KiB time=00:00:36.64 bitrate= 867.8kbits/s speed=0.959x elapsed=0:00:38.19
[2026-06-03T08:39:06.615Z] [INFO] [FFMPEG] frame=  659 fps= 17 q=28.0 q=28.0 size=    3914KiB time=00:00:37.16 bitrate= 862.8kbits/s speed=0.96x elapsed=0:00:38.70
[2026-06-03T08:39:07.138Z] [INFO] [FFMPEG] frame=  668 fps= 17 q=27.0 q=28.0 size=    3976KiB time=00:00:37.64 bitrate= 865.4kbits/s speed=0.96x elapsed=0:00:39.22
[2026-06-03T08:39:07.652Z] [INFO] [FFMPEG] frame=  678 fps= 17 q=27.0 q=28.0 size=    4020KiB time=00:00:38.20 bitrate= 862.1kbits/s speed=0.961x elapsed=0:00:39.73
[2026-06-03T08:39:08.164Z] [INFO] [FFMPEG] frame=  687 fps= 17 q=28.0 q=28.0 size=    4072KiB time=00:00:38.72 bitrate= 861.5kbits/s speed=0.962x elapsed=0:00:40.25
[2026-06-03T08:39:08.679Z] [INFO] [FFMPEG] frame=  696 fps= 17 q=26.0 q=28.0 size=    4101KiB time=00:00:39.20 bitrate= 857.0kbits/s speed=0.962x elapsed=0:00:40.76
[2026-06-03T08:39:09.193Z] [INFO] [FFMPEG] frame=  705 fps= 17 q=28.0 q=28.0 size=    4174KiB time=00:00:39.72 bitrate= 860.8kbits/s speed=0.962x elapsed=0:00:41.28
[2026-06-03T08:39:09.708Z] [INFO] [FFMPEG] frame=  715 fps= 17 q=28.0 q=28.0 size=    4185KiB time=00:00:40.24 bitrate= 852.0kbits/s speed=0.963x elapsed=0:00:41.79
[2026-06-03T08:39:10.222Z] [INFO] [FFMPEG] frame=  724 fps= 17 q=26.0 q=28.0 size=    4231KiB time=00:00:40.76 bitrate= 850.3kbits/s speed=0.963x elapsed=0:00:42.31
[2026-06-03T08:39:10.747Z] [INFO] [FFMPEG] frame=  734 fps= 17 q=27.0 q=28.0 size=    4283KiB time=00:00:41.32 bitrate= 849.2kbits/s speed=0.965x elapsed=0:00:42.83
[2026-06-03T08:39:11.258Z] [INFO] [FFMPEG] frame=  743 fps= 17 q=27.0 q=28.0 size=    4346KiB time=00:00:41.76 bitrate= 852.5kbits/s speed=0.963x elapsed=0:00:43.34
[2026-06-03T08:39:11.774Z] [INFO] [FFMPEG] frame=  752 fps= 17 q=27.0 q=28.0 size=    4513KiB time=00:00:42.32 bitrate= 873.5kbits/s speed=0.965x elapsed=0:00:43.86
[2026-06-03T08:39:12.282Z] [INFO] [FFMPEG] frame=  761 fps= 17 q=27.0 q=28.0 size=    4586KiB time=00:00:42.80 bitrate= 877.8kbits/s speed=0.965x elapsed=0:00:44.37
[2026-06-03T08:39:12.807Z] [INFO] [FFMPEG] frame=  771 fps= 17 q=28.0 q=28.0 size=    4628KiB time=00:00:43.36 bitrate= 874.4kbits/s speed=0.966x elapsed=0:00:44.89
[2026-06-03T08:39:13.322Z] [INFO] [FFMPEG] frame=  780 fps= 17 q=27.0 q=28.0 size=    4689KiB time=00:00:43.88 bitrate= 875.4kbits/s speed=0.966x elapsed=0:00:45.40
[2026-06-03T08:39:13.844Z] [INFO] [FFMPEG] frame=  789 fps= 17 q=28.0 q=28.0 size=    4719KiB time=00:00:44.36 bitrate= 871.5kbits/s speed=0.966x elapsed=0:00:45.93
[2026-06-03T08:39:14.356Z] [INFO] [FFMPEG] frame=  799 fps= 17 q=26.0 q=28.0 size=    4784KiB time=00:00:44.92 bitrate= 872.5kbits/s speed=0.967x elapsed=0:00:46.44
[2026-06-03T08:39:14.869Z] [INFO] [FFMPEG] frame=  808 fps= 17 q=28.0 q=28.0 size=    4814KiB time=00:00:45.44 bitrate= 867.8kbits/s speed=0.968x elapsed=0:00:46.95
[2026-06-03T08:39:15.382Z] [INFO] [FFMPEG] frame=  817 fps= 17 q=27.0 q=28.0 size=    4888KiB time=00:00:45.92 bitrate= 872.0kbits/s speed=0.967x elapsed=0:00:47.46
[2026-06-03T08:39:15.895Z] [INFO] [FFMPEG] frame=  826 fps= 17 q=28.0 q=28.0 size=    4911KiB time=00:00:46.44 bitrate= 866.3kbits/s speed=0.968x elapsed=0:00:47.98
[2026-06-03T08:39:16.421Z] [INFO] [FFMPEG] frame=  835 fps= 17 q=26.0 q=28.0 size=    4975KiB time=00:00:46.92 bitrate= 868.7kbits/s speed=0.967x elapsed=0:00:48.50
[2026-06-03T08:39:16.933Z] [INFO] [FFMPEG] frame=  845 fps= 17 q=26.0 q=28.0 size=    5017KiB time=00:00:47.48 bitrate= 865.6kbits/s speed=0.969x elapsed=0:00:49.02
[2026-06-03T08:39:17.450Z] [INFO] [FFMPEG] frame=  854 fps= 17 q=27.0 q=28.0 size=    5064KiB time=00:00:48.00 bitrate= 864.2kbits/s speed=0.969x elapsed=0:00:49.53
[2026-06-03T08:39:17.962Z] [INFO] [FFMPEG] frame=  863 fps= 17 q=28.0 q=28.0 size=    5097KiB time=00:00:48.48 bitrate= 861.3kbits/s speed=0.969x elapsed=0:00:50.04
[2026-06-03T08:39:18.476Z] [INFO] [FFMPEG] frame=  872 fps= 17 q=27.0 q=28.0 size=    5162KiB time=00:00:49.00 bitrate= 863.0kbits/s speed=0.969x elapsed=0:00:50.56
[2026-06-03T08:39:18.989Z] [INFO] [FFMPEG] frame=  882 fps= 17 q=28.0 q=28.0 size=    5190KiB time=00:00:49.52 bitrate= 858.6kbits/s speed=0.97x elapsed=0:00:51.07
[2026-06-03T08:39:19.502Z] [INFO] [FFMPEG] frame=  891 fps= 17 q=28.0 q=28.0 size=    5276KiB time=00:00:50.04 bitrate= 863.7kbits/s speed=0.97x elapsed=0:00:51.58
[2026-06-03T08:39:20.027Z] [INFO] [FFMPEG] frame=  901 fps= 17 q=26.0 q=28.0 size=    5339KiB time=00:00:50.60 bitrate= 864.4kbits/s speed=0.971x elapsed=0:00:52.11
[2026-06-03T08:39:20.539Z] [INFO] [FFMPEG] frame=  909 fps= 17 q=28.0 q=28.0 size=    5379KiB time=00:00:51.04 bitrate= 863.4kbits/s speed=0.97x elapsed=0:00:52.62
[2026-06-03T08:39:21.052Z] [INFO] [FFMPEG] frame=  919 fps= 17 q=26.0 q=28.0 size=    5442KiB time=00:00:51.60 bitrate= 863.9kbits/s speed=0.971x elapsed=0:00:53.14
[2026-06-03T08:39:21.579Z] [INFO] [FFMPEG] frame=  928 fps= 17 q=27.0 q=28.0 size=    5458KiB time=00:00:52.08 bitrate= 858.5kbits/s speed=0.97x elapsed=0:00:53.66
[2026-06-03T08:39:22.090Z] [INFO] [FFMPEG] frame=  938 fps= 17 q=27.0 q=28.0 size=    5521KiB time=00:00:52.64 bitrate= 859.1kbits/s speed=0.972x elapsed=0:00:54.17
[2026-06-03T08:39:22.598Z] [INFO] [FFMPEG] frame=  947 fps= 17 q=26.0 q=28.0 size=    5556KiB time=00:00:53.16 bitrate= 856.2kbits/s speed=0.972x elapsed=0:00:54.68
[2026-06-03T08:39:23.111Z] [INFO] [FFMPEG] frame=  956 fps= 17 q=27.0 q=28.0 size=    5624KiB time=00:00:53.64 bitrate= 858.9kbits/s speed=0.972x elapsed=0:00:55.19
[2026-06-03T08:39:23.639Z] [INFO] [FFMPEG] frame=  966 fps= 17 q=26.0 q=28.0 size=    5639KiB time=00:00:54.20 bitrate= 852.3kbits/s speed=0.973x elapsed=0:00:55.72
[2026-06-03T08:39:24.151Z] [INFO] [FFMPEG] frame=  974 fps= 17 q=26.0 q=28.0 size=    5677KiB time=00:00:54.64 bitrate= 851.1kbits/s speed=0.972x elapsed=0:00:56.23
[2026-06-03T08:39:24.666Z] [INFO] [FFMPEG] frame=  984 fps= 17 q=26.0 q=28.0 size=    5744KiB time=00:00:55.20 bitrate= 852.5kbits/s speed=0.973x elapsed=0:00:56.75
[2026-06-03T08:39:25.177Z] [INFO] [FFMPEG] frame=  993 fps= 17 q=28.0 q=28.0 size=    5798KiB time=00:00:55.72 bitrate= 852.4kbits/s speed=0.973x elapsed=0:00:57.26
[2026-06-03T08:39:25.700Z] [INFO] [FFMPEG] frame= 1002 fps= 17 q=26.0 q=28.0 size=    6021KiB time=00:00:56.20 bitrate= 877.7kbits/s speed=0.973x elapsed=0:00:57.78
[2026-06-03T08:39:26.213Z] [INFO] [FFMPEG] frame= 1012 fps= 17 q=27.0 q=28.0 size=    6083KiB time=00:00:56.76 bitrate= 877.9kbits/s speed=0.974x elapsed=0:00:58.30
[2026-06-03T08:39:26.724Z] [INFO] [FFMPEG] frame= 1021 fps= 17 q=28.0 q=28.0 size=    6124KiB time=00:00:57.24 bitrate= 876.4kbits/s speed=0.973x elapsed=0:00:58.81
[2026-06-03T08:39:27.236Z] [INFO] [FFMPEG] frame= 1030 fps= 17 q=27.0 q=28.0 size=    6170KiB time=00:00:57.76 bitrate= 875.1kbits/s speed=0.974x elapsed=0:00:59.32
[2026-06-03T08:39:27.763Z] [INFO] [FFMPEG] frame= 1040 fps= 17 q=27.0 q=28.0 size=    6214KiB time=00:00:58.32 bitrate= 872.9kbits/s speed=0.974x elapsed=0:00:59.85
[2026-06-03T08:39:28.273Z] [INFO] [FFMPEG] frame= 1049 fps= 17 q=27.0 q=25.0 size=    6275KiB time=00:00:58.80 bitrate= 874.2kbits/s speed=0.974x elapsed=0:01:00.36
[2026-06-03T08:39:28.785Z] [INFO] [FFMPEG] frame= 1058 fps= 17 q=27.0 q=28.0 size=    6307KiB time=00:00:59.32 bitrate= 871.0kbits/s speed=0.974x elapsed=0:01:00.87
[2026-06-03T08:39:29.298Z] [INFO] [FFMPEG] frame= 1067 fps= 17 q=28.0 q=28.0 size=    6365KiB time=00:00:59.80 bitrate= 871.9kbits/s speed=0.974x elapsed=0:01:01.38
[2026-06-03T08:39:29.581Z] [INFO] [FFMPEG] [segment @ 0000022082052b80] Opening '//192.168.19.189/encova/cam01/2026/06/03/15-39-29.mp4' for writing
[2026-06-03T08:39:29.824Z] [INFO] [FFMPEG] frame= 1077 fps= 17 q=27.0 q=28.0 size=    6400KiB time=00:01:00.36 bitrate= 868.7kbits/s speed=0.975x elapsed=0:01:01.91
[2026-06-03T08:39:30.334Z] [INFO] [FFMPEG] frame= 1086 fps= 17 q=27.0 q=28.0 size=    6457KiB time=00:01:00.88 bitrate= 868.8kbits/s speed=0.975x elapsed=0:01:02.42
[2026-06-03T08:39:30.846Z] [INFO] [FFMPEG] frame= 1095 fps= 17 q=28.0 q=28.0 size=    6489KiB time=00:01:01.36 bitrate= 866.3kbits/s speed=0.975x elapsed=0:01:02.93
[2026-06-03T08:39:31.372Z] [INFO] [FFMPEG] frame= 1105 fps= 17 q=26.0 q=28.0 size=    6559KiB time=00:01:01.92 bitrate= 867.7kbits/s speed=0.976x elapsed=0:01:03.45
[2026-06-03T08:39:31.883Z] [INFO] [FFMPEG] frame= 1114 fps= 17 q=28.0 q=28.0 size=    6576KiB time=00:01:02.44 bitrate= 862.8kbits/s speed=0.976x elapsed=0:01:03.97
[2026-06-03T08:39:32.393Z] [INFO] [FFMPEG] frame= 1123 fps= 17 q=27.0 q=28.0 size=    6644KiB time=00:01:02.92 bitrate= 865.0kbits/s speed=0.976x elapsed=0:01:04.48
[2026-06-03T08:39:32.920Z] [INFO] [FFMPEG] frame= 1132 fps= 17 q=28.0 q=28.0 size=    6667KiB time=00:01:03.44 bitrate= 860.9kbits/s speed=0.976x elapsed=0:01:05.00
[2026-06-03T08:39:33.438Z] [INFO] [FFMPEG] frame= 1141 fps= 17 q=27.0 q=28.0 size=    6727KiB time=00:01:03.92 bitrate= 862.2kbits/s speed=0.975x elapsed=0:01:05.52
[2026-06-03T08:39:33.946Z] [INFO] [FFMPEG] frame= 1151 fps= 17 q=28.0 q=28.0 size=    6779KiB time=00:01:04.48 bitrate= 861.3kbits/s speed=0.976x elapsed=0:01:06.03
[2026-06-03T08:39:34.455Z] [INFO] [FFMPEG] frame= 1160 fps= 17 q=27.0 q=28.0 size=    6814KiB time=00:01:05.00 bitrate= 858.8kbits/s speed=0.977x elapsed=0:01:06.54
[2026-06-03T08:39:34.983Z] [INFO] [FFMPEG] frame= 1170 fps= 17 q=28.0 q=28.0 size=    6864KiB time=00:01:05.52 bitrate= 858.2kbits/s speed=0.977x elapsed=0:01:07.07
[2026-06-03T08:39:35.490Z] [INFO] [FFMPEG] frame= 1179 fps= 17 q=28.0 q=28.0 size=    6915KiB time=00:01:06.04 bitrate= 857.8kbits/s speed=0.977x elapsed=0:01:07.57
[2026-06-03T08:39:36.003Z] [INFO] [FFMPEG] frame= 1188 fps= 17 q=28.0 q=28.0 size=    6937KiB time=00:01:06.52 bitrate= 854.3kbits/s speed=0.977x elapsed=0:01:08.09
[2026-06-03T08:39:36.530Z] [INFO] [FFMPEG] frame= 1197 fps= 17 q=26.0 q=28.0 size=    7012KiB time=00:01:07.04 bitrate= 856.9kbits/s speed=0.977x elapsed=0:01:08.61
[2026-06-03T08:39:37.044Z] [INFO] [FFMPEG] frame= 1207 fps= 17 q=28.0 q=28.0 size=    7069KiB time=00:01:07.60 bitrate= 856.6kbits/s speed=0.978x elapsed=0:01:09.13
[2026-06-03T08:39:37.557Z] [INFO] [FFMPEG] frame= 1216 fps= 17 q=27.0 q=28.0 size=    7099KiB time=00:01:08.08 bitrate= 854.2kbits/s speed=0.978x elapsed=0:01:09.64
[2026-06-03T08:39:38.075Z] [INFO] [FFMPEG] frame= 1226 fps= 17 q=27.0 q=28.0 size=    7158KiB time=00:01:08.64 bitrate= 854.3kbits/s speed=0.978x elapsed=0:01:10.16
[2026-06-03T08:39:38.587Z] [INFO] [FFMPEG] frame= 1235 fps= 17 q=26.0 q=28.0 size=    7205KiB time=00:01:09.16 bitrate= 853.5kbits/s speed=0.979x elapsed=0:01:10.67
[2026-06-03T08:39:39.098Z] [INFO] [FFMPEG] frame= 1244 fps= 17 q=27.0 q=28.0 size=    7245KiB time=00:01:09.64 bitrate= 852.2kbits/s speed=0.978x elapsed=0:01:11.18
[2026-06-03T08:39:39.624Z] [INFO] [FFMPEG] frame= 1254 fps= 17 q=27.0 q=28.0 size=    7459KiB time=00:01:10.20 bitrate= 870.4kbits/s speed=0.979x elapsed=0:01:11.71
[2026-06-03T08:39:40.134Z] [INFO] [FFMPEG] frame= 1262 fps= 17 q=27.0 q=28.0 size=    7514KiB time=00:01:10.64 bitrate= 871.4kbits/s speed=0.978x elapsed=0:01:12.22
[2026-06-03T08:39:40.646Z] [INFO] [FFMPEG] frame= 1272 fps= 17 q=26.0 q=28.0 size=    7559KiB time=00:01:11.20 bitrate= 869.7kbits/s speed=0.979x elapsed=0:01:12.73
[2026-06-03T08:39:41.164Z] [INFO] [FFMPEG] frame= 1281 fps= 17 q=26.0 q=28.0 size=    7627KiB time=00:01:11.72 bitrate= 871.2kbits/s speed=0.979x elapsed=0:01:13.25
[2026-06-03T08:39:41.675Z] [INFO] [FFMPEG] frame= 1290 fps= 17 q=27.0 q=28.0 size=    7660KiB time=00:01:12.20 bitrate= 869.1kbits/s speed=0.979x elapsed=0:01:13.76
[2026-06-03T08:39:42.190Z] [INFO] [FFMPEG] frame= 1299 fps= 17 q=26.0 q=28.0 size=    7715KiB time=00:01:12.72 bitrate= 869.1kbits/s speed=0.979x elapsed=0:01:14.27
[2026-06-03T08:39:42.718Z] [INFO] [FFMPEG] frame= 1309 fps= 17 q=28.0 q=28.0 size=    7760KiB time=00:01:13.24 bitrate= 867.9kbits/s speed=0.979x elapsed=0:01:14.80
[2026-06-03T08:39:43.230Z] [INFO] [FFMPEG] frame= 1318 fps= 17 q=27.0 q=28.0 size=    7821KiB time=00:01:13.76 bitrate= 868.6kbits/s speed=0.979x elapsed=0:01:15.31
[2026-06-03T08:39:43.748Z] [INFO] [FFMPEG] frame= 1327 fps= 17 q=28.0 q=28.0 size=    7854KiB time=00:01:14.24 bitrate= 866.7kbits/s speed=0.979x elapsed=0:01:15.83
[2026-06-03T08:39:44.262Z] [INFO] [FFMPEG] frame= 1336 fps= 17 q=26.0 q=28.0 size=    7924KiB time=00:01:14.76 bitrate= 868.3kbits/s speed=0.979x elapsed=0:01:16.35
[2026-06-03T08:39:44.774Z] [INFO] [FFMPEG] frame= 1346 fps= 18 q=27.0 q=28.0 size=    7947KiB time=00:01:15.32 bitrate= 864.3kbits/s speed=0.98x elapsed=0:01:16.86
[2026-06-03T08:39:45.284Z] [INFO] [FFMPEG] frame= 1355 fps= 18 q=28.0 q=28.0 size=    8011KiB time=00:01:15.80 bitrate= 865.8kbits/s speed=0.98x elapsed=0:01:17.37
[2026-06-03T08:39:45.799Z] [INFO] [FFMPEG] frame= 1365 fps= 18 q=28.0 q=28.0 size=    8053KiB time=00:01:16.36 bitrate= 863.9kbits/s speed=0.98x elapsed=0:01:17.88
[2026-06-03T08:39:46.325Z] [INFO] [FFMPEG] frame= 1374 fps= 18 q=27.0 q=28.0 size=    8116KiB time=00:01:16.88 bitrate= 864.8kbits/s speed=0.98x elapsed=0:01:18.41
[2026-06-03T08:39:46.838Z] [INFO] [FFMPEG] frame= 1383 fps= 18 q=28.0 q=28.0 size=    8149KiB time=00:01:17.36 bitrate= 862.9kbits/s speed=0.98x elapsed=0:01:18.92
[2026-06-03T08:39:47.348Z] [INFO] [FFMPEG] frame= 1393 fps= 18 q=26.0 q=28.0 size=    8211KiB time=00:01:17.92 bitrate= 863.2kbits/s speed=0.981x elapsed=0:01:19.43
[2026-06-03T08:39:47.870Z] [INFO] [FFMPEG] frame= 1402 fps= 18 q=28.0 q=28.0 size=    8248KiB time=00:01:18.44 bitrate= 861.4kbits/s speed=0.981x elapsed=0:01:19.95
[2026-06-03T08:39:48.383Z] [INFO] [FFMPEG] frame= 1411 fps= 18 q=26.0 q=28.0 size=    8325KiB time=00:01:18.92 bitrate= 864.1kbits/s speed=0.981x elapsed=0:01:20.47
[2026-06-03T08:39:48.907Z] [INFO] [FFMPEG] frame= 1420 fps= 18 q=28.0 q=28.0 size=    8348KiB time=00:01:19.44 bitrate= 860.9kbits/s speed=0.981x elapsed=0:01:20.99
[2026-06-03T08:39:49.418Z] [INFO] [FFMPEG] frame= 1429 fps= 18 q=27.0 q=28.0 size=    8420KiB time=00:01:19.92 bitrate= 863.1kbits/s speed=0.981x elapsed=0:01:21.50
[2026-06-03T08:39:49.933Z] [INFO] [FFMPEG] frame= 1439 fps= 18 q=26.0 q=28.0 size=    8443KiB time=00:01:20.48 bitrate= 859.4kbits/s speed=0.981x elapsed=0:01:22.02
[2026-06-03T08:39:50.444Z] [INFO] [FFMPEG] frame= 1448 fps= 18 q=27.0 q=28.0 size=    8502KiB time=00:01:21.00 bitrate= 859.8kbits/s speed=0.981x elapsed=0:01:22.53
[2026-06-03T08:39:50.967Z] [INFO] [FFMPEG] frame= 1457 fps= 18 q=28.0 q=28.0 size=    8566KiB time=00:01:21.48 bitrate= 861.2kbits/s speed=0.981x elapsed=0:01:23.05
[2026-06-03T08:39:51.478Z] [INFO] [FFMPEG] frame= 1467 fps= 18 q=26.0 q=28.0 size=    8615KiB time=00:01:22.04 bitrate= 860.3kbits/s speed=0.982x elapsed=0:01:23.56
[2026-06-03T08:39:51.986Z] [INFO] [FFMPEG] frame= 1475 fps= 18 q=28.0 q=28.0 size=    8641KiB time=00:01:22.48 bitrate= 858.2kbits/s speed=0.981x elapsed=0:01:24.07
[2026-06-03T08:39:52.512Z] [INFO] [FFMPEG] frame= 1485 fps= 18 q=26.0 q=28.0 size=    8711KiB time=00:01:23.04 bitrate= 859.4kbits/s speed=0.982x elapsed=0:01:24.59
[2026-06-03T08:39:53.021Z] [INFO] [FFMPEG] frame= 1494 fps= 18 q=27.0 q=28.0 size=    8760KiB time=00:01:23.52 bitrate= 859.2kbits/s speed=0.981x elapsed=0:01:25.10
[2026-06-03T08:39:53.534Z] [INFO] [FFMPEG] frame= 1503 fps= 18 q=28.0 q=28.0 size=    9001KiB time=00:01:24.04 bitrate= 877.4kbits/s speed=0.982x elapsed=0:01:25.62
[2026-06-03T08:39:54.050Z] [INFO] [FFMPEG] frame= 1513 fps= 18 q=26.0 q=28.0 size=    9051KiB time=00:01:24.60 bitrate= 876.4kbits/s speed=0.982x elapsed=0:01:26.13
[2026-06-03T08:39:54.577Z] [INFO] [FFMPEG] frame= 1522 fps= 18 q=27.0 q=28.0 size=    9101KiB time=00:01:25.08 bitrate= 876.3kbits/s speed=0.982x elapsed=0:01:26.66
[2026-06-03T08:39:55.090Z] [INFO] [FFMPEG] frame= 1532 fps= 18 q=27.0 q=28.0 size=    9176KiB time=00:01:25.64 bitrate= 877.8kbits/s speed=0.982x elapsed=0:01:27.17
[2026-06-03T08:39:55.600Z] [INFO] [FFMPEG] frame= 1541 fps= 18 q=26.0 q=28.0 size=    9189KiB time=00:01:26.16 bitrate= 873.7kbits/s speed=0.983x elapsed=0:01:27.68
[2026-06-03T08:39:56.125Z] [INFO] [FFMPEG] frame= 1550 fps= 18 q=27.0 q=28.0 size=    9238KiB time=00:01:26.64 bitrate= 873.5kbits/s speed=0.982x elapsed=0:01:28.21
[2026-06-03T08:39:56.641Z] [INFO] [FFMPEG] frame= 1560 fps= 18 q=26.0 q=28.0 size=    9296KiB time=00:01:27.20 bitrate= 873.4kbits/s speed=0.983x elapsed=0:01:28.72
[2026-06-03T08:39:57.150Z] [INFO] [FFMPEG] frame= 1568 fps= 18 q=27.0 q=28.0 size=    9355KiB time=00:01:27.64 bitrate= 874.4kbits/s speed=0.982x elapsed=0:01:29.23
[2026-06-03T08:39:57.659Z] [INFO] [FFMPEG] frame= 1578 fps= 18 q=26.0 q=28.0 size=    9408KiB time=00:01:28.20 bitrate= 873.8kbits/s speed=0.983x elapsed=0:01:29.74
[2026-06-03T08:39:58.188Z] [INFO] [FFMPEG] frame= 1587 fps= 18 q=26.0 q=28.0 size=    9468KiB time=00:01:28.72 bitrate= 874.3kbits/s speed=0.983x elapsed=0:01:30.27
[2026-06-03T08:39:58.699Z] [INFO] [FFMPEG] frame= 1596 fps= 18 q=26.0 q=28.0 size=    9507KiB time=00:01:29.20 bitrate= 873.1kbits/s speed=0.983x elapsed=0:01:30.78
[2026-06-03T08:39:59.208Z] [INFO] [FFMPEG] frame= 1606 fps= 18 q=27.0 q=28.0 size=    9557KiB time=00:01:29.76 bitrate= 872.2kbits/s speed=0.983x elapsed=0:01:31.29
[2026-06-03T08:39:59.722Z] [INFO] [FFMPEG] frame= 1615 fps= 18 q=27.0 q=28.0 size=    9602KiB time=00:01:30.24 bitrate= 871.7kbits/s speed=0.983x elapsed=0:01:31.80
[2026-06-03T08:40:00.249Z] [INFO] [FFMPEG] frame= 1624 fps= 18 q=27.0 q=28.0 size=    9662KiB time=00:01:30.76 bitrate= 872.1kbits/s speed=0.983x elapsed=0:01:32.33
[2026-06-03T08:40:00.761Z] [INFO] [FFMPEG] frame= 1634 fps= 18 q=27.0 q=28.0 size=    9704KiB time=00:01:31.32 bitrate= 870.5kbits/s speed=0.984x elapsed=0:01:32.84
[2026-06-03T08:40:01.271Z] [INFO] [FFMPEG] frame= 1643 fps= 18 q=27.0 q=28.0 size=    9762KiB time=00:01:31.80 bitrate= 871.1kbits/s speed=0.983x elapsed=0:01:33.35
[2026-06-03T08:40:01.797Z] [INFO] [FFMPEG] frame= 1652 fps= 18 q=28.0 q=28.0 size=    9787KiB time=00:01:32.32 bitrate= 868.4kbits/s speed=0.983x elapsed=0:01:33.88
[2026-06-03T08:40:02.307Z] [INFO] [FFMPEG] frame= 1661 fps= 18 q=28.0 q=28.0 size=    9843KiB time=00:01:32.80 bitrate= 868.9kbits/s speed=0.983x elapsed=0:01:34.39
[2026-06-03T08:40:02.828Z] [INFO] [FFMPEG] frame= 1671 fps= 18 q=28.0 q=28.0 size=    9875KiB time=00:01:33.36 bitrate= 866.5kbits/s speed=0.984x elapsed=0:01:34.91
[2026-06-03T08:40:03.342Z] [INFO] [FFMPEG] frame= 1681 fps= 18 q=26.0 q=28.0 size=    9939KiB time=00:01:33.92 bitrate= 866.9kbits/s speed=0.984x elapsed=0:01:35.42
[2026-06-03T08:40:03.851Z] [INFO] [FFMPEG] frame= 1689 fps= 18 q=27.0 q=28.0 size=    9964KiB time=00:01:34.36 bitrate= 865.0kbits/s speed=0.984x elapsed=0:01:35.93
[2026-06-03T08:40:04.366Z] [INFO] [FFMPEG] frame= 1699 fps= 18 q=26.0 q=28.0 size=   10034KiB time=00:01:34.92 bitrate= 865.9kbits/s speed=0.984x elapsed=0:01:36.45
[2026-06-03T08:40:04.882Z] [INFO] [FFMPEG] frame= 1708 fps= 18 q=28.0 q=28.0 size=   10064KiB time=00:01:35.44 bitrate= 863.9kbits/s speed=0.984x elapsed=0:01:36.96
[2026-06-03T08:40:05.396Z] [INFO] [FFMPEG] frame= 1717 fps= 18 q=27.0 q=28.0 size=   10135KiB time=00:01:35.92 bitrate= 865.6kbits/s speed=0.984x elapsed=0:01:37.48
[2026-06-03T08:40:05.920Z] [INFO] [FFMPEG] frame= 1726 fps= 18 q=28.0 q=28.0 size=   10153KiB time=00:01:36.44 bitrate= 862.5kbits/s speed=0.984x elapsed=0:01:38.00
[2026-06-03T08:40:06.437Z] [INFO] [FFMPEG] frame= 1735 fps= 18 q=26.0 q=28.0 size=   10218KiB time=00:01:36.92 bitrate= 863.7kbits/s speed=0.984x elapsed=0:01:38.52
[2026-06-03T08:40:06.949Z] [INFO] [FFMPEG] frame= 1745 fps= 18 q=26.0 q=28.0 size=   10278KiB time=00:01:37.48 bitrate= 863.7kbits/s speed=0.984x elapsed=0:01:39.03
[2026-06-03T08:40:07.457Z] [INFO] [FFMPEG] frame= 1754 fps= 18 q=27.0 q=28.0 size=   10426KiB time=00:01:38.00 bitrate= 871.5kbits/s speed=0.984x elapsed=0:01:39.54
[2026-06-03T08:40:07.985Z] [INFO] [FFMPEG] frame= 1764 fps= 18 q=28.0 q=28.0 size=   10460KiB time=00:01:38.52 bitrate= 869.8kbits/s speed=0.984x elapsed=0:01:40.07
[2026-06-03T08:40:08.498Z] [INFO] [FFMPEG] frame= 1773 fps= 18 q=28.0 q=28.0 size=   10530KiB time=00:01:39.04 bitrate= 871.0kbits/s speed=0.985x elapsed=0:01:40.58
[2026-06-03T08:40:09.004Z] [INFO] [FFMPEG] frame= 1782 fps= 18 q=28.0 q=28.0 size=   10549KiB time=00:01:39.52 bitrate= 868.3kbits/s speed=0.984x elapsed=0:01:41.09
[2026-06-03T08:40:09.530Z] [INFO] [FFMPEG] frame= 1791 fps= 18 q=28.0 q=28.0 size=   10628KiB time=00:01:40.04 bitrate= 870.3kbits/s speed=0.984x elapsed=0:01:41.61
[2026-06-03T08:40:10.046Z] [INFO] [FFMPEG] frame= 1801 fps= 18 q=28.0 q=28.0 size=   10690KiB time=00:01:40.60 bitrate= 870.5kbits/s speed=0.985x elapsed=0:01:42.13
[2026-06-03T08:40:10.558Z] [INFO] [FFMPEG] frame= 1810 fps= 18 q=27.0 q=28.0 size=   10730KiB time=00:01:41.08 bitrate= 869.6kbits/s speed=0.985x elapsed=0:01:42.64
[2026-06-03T08:40:11.072Z] [INFO] [FFMPEG] frame= 1820 fps= 18 q=27.0 q=28.0 size=   10785KiB time=00:01:41.64 bitrate= 869.3kbits/s speed=0.985x elapsed=0:01:43.15
[2026-06-03T08:40:11.582Z] [INFO] [FFMPEG] frame= 1829 fps= 18 q=26.0 q=28.0 size=   10830KiB time=00:01:42.16 bitrate= 868.4kbits/s speed=0.985x elapsed=0:01:43.66
[2026-06-03T08:40:12.098Z] [INFO] [FFMPEG] frame= 1838 fps= 18 q=27.0 q=28.0 size=   10874KiB time=00:01:42.64 bitrate= 867.9kbits/s speed=0.985x elapsed=0:01:44.18
[2026-06-03T08:40:12.625Z] [INFO] [FFMPEG] frame= 1848 fps= 18 q=27.0 q=28.0 size=   10934KiB time=00:01:43.20 bitrate= 867.9kbits/s speed=0.986x elapsed=0:01:44.71
[2026-06-03T08:40:13.139Z] [INFO] [FFMPEG] frame= 1856 fps= 18 q=27.0 q=28.0 size=   10984KiB time=00:01:43.64 bitrate= 868.2kbits/s speed=0.985x elapsed=0:01:45.22
[2026-06-03T08:40:13.651Z] [INFO] [FFMPEG] frame= 1866 fps= 18 q=26.0 q=28.0 size=   11023KiB time=00:01:44.20 bitrate= 866.6kbits/s speed=0.985x elapsed=0:01:45.73
[2026-06-03T08:40:14.167Z] [INFO] [FFMPEG] frame= 1875 fps= 18 q=26.0 q=28.0 size=   11099KiB time=00:01:44.72 bitrate= 868.3kbits/s speed=0.986x elapsed=0:01:46.25
[2026-06-03T08:40:14.678Z] [INFO] [FFMPEG] frame= 1884 fps= 18 q=26.0 q=28.0 size=   11123KiB time=00:01:45.20 bitrate= 866.2kbits/s speed=0.985x elapsed=0:01:46.76
[2026-06-03T08:40:15.191Z] [INFO] [FFMPEG] frame= 1893 fps= 18 q=28.0 q=28.0 size=   11166KiB time=00:01:45.72 bitrate= 865.2kbits/s speed=0.985x elapsed=0:01:47.27
[2026-06-03T08:40:15.716Z] [INFO] [FFMPEG] frame= 1903 fps= 18 q=27.0 q=28.0 size=   11214KiB time=00:01:46.24 bitrate= 864.7kbits/s speed=0.985x elapsed=0:01:47.80
[2026-06-03T08:40:16.231Z] [INFO] [FFMPEG] frame= 1912 fps= 18 q=26.0 q=28.0 size=   11266KiB time=00:01:46.76 bitrate= 864.5kbits/s speed=0.986x elapsed=0:01:48.31
[2026-06-03T08:40:16.742Z] [INFO] [FFMPEG] frame= 1921 fps= 18 q=28.0 q=28.0 size=   11310KiB time=00:01:47.24 bitrate= 864.0kbits/s speed=0.985x elapsed=0:01:48.83
[2026-06-03T08:40:17.260Z] [INFO] [FFMPEG] frame= 1930 fps= 18 q=27.0 q=28.0 size=   11360KiB time=00:01:47.76 bitrate= 863.6kbits/s speed=0.985x elapsed=0:01:49.34
[2026-06-03T08:40:17.768Z] [INFO] [FFMPEG] frame= 1940 fps= 18 q=27.0 q=28.0 size=   11400KiB time=00:01:48.32 bitrate= 862.1kbits/s speed=0.986x elapsed=0:01:49.85
[2026-06-03T08:40:18.292Z] [INFO] [FFMPEG] frame= 1949 fps= 18 q=27.0 q=25.0 size=   11467KiB time=00:01:48.80 bitrate= 863.4kbits/s speed=0.986x elapsed=0:01:50.38
[2026-06-03T08:40:18.804Z] [INFO] [FFMPEG] frame= 1959 fps= 18 q=28.0 q=28.0 size=   11502KiB time=00:01:49.36 bitrate= 861.6kbits/s speed=0.986x elapsed=0:01:50.89
[2026-06-03T08:40:19.318Z] [INFO] [FFMPEG] frame= 1968 fps= 18 q=27.0 q=28.0 size=   11560KiB time=00:01:49.88 bitrate= 861.8kbits/s speed=0.986x elapsed=0:01:51.40
[2026-06-03T08:40:19.845Z] [INFO] [FFMPEG] frame= 1977 fps= 18 q=28.0 q=28.0 size=   11580KiB time=00:01:50.36 bitrate= 859.6kbits/s speed=0.986x elapsed=0:01:51.93
[2026-06-03T08:40:20.367Z] [INFO] [FFMPEG] frame= 1987 fps= 18 q=27.0 q=28.0 size=   11648KiB time=00:01:50.92 bitrate= 860.3kbits/s speed=0.986x elapsed=0:01:52.45
[2026-06-03T08:40:20.882Z] [INFO] [FFMPEG] frame= 1996 fps= 18 q=28.0 q=28.0 size=   11687KiB time=00:01:51.44 bitrate= 859.1kbits/s speed=0.986x elapsed=0:01:52.97
[2026-06-03T08:40:21.396Z] [INFO] [FFMPEG] frame= 2005 fps= 18 q=26.0 q=28.0 size=   11864KiB time=00:01:51.92 bitrate= 868.4kbits/s speed=0.986x elapsed=0:01:53.48
[2026-06-03T08:40:21.908Z] [INFO] [FFMPEG] frame= 2014 fps= 18 q=28.0 q=28.0 size=   11895KiB time=00:01:52.44 bitrate= 866.6kbits/s speed=0.986x elapsed=0:01:53.99
[2026-06-03T08:40:22.424Z] [INFO] [FFMPEG] frame= 2023 fps= 18 q=27.0 q=28.0 size=   11971KiB time=00:01:52.92 bitrate= 868.5kbits/s speed=0.986x elapsed=0:01:54.51
[2026-06-03T08:40:22.955Z] [INFO] [FFMPEG] frame= 2033 fps= 18 q=28.0 q=28.0 size=   11999KiB time=00:01:53.48 bitrate= 866.2kbits/s speed=0.986x elapsed=0:01:55.04
[2026-06-03T08:40:23.469Z] [INFO] [FFMPEG] frame= 2042 fps= 18 q=28.0 q=28.0 size=   12058KiB time=00:01:54.00 bitrate= 866.5kbits/s speed=0.987x elapsed=0:01:55.55
[2026-06-03T08:40:23.981Z] [INFO] [FFMPEG] frame= 2052 fps= 18 q=27.0 q=28.0 size=   12121KiB time=00:01:54.52 bitrate= 867.0kbits/s speed=0.987x elapsed=0:01:56.06
[2026-06-03T08:40:24.494Z] [INFO] [FFMPEG] frame= 2061 fps= 18 q=28.0 q=28.0 size=   12173KiB time=00:01:55.04 bitrate= 866.9kbits/s speed=0.987x elapsed=0:01:56.58
[2026-06-03T08:40:25.006Z] [INFO] [FFMPEG] frame= 2070 fps= 18 q=28.0 q=28.0 size=   12232KiB time=00:01:55.52 bitrate= 867.4kbits/s speed=0.987x elapsed=0:01:57.09
[2026-06-03T08:40:25.531Z] [INFO] [FFMPEG] frame= 2079 fps= 18 q=28.0 q=28.0 size=   12269KiB time=00:01:56.04 bitrate= 866.2kbits/s speed=0.987x elapsed=0:01:57.61
[2026-06-03T08:40:26.044Z] [INFO] [FFMPEG] frame= 2089 fps= 18 q=26.0 q=28.0 size=   12341KiB time=00:01:56.60 bitrate= 867.0kbits/s speed=0.987x elapsed=0:01:58.13
[2026-06-03T08:40:26.555Z] [INFO] [FFMPEG] frame= 2098 fps= 18 q=27.0 q=28.0 size=   12379KiB time=00:01:57.08 bitrate= 866.1kbits/s speed=0.987x elapsed=0:01:58.64
[2026-06-03T08:40:27.064Z] [INFO] [FFMPEG] frame= 2108 fps= 18 q=27.0 q=28.0 size=   12440KiB time=00:01:57.64 bitrate= 866.3kbits/s speed=0.987x elapsed=0:01:59.15
[2026-06-03T08:40:27.588Z] [INFO] [FFMPEG] frame= 2117 fps= 18 q=28.0 q=28.0 size=   12484KiB time=00:01:58.16 bitrate= 865.5kbits/s speed=0.987x elapsed=0:01:59.67
[2026-06-03T08:40:28.099Z] [INFO] [FFMPEG] frame= 2126 fps= 18 q=27.0 q=28.0 size=   12540KiB time=00:01:58.64 bitrate= 865.9kbits/s speed=0.987x elapsed=0:02:00.18
[2026-06-03T08:40:28.611Z] [INFO] [FFMPEG] frame= 2135 fps= 18 q=28.0 q=28.0 size=   12594KiB time=00:01:59.16 bitrate= 865.8kbits/s speed=0.987x elapsed=0:02:00.69
[2026-06-03T08:40:29.141Z] [INFO] [FFMPEG] frame= 2145 fps= 18 q=28.0 q=28.0 size=   12651KiB time=00:01:59.72 bitrate= 865.7kbits/s speed=0.988x elapsed=0:02:01.22
[2026-06-03T08:40:29.490Z] [INFO] [FFMPEG] [segment @ 0000022082052b80] Opening '//192.168.19.189/encova/cam01/2026/06/03/15-40-29.mp4' for writing
[2026-06-03T08:40:29.652Z] [INFO] [FFMPEG] frame= 2154 fps= 18 q=27.0 q=28.0 size=   12674KiB time=00:02:00.20 bitrate= 863.7kbits/s speed=0.987x elapsed=0:02:01.73
[2026-06-03T08:40:30.166Z] [INFO] [FFMPEG] frame= 2163 fps= 18 q=28.0 q=28.0 size=   12747KiB time=00:02:00.72 bitrate= 865.0kbits/s speed=0.987x elapsed=0:02:02.25
[2026-06-03T08:40:30.676Z] [INFO] [FFMPEG] frame= 2172 fps= 18 q=26.0 q=28.0 size=   12777KiB time=00:02:01.20 bitrate= 863.6kbits/s speed=0.987x elapsed=0:02:02.76
[2026-06-03T08:40:31.191Z] [INFO] [FFMPEG] frame= 2181 fps= 18 q=26.0 q=28.0 size=   12855KiB time=00:02:01.72 bitrate= 865.2kbits/s speed=0.987x elapsed=0:02:03.27
[2026-06-03T08:40:31.719Z] [INFO] [FFMPEG] frame= 2191 fps= 18 q=28.0 q=28.0 size=   12869KiB time=00:02:02.24 bitrate= 862.4kbits/s speed=0.987x elapsed=0:02:03.80
[2026-06-03T08:40:32.233Z] [INFO] [FFMPEG] frame= 2200 fps= 18 q=27.0 q=28.0 size=   12925KiB time=00:02:02.76 bitrate= 862.5kbits/s speed=0.987x elapsed=0:02:04.32
[2026-06-03T08:40:32.748Z] [INFO] [FFMPEG] frame= 2210 fps= 18 q=27.0 q=28.0 size=   12975KiB time=00:02:03.32 bitrate= 861.9kbits/s speed=0.988x elapsed=0:02:04.83
[2026-06-03T08:40:33.258Z] [INFO] [FFMPEG] frame= 2219 fps= 18 q=27.0 q=28.0 size=   13042KiB time=00:02:03.80 bitrate= 863.0kbits/s speed=0.988x elapsed=0:02:05.34
[2026-06-03T08:40:33.769Z] [INFO] [FFMPEG] frame= 2228 fps= 18 q=27.0 q=28.0 size=   13079KiB time=00:02:04.32 bitrate= 861.8kbits/s speed=0.988x elapsed=0:02:05.85
[2026-06-03T08:40:34.283Z] [INFO] [FFMPEG] frame= 2237 fps= 18 q=28.0 q=28.0 size=   13145KiB time=00:02:04.80 bitrate= 862.8kbits/s speed=0.988x elapsed=0:02:06.37
[2026-06-03T08:40:34.808Z] [INFO] [FFMPEG] frame= 2246 fps= 18 q=28.0 q=28.0 size=   13177KiB time=00:02:05.32 bitrate= 861.4kbits/s speed=0.988x elapsed=0:02:06.89
[2026-06-03T08:40:35.322Z] [INFO] [FFMPEG] frame= 2256 fps= 18 q=27.0 q=28.0 size=   13414KiB time=00:02:05.88 bitrate= 872.9kbits/s speed=0.988x elapsed=0:02:07.40
[2026-06-03T08:40:35.837Z] [INFO] [FFMPEG] frame= 2265 fps= 18 q=27.0 q=28.0 size=   13441KiB time=00:02:06.36 bitrate= 871.4kbits/s speed=0.988x elapsed=0:02:07.92
[2026-06-03T08:40:36.349Z] [INFO] [FFMPEG] frame= 2275 fps= 18 q=28.0 q=28.0 size=   13515KiB time=00:02:06.92 bitrate= 872.3kbits/s speed=0.988x elapsed=0:02:08.43
[2026-06-03T08:40:36.863Z] [INFO] [FFMPEG] frame= 2283 fps= 18 q=28.0 q=28.0 size=   13533KiB time=00:02:07.36 bitrate= 870.5kbits/s speed=0.988x elapsed=0:02:08.95
[2026-06-03T08:40:37.391Z] [INFO] [FFMPEG] frame= 2293 fps= 18 q=27.0 q=28.0 size=   13601KiB time=00:02:07.92 bitrate= 871.0kbits/s speed=0.988x elapsed=0:02:09.47
[2026-06-03T08:40:37.902Z] [INFO] [FFMPEG] frame= 2302 fps= 18 q=28.0 q=28.0 size=   13638KiB time=00:02:08.44 bitrate= 869.9kbits/s speed=0.988x elapsed=0:02:09.99
[2026-06-03T08:40:38.413Z] [INFO] [FFMPEG] frame= 2311 fps= 18 q=28.0 q=28.0 size=   13698KiB time=00:02:08.92 bitrate= 870.4kbits/s speed=0.988x elapsed=0:02:10.50
[2026-06-03T08:40:38.925Z] [INFO] [FFMPEG] frame= 2321 fps= 18 q=28.0 q=28.0 size=   13768KiB time=00:02:09.48 bitrate= 871.1kbits/s speed=0.988x elapsed=0:02:11.01
[2026-06-03T08:40:39.452Z] [INFO] [FFMPEG] frame= 2330 fps= 18 q=28.0 q=28.0 size=   13813KiB time=00:02:10.00 bitrate= 870.4kbits/s speed=0.988x elapsed=0:02:11.54
[2026-06-03T08:40:39.963Z] [INFO] [FFMPEG] frame= 2339 fps= 18 q=26.0 q=28.0 size=   13832KiB time=00:02:10.48 bitrate= 868.4kbits/s speed=0.988x elapsed=0:02:12.05
[2026-06-03T08:40:40.474Z] [INFO] [FFMPEG] frame= 2349 fps= 18 q=28.0 q=28.0 size=   13901KiB time=00:02:11.04 bitrate= 869.0kbits/s speed=0.989x elapsed=0:02:12.56
[2026-06-03T08:40:40.986Z] [INFO] [FFMPEG] frame= 2357 fps= 18 q=26.0 q=28.0 size=   13927KiB time=00:02:11.48 bitrate= 867.8kbits/s speed=0.988x elapsed=0:02:13.07
[2026-06-03T08:40:41.513Z] [INFO] [FFMPEG] frame= 2367 fps= 18 q=28.0 q=28.0 size=   13993KiB time=00:02:12.04 bitrate= 868.1kbits/s speed=0.988x elapsed=0:02:13.60
[2026-06-03T08:40:42.024Z] [INFO] [FFMPEG] frame= 2376 fps= 18 q=28.0 q=28.0 size=   14046KiB time=00:02:12.52 bitrate= 868.3kbits/s speed=0.988x elapsed=0:02:14.11
[2026-06-03T08:40:42.535Z] [INFO] [FFMPEG] frame= 2385 fps= 18 q=28.0 q=28.0 size=   14090KiB time=00:02:13.04 bitrate= 867.6kbits/s speed=0.988x elapsed=0:02:14.62
[2026-06-03T08:40:43.048Z] [INFO] [FFMPEG] frame= 2395 fps= 18 q=28.0 q=28.0 size=   14139KiB time=00:02:13.60 bitrate= 866.9kbits/s speed=0.989x elapsed=0:02:15.13
[2026-06-03T08:40:43.575Z] [INFO] [FFMPEG] frame= 2404 fps= 18 q=27.0 q=28.0 size=   14185KiB time=00:02:14.08 bitrate= 866.7kbits/s speed=0.988x elapsed=0:02:15.66
[2026-06-03T08:40:44.086Z] [INFO] [FFMPEG] frame= 2414 fps= 18 q=27.0 q=28.0 size=   14246KiB time=00:02:14.64 bitrate= 866.8kbits/s speed=0.989x elapsed=0:02:16.17
[2026-06-03T08:40:44.600Z] [INFO] [FFMPEG] frame= 2423 fps= 18 q=28.0 q=28.0 size=   14286KiB time=00:02:15.16 bitrate= 865.9kbits/s speed=0.989x elapsed=0:02:16.68
[2026-06-03T08:40:45.115Z] [INFO] [FFMPEG] frame= 2432 fps= 18 q=27.0 q=28.0 size=   14333KiB time=00:02:15.64 bitrate= 865.6kbits/s speed=0.989x elapsed=0:02:17.20
[2026-06-03T08:40:45.641Z] [INFO] [FFMPEG] frame= 2442 fps= 18 q=27.0 q=28.0 size=   14391KiB time=00:02:16.20 bitrate= 865.6kbits/s speed=0.989x elapsed=0:02:17.72
[2026-06-03T08:40:46.156Z] [INFO] [FFMPEG] frame= 2451 fps= 18 q=28.0 q=28.0 size=   14458KiB time=00:02:16.72 bitrate= 866.3kbits/s speed=0.989x elapsed=0:02:18.24
[2026-06-03T08:40:46.662Z] [INFO] [FFMPEG] frame= 2460 fps= 18 q=28.0 q=28.0 size=   14500KiB time=00:02:17.20 bitrate= 865.8kbits/s speed=0.989x elapsed=0:02:18.75
[2026-06-03T08:40:47.176Z] [INFO] [FFMPEG] frame= 2469 fps= 18 q=28.0 q=28.0 size=   14568KiB time=00:02:17.72 bitrate= 866.6kbits/s speed=0.989x elapsed=0:02:19.26
[2026-06-03T08:40:47.689Z] [INFO] [FFMPEG] frame= 2478 fps= 18 q=27.0 q=28.0 size=   14605KiB time=00:02:18.20 bitrate= 865.8kbits/s speed=0.989x elapsed=0:02:19.77
[2026-06-03T08:40:48.214Z] [INFO] [FFMPEG] frame= 2488 fps= 18 q=26.0 q=28.0 size=   14660KiB time=00:02:18.76 bitrate= 865.5kbits/s speed=0.989x elapsed=0:02:20.30
[2026-06-03T08:40:48.728Z] [INFO] [FFMPEG] frame= 2497 fps= 18 q=28.0 q=28.0 size=   14674KiB time=00:02:19.28 bitrate= 863.1kbits/s speed=0.989x elapsed=0:02:20.81
[2026-06-03T08:40:49.242Z] [INFO] [FFMPEG] frame= 2506 fps= 18 q=26.0 q=28.0 size=   14851KiB time=00:02:19.76 bitrate= 870.5kbits/s speed=0.989x elapsed=0:02:21.33
[2026-06-03T08:40:49.752Z] [INFO] [FFMPEG] frame= 2516 fps= 18 q=27.0 q=28.0 size=   14903KiB time=00:02:20.32 bitrate= 870.0kbits/s speed=0.989x elapsed=0:02:21.83
[2026-06-03T08:40:50.278Z] [INFO] [FFMPEG] frame= 2525 fps= 18 q=27.0 q=28.0 size=   14974KiB time=00:02:20.80 bitrate= 871.2kbits/s speed=0.989x elapsed=0:02:22.36
[2026-06-03T08:40:50.792Z] [INFO] [FFMPEG] frame= 2534 fps= 18 q=27.0 q=28.0 size=   15006KiB time=00:02:21.32 bitrate= 869.9kbits/s speed=0.989x elapsed=0:02:22.87
[2026-06-03T08:40:50.864Z] [INFO] [FFMPEG] [vf#1:0 @ 000002208204a480] More than 1000 frames duplicated
[2026-06-03T08:40:51.305Z] [INFO] [FFMPEG] frame= 2544 fps= 18 q=28.0 q=28.0 size=   15065KiB time=00:02:21.88 bitrate= 869.9kbits/s speed=0.989x elapsed=0:02:23.39
[2026-06-03T08:40:51.815Z] [INFO] [FFMPEG] frame= 2552 fps= 18 q=27.0 q=28.0 size=   15094KiB time=00:02:22.32 bitrate= 868.8kbits/s speed=0.989x elapsed=0:02:23.90
[2026-06-03T08:40:52.342Z] [INFO] [FFMPEG] frame= 2563 fps= 18 q=27.0 q=28.0 size=   15150KiB time=00:02:22.92 bitrate= 868.4kbits/s speed=0.99x elapsed=0:02:24.43
[2026-06-03T08:40:52.857Z] [INFO] [FFMPEG] frame= 2571 fps= 18 q=28.0 q=28.0 size=   15176KiB time=00:02:23.36 bitrate= 867.2kbits/s speed=0.989x elapsed=0:02:24.94
[2026-06-03T08:40:53.369Z] [INFO] [FFMPEG] frame= 2581 fps= 18 q=27.0 q=28.0 size=   15236KiB time=00:02:23.92 bitrate= 867.2kbits/s speed=0.989x elapsed=0:02:25.45
[2026-06-03T08:40:53.881Z] [INFO] [FFMPEG] frame= 2590 fps= 18 q=28.0 q=28.0 size=   15261KiB time=00:02:24.44 bitrate= 865.5kbits/s speed=0.99x elapsed=0:02:25.96
[2026-06-03T08:40:54.397Z] [INFO] [FFMPEG] frame= 2599 fps= 18 q=27.0 q=28.0 size=   15326KiB time=00:02:24.92 bitrate= 866.4kbits/s speed=0.989x elapsed=0:02:26.48
[2026-06-03T08:40:54.908Z] [INFO] [FFMPEG] frame= 2609 fps= 18 q=28.0 q=28.0 size=   15380KiB time=00:02:25.48 bitrate= 866.1kbits/s speed=0.99x elapsed=0:02:26.99
[2026-06-03T08:40:55.436Z] [INFO] [FFMPEG] frame= 2618 fps= 18 q=28.0 q=28.0 size=   15403KiB time=00:02:26.00 bitrate= 864.3kbits/s speed=0.99x elapsed=0:02:27.52
[2026-06-03T08:40:55.950Z] [INFO] [FFMPEG] frame= 2627 fps= 18 q=26.0 q=28.0 size=   15463KiB time=00:02:26.48 bitrate= 864.8kbits/s speed=0.989x elapsed=0:02:28.03
[2026-06-03T08:40:56.465Z] [INFO] [FFMPEG] frame= 2636 fps= 18 q=28.0 q=28.0 size=   15501KiB time=00:02:27.00 bitrate= 863.8kbits/s speed=0.99x elapsed=0:02:28.55
[2026-06-03T08:40:56.972Z] [INFO] [FFMPEG] frame= 2645 fps= 18 q=26.0 q=28.0 size=   15566KiB time=00:02:27.48 bitrate= 864.6kbits/s speed=0.989x elapsed=0:02:29.05
[2026-06-03T08:40:57.498Z] [INFO] [FFMPEG] frame= 2655 fps= 18 q=28.0 q=28.0 size=   15604KiB time=00:02:28.04 bitrate= 863.5kbits/s speed=0.99x elapsed=0:02:29.58
[2026-06-03T08:40:58.009Z] [INFO] [FFMPEG] frame= 2664 fps= 18 q=28.0 q=28.0 size=   15635KiB time=00:02:28.52 bitrate= 862.4kbits/s speed=0.989x elapsed=0:02:30.09
[2026-06-03T08:40:58.518Z] [INFO] [FFMPEG] frame= 2673 fps= 18 q=28.0 q=28.0 size=   15698KiB time=00:02:29.04 bitrate= 862.8kbits/s speed=0.99x elapsed=0:02:30.60
[2026-06-03T08:40:59.043Z] [INFO] [FFMPEG] frame= 2683 fps= 18 q=28.0 q=28.0 size=   15759KiB time=00:02:29.60 bitrate= 863.0kbits/s speed=0.99x elapsed=0:02:31.13
[2026-06-03T08:40:59.554Z] [INFO] [FFMPEG] frame= 2692 fps= 18 q=28.0 q=28.0 size=   15801KiB time=00:02:30.08 bitrate= 862.5kbits/s speed=0.99x elapsed=0:02:31.64
[2026-06-03T08:41:00.067Z] [INFO] [FFMPEG] frame= 2702 fps= 18 q=27.0 q=28.0 size=   15857KiB time=00:02:30.64 bitrate= 862.3kbits/s speed=0.99x elapsed=0:02:32.15
[2026-06-03T08:41:00.594Z] [INFO] [FFMPEG] frame= 2710 fps= 18 q=27.0 q=28.0 size=   15896KiB time=00:02:31.08 bitrate= 861.9kbits/s speed=0.99x elapsed=0:02:32.68
[2026-06-03T08:41:01.103Z] [INFO] [FFMPEG] frame= 2720 fps= 18 q=27.0 q=28.0 size=   15947KiB time=00:02:31.64 bitrate= 861.5kbits/s speed=0.99x elapsed=0:02:33.19
[2026-06-03T08:41:01.617Z] [INFO] [FFMPEG] frame= 2729 fps= 18 q=26.0 q=28.0 size=   15983KiB time=00:02:32.16 bitrate= 860.5kbits/s speed=0.99x elapsed=0:02:33.70
[2026-06-03T08:41:02.130Z] [INFO] [FFMPEG] frame= 2738 fps= 18 q=27.0 q=28.0 size=   16028KiB time=00:02:32.64 bitrate= 860.2kbits/s speed=0.99x elapsed=0:02:34.21
[2026-06-03T08:41:02.654Z] [INFO] [FFMPEG] frame= 2748 fps= 18 q=27.0 q=28.0 size=   16076KiB time=00:02:33.20 bitrate= 859.6kbits/s speed=0.99x elapsed=0:02:34.74
[2026-06-03T08:41:03.169Z] [INFO] [FFMPEG] frame= 2757 fps= 18 q=26.0 q=28.0 size=   16246KiB time=00:02:33.72 bitrate= 865.8kbits/s speed=0.99x elapsed=0:02:35.25
[2026-06-03T08:41:03.680Z] [INFO] [FFMPEG] frame= 2766 fps= 18 q=27.0 q=28.0 size=   16293KiB time=00:02:34.20 bitrate= 865.6kbits/s speed=0.99x elapsed=0:02:35.76
[2026-06-03T08:41:04.191Z] [INFO] [FFMPEG] frame= 2775 fps= 18 q=28.0 q=28.0 size=   16374KiB time=00:02:34.72 bitrate= 867.0kbits/s speed=0.99x elapsed=0:02:36.27
[2026-06-03T08:41:04.715Z] [INFO] [FFMPEG] frame= 2785 fps= 18 q=28.0 q=28.0 size=   16410KiB time=00:02:35.28 bitrate= 865.7kbits/s speed=0.99x elapsed=0:02:36.80
[2026-06-03T08:41:05.225Z] [INFO] [FFMPEG] frame= 2794 fps= 18 q=27.0 q=28.0 size=   16456KiB time=00:02:35.76 bitrate= 865.5kbits/s speed=0.99x elapsed=0:02:37.31
[2026-06-03T08:41:05.737Z] [INFO] [FFMPEG] frame= 2803 fps= 18 q=28.0 q=28.0 size=   16505KiB time=00:02:36.28 bitrate= 865.2kbits/s speed=0.99x elapsed=0:02:37.82
[2026-06-03T08:41:06.265Z] [INFO] [FFMPEG] frame= 2813 fps= 18 q=27.0 q=28.0 size=   16565KiB time=00:02:36.80 bitrate= 865.4kbits/s speed=0.99x elapsed=0:02:38.35
[2026-06-03T08:41:06.777Z] [INFO] [FFMPEG] frame= 2822 fps= 18 q=27.0 q=28.0 size=   16594KiB time=00:02:37.32 bitrate= 864.1kbits/s speed=0.99x elapsed=0:02:38.86
[2026-06-03T08:41:07.290Z] [INFO] [FFMPEG] frame= 2831 fps= 18 q=28.0 q=28.0 size=   16650KiB time=00:02:37.80 bitrate= 864.4kbits/s speed=0.99x elapsed=0:02:39.37
[2026-06-03T08:41:07.803Z] [INFO] [FFMPEG] frame= 2840 fps= 18 q=27.0 q=28.0 size=   16682KiB time=00:02:38.32 bitrate= 863.2kbits/s speed=0.99x elapsed=0:02:39.89
[2026-06-03T08:41:08.315Z] [INFO] [FFMPEG] frame= 2850 fps= 18 q=27.0 q=28.0 size=   16738KiB time=00:02:38.88 bitrate= 863.1kbits/s speed=0.991x elapsed=0:02:40.40
[2026-06-03T08:41:08.843Z] [INFO] [FFMPEG] frame= 2859 fps= 18 q=27.0 q=28.0 size=   16767KiB time=00:02:39.36 bitrate= 861.9kbits/s speed=0.99x elapsed=0:02:40.93
[2026-06-03T08:41:09.362Z] [INFO] [FFMPEG] frame= 2869 fps= 18 q=28.0 q=28.0 size=   16832KiB time=00:02:39.92 bitrate= 862.2kbits/s speed=0.991x elapsed=0:02:41.43
[2026-06-03T08:41:09.861Z] [INFO] [FFMPEG] frame= 2877 fps= 18 q=28.0 q=28.0 size=   16857KiB time=00:02:40.36 bitrate= 861.1kbits/s speed=0.99x elapsed=0:02:41.94
[2026-06-03T08:41:10.388Z] [INFO] [FFMPEG] frame= 2887 fps= 18 q=28.0 q=28.0 size=   16926KiB time=00:02:40.92 bitrate= 861.7kbits/s speed=0.99x elapsed=0:02:42.47
[2026-06-03T08:41:10.898Z] [INFO] [FFMPEG] frame= 2896 fps= 18 q=28.0 q=28.0 size=   16941KiB time=00:02:41.44 bitrate= 859.7kbits/s speed=0.991x elapsed=0:02:42.98
[2026-06-03T08:41:11.410Z] [INFO] [FFMPEG] frame= 2905 fps= 18 q=27.0 q=28.0 size=   16994KiB time=00:02:41.92 bitrate= 859.8kbits/s speed=0.99x elapsed=0:02:43.49
[2026-06-03T08:41:11.936Z] [INFO] [FFMPEG] frame= 2915 fps= 18 q=26.0 q=28.0 size=   17038KiB time=00:02:42.48 bitrate= 859.0kbits/s speed=0.991x elapsed=0:02:44.02
[2026-06-03T08:41:12.449Z] [INFO] [FFMPEG] frame= 2924 fps= 18 q=28.0 q=28.0 size=   17106KiB time=00:02:43.00 bitrate= 859.7kbits/s speed=0.991x elapsed=0:02:44.53
[2026-06-03T08:41:12.958Z] [INFO] [FFMPEG] frame= 2933 fps= 18 q=28.0 q=28.0 size=   17165KiB time=00:02:43.48 bitrate= 860.2kbits/s speed=0.991x elapsed=0:02:45.04
[2026-06-03T08:41:13.472Z] [INFO] [FFMPEG] frame= 2942 fps= 18 q=28.0 q=28.0 size=   17195KiB time=00:02:44.00 bitrate= 858.9kbits/s speed=0.991x elapsed=0:02:45.56
[2026-06-03T08:41:13.997Z] [INFO] [FFMPEG] frame= 2952 fps= 18 q=28.0 q=28.0 size=   17215KiB time=00:02:44.52 bitrate= 857.2kbits/s speed=0.991x elapsed=0:02:46.08
[2026-06-03T08:41:14.508Z] [INFO] [FFMPEG] frame= 2961 fps= 18 q=28.0 q=28.0 size=   17285KiB time=00:02:45.04 bitrate= 858.0kbits/s speed=0.991x elapsed=0:02:46.59
[2026-06-03T08:41:15.022Z] [INFO] [FFMPEG] frame= 2971 fps= 18 q=28.0 q=28.0 size=   17345KiB time=00:02:45.56 bitrate= 858.2kbits/s speed=0.991x elapsed=0:02:47.11
[2026-06-03T08:41:15.533Z] [INFO] [FFMPEG] frame= 2979 fps= 18 q=28.0 q=28.0 size=   17385KiB time=00:02:46.04 bitrate= 857.8kbits/s speed=0.991x elapsed=0:02:47.62
[2026-06-03T08:41:16.056Z] [INFO] [FFMPEG] frame= 2989 fps= 18 q=26.0 q=28.0 size=   17451KiB time=00:02:46.60 bitrate= 858.1kbits/s speed=0.991x elapsed=0:02:48.14
[2026-06-03T08:41:16.564Z] [INFO] [FFMPEG] frame= 2998 fps= 18 q=27.0 q=28.0 size=   17478KiB time=00:02:47.08 bitrate= 856.9kbits/s speed=0.991x elapsed=0:02:48.65
[2026-06-03T08:41:17.088Z] [INFO] [FFMPEG] frame= 3008 fps= 18 q=27.0 q=28.0 size=   17647KiB time=00:02:47.64 bitrate= 862.4kbits/s speed=0.991x elapsed=0:02:49.17
[2026-06-03T08:41:17.609Z] [INFO] [FFMPEG] frame= 3017 fps= 18 q=26.0 q=28.0 size=   17688KiB time=00:02:48.16 bitrate= 861.7kbits/s speed=0.991x elapsed=0:02:49.69
[2026-06-03T08:41:18.122Z] [INFO] [FFMPEG] frame= 3026 fps= 18 q=27.0 q=28.0 size=   17742KiB time=00:02:48.64 bitrate= 861.8kbits/s speed=0.991x elapsed=0:02:50.20
[2026-06-03T08:41:18.631Z] [INFO] [FFMPEG] frame= 3036 fps= 18 q=27.0 q=28.0 size=   17782KiB time=00:02:49.20 bitrate= 860.9kbits/s speed=0.991x elapsed=0:02:50.71
[2026-06-03T08:41:19.142Z] [INFO] [FFMPEG] frame= 3044 fps= 18 q=27.0 q=28.0 size=   17825KiB time=00:02:49.64 bitrate= 860.8kbits/s speed=0.991x elapsed=0:02:51.22
[2026-06-03T08:41:19.668Z] [INFO] [FFMPEG] frame= 3054 fps= 18 q=28.0 q=28.0 size=   17882KiB time=00:02:50.20 bitrate= 860.7kbits/s speed=0.991x elapsed=0:02:51.75
[2026-06-03T08:41:20.182Z] [INFO] [FFMPEG] frame= 3063 fps= 18 q=28.0 q=28.0 size=   17918KiB time=00:02:50.72 bitrate= 859.8kbits/s speed=0.991x elapsed=0:02:52.26
[2026-06-03T08:41:20.693Z] [INFO] [FFMPEG] frame= 3072 fps= 18 q=27.0 q=28.0 size=   17968KiB time=00:02:51.20 bitrate= 859.8kbits/s speed=0.991x elapsed=0:02:52.78
[2026-06-03T08:41:21.205Z] [INFO] [FFMPEG] frame= 3082 fps= 18 q=27.0 q=28.0 size=   18007KiB time=00:02:51.76 bitrate= 858.9kbits/s speed=0.991x elapsed=0:02:53.29
[2026-06-03T08:41:21.731Z] [INFO] [FFMPEG] frame= 3091 fps= 18 q=28.0 q=28.0 size=   18049KiB time=00:02:52.28 bitrate= 858.2kbits/s speed=0.991x elapsed=0:02:53.81
[2026-06-03T08:41:22.241Z] [INFO] [FFMPEG] frame= 3100 fps= 18 q=27.0 q=28.0 size=   18114KiB time=00:02:52.76 bitrate= 859.0kbits/s speed=0.991x elapsed=0:02:54.32
[2026-06-03T08:41:22.767Z] [INFO] [FFMPEG] frame= 3110 fps= 18 q=27.0 q=28.0 size=   18143KiB time=00:02:53.32 bitrate= 857.5kbits/s speed=0.991x elapsed=0:02:54.85
[2026-06-03T08:41:23.294Z] [INFO] [FFMPEG] frame= 3120 fps= 18 q=27.0 q=28.0 size=   18202KiB time=00:02:53.88 bitrate= 857.6kbits/s speed=0.991x elapsed=0:02:55.38
[2026-06-03T08:41:23.803Z] [INFO] [FFMPEG] frame= 3128 fps= 18 q=27.0 q=28.0 size=   18224KiB time=00:02:54.32 bitrate= 856.4kbits/s speed=0.991x elapsed=0:02:55.89
[2026-06-03T08:41:24.314Z] [INFO] [FFMPEG] frame= 3138 fps= 18 q=28.0 q=28.0 size=   18289KiB time=00:02:54.88 bitrate= 856.7kbits/s speed=0.991x elapsed=0:02:56.40
[2026-06-03T08:41:24.834Z] [INFO] [FFMPEG] frame= 3147 fps= 18 q=28.0 q=28.0 size=   18318KiB time=00:02:55.36 bitrate= 855.7kbits/s speed=0.991x elapsed=0:02:56.92
[2026-06-03T08:41:25.345Z] [INFO] [FFMPEG] frame= 3156 fps= 18 q=28.0 q=28.0 size=   18376KiB time=00:02:55.88 bitrate= 855.9kbits/s speed=0.991x elapsed=0:02:57.43
[2026-06-03T08:41:25.872Z] [INFO] [FFMPEG] frame= 3166 fps= 18 q=28.0 q=28.0 size=   18411KiB time=00:02:56.44 bitrate= 854.8kbits/s speed=0.991x elapsed=0:02:57.95
[2026-06-03T08:41:26.383Z] [INFO] [FFMPEG] frame= 3175 fps= 18 q=27.0 q=28.0 size=   18473KiB time=00:02:56.92 bitrate= 855.4kbits/s speed=0.991x elapsed=0:02:58.47
[2026-06-03T08:41:26.899Z] [INFO] [FFMPEG] frame= 3185 fps= 18 q=26.0 q=28.0 size=   18494KiB time=00:02:57.48 bitrate= 853.6kbits/s speed=0.992x elapsed=0:02:58.98
[2026-06-03T08:41:27.408Z] [INFO] [FFMPEG] frame= 3193 fps= 18 q=28.0 q=28.0 size=   18551KiB time=00:02:57.92 bitrate= 854.2kbits/s speed=0.991x elapsed=0:02:59.49
[2026-06-03T08:41:27.923Z] [INFO] [FFMPEG] frame= 3200 fps= 18 q=27.0 q=28.0 size=   18571KiB time=00:02:58.32 bitrate= 853.1kbits/s speed=0.991x elapsed=0:03:00.01
[2026-06-03T08:41:27.994Z] [INFO] [FFMPEG] [in#0/rtsp @ 00000220f9dce2c0] max delay reached. need to consume packet
[in#0/rtsp @ 00000220f9dce2c0] RTP: missed 1 packets
[2026-06-03T08:41:27.995Z] [INFO] [FFMPEG] [hevc @ 0000022081fdaa40] Could not find ref with POC 2
[hevc @ 0000022081fdaa40] Error constructing the frame RPS.
[hevc @ 0000022081fdaa40] Skipping invalid undecodable NALU: 1
[hevc @ 0000022081fdc400] Could not find ref with POC 2
[hevc @ 0000022081fdc400] Error constructing the frame RPS.
[hevc @ 0000022081fdc400] Skipping invalid undecodable NALU: 1
[2026-06-03T08:41:28.039Z] [INFO] [FFMPEG] [hevc @ 0000022081fd9400] Could not find ref with POC 4
[hevc @ 0000022081fd9400] Error constructing the frame RPS.
[hevc @ 0000022081fd9400] Skipping invalid undecodable NALU: 1
[2026-06-03T08:41:28.067Z] [INFO] [FFMPEG] [hevc @ 0000022081fd8900] Could not find ref with POC 4
[hevc @ 0000022081fd8900] Error constructing the frame RPS.
[hevc @ 0000022081fd8900] Skipping invalid undecodable NALU: 1
[2026-06-03T08:41:28.148Z] [INFO] [FFMPEG] [hevc @ 00000220f9e9f900] Could not find ref with POC 6
[hevc @ 00000220f9e9f900] Error constructing the frame RPS.
[hevc @ 00000220f9e9f900] Skipping invalid undecodable NALU: 1
[2026-06-03T08:41:28.211Z] [INFO] [FFMPEG] [hevc @ 0000022081e54180] Could not find ref with POC 6
[hevc @ 0000022081e54180] Error constructing the frame RPS.
[hevc @ 0000022081e54180] Skipping invalid undecodable NALU: 1
[2026-06-03T08:41:28.272Z] [INFO] [FFMPEG] [hevc @ 0000022081e54540] Could not find ref with POC 8
[hevc @ 0000022081e54540] Error constructing the frame RPS.
[hevc @ 0000022081e54540] Skipping invalid undecodable NALU: 1
[2026-06-03T08:41:28.291Z] [INFO] [FFMPEG] [hevc @ 0000022081f07cc0] Could not find ref with POC 8
[hevc @ 0000022081f07cc0] Error constructing the frame RPS.
[hevc @ 0000022081f07cc0] Skipping invalid undecodable NALU: 1
[2026-06-03T08:41:28.348Z] [INFO] [FFMPEG] [hevc @ 0000022081f26000] Could not find ref with POC 10
[hevc @ 0000022081f26000] Error constructing the frame RPS.
[hevc @ 0000022081f26000] Skipping invalid undecodable NALU: 1
[2026-06-03T08:41:28.427Z] [INFO] [FFMPEG] [hevc @ 0000022081f26b00] Could not find ref with POC 10
[hevc @ 0000022081f26b00] Error constructing the frame RPS.
[hevc @ 0000022081f26b00] Skipping invalid undecodable NALU: 1
[2026-06-03T08:41:28.453Z] [INFO] [FFMPEG] frame= 3211 fps= 18 q=28.0 q=28.0 size=   18649KiB time=00:02:58.92 bitrate= 853.9kbits/s speed=0.991x elapsed=0:03:00.54
[2026-06-03T08:41:28.472Z] [INFO] [FFMPEG] [hevc @ 0000022081f26740] Could not find ref with POC 12
[hevc @ 0000022081f26740] Error constructing the frame RPS.
[hevc @ 0000022081f26740] Skipping invalid undecodable NALU: 1
[2026-06-03T08:41:28.709Z] [INFO] [FFMPEG] [in#0/rtsp @ 00000220f9dce2c0] max delay reached. need to consume packet
[in#0/rtsp @ 00000220f9dce2c0] RTP: missed 1 packets
[2026-06-03T08:41:28.709Z] [INFO] [FFMPEG] [hevc @ 0000022081f26ec0] Could not find ref with POC 12
[hevc @ 0000022081f26ec0] Error constructing the frame RPS.
[hevc @ 0000022081f26ec0] Skipping invalid undecodable NALU: 1
[hevc @ 0000022081f26380] Could not find ref with POC 14
[hevc @ 0000022081f26380] Error constructing the frame RPS.
[hevc @ 0000022081f26380] Skipping invalid undecodable NALU: 1
[hevc @ 0000022081f27240] Could not find ref with POC 14
[hevc @ 0000022081f27240] Error constructing the frame RPS.
[hevc @ 0000022081f27240] Skipping invalid undecodable NALU: 1
[hevc @ 0000022081f27600] Could not find ref with POC 16
[2026-06-03T08:41:28.710Z] [INFO] [FFMPEG] [hevc @ 0000022081f27600] Error constructing the frame RPS.
[hevc @ 0000022081f27600] Skipping invalid undecodable NALU: 1
[2026-06-03T08:41:28.966Z] [INFO] [FFMPEG] frame= 3216 fps= 18 q=27.0 q=28.0 size=   18666KiB time=00:02:59.20 bitrate= 853.3kbits/s speed=0.99x elapsed=0:03:01.05
[2026-06-03T08:41:29.474Z] [INFO] [FFMPEG] frame= 3216 fps= 18 q=27.0 q=28.0 size=   18666KiB time=00:02:59.20 bitrate= 853.3kbits/s speed=0.987x elapsed=0:03:01.56
[2026-06-03T08:41:29.699Z] [INFO] [FFMPEG] [segment @ 0000022082052b80] Opening '//192.168.19.189/encova/cam01/2026/06/03/15-41-29.mp4' for writing
[2026-06-03T08:41:29.987Z] [INFO] [FFMPEG] frame= 3223 fps= 18 q=26.0 q=28.0 size=   18704KiB time=00:03:00.48 bitrate= 849.0kbits/s speed=0.991x elapsed=0:03:02.07
[2026-06-03T08:41:30.513Z] [INFO] [FFMPEG] frame= 3233 fps= 18 q=26.0 q=28.0 size=   18750KiB time=00:03:01.04 bitrate= 848.4kbits/s speed=0.991x elapsed=0:03:02.60
[2026-06-03T08:41:31.029Z] [INFO] [FFMPEG] frame= 3243 fps= 18 q=28.0 q=28.0 size=   18795KiB time=00:03:01.60 bitrate= 847.8kbits/s speed=0.992x elapsed=0:03:03.11
[2026-06-03T08:41:31.541Z] [INFO] [FFMPEG] frame= 3252 fps= 18 q=28.0 q=28.0 size=   19035KiB time=00:03:02.08 bitrate= 856.4kbits/s speed=0.992x elapsed=0:03:03.62
[2026-06-03T08:41:32.057Z] [INFO] [FFMPEG] frame= 3261 fps= 18 q=26.0 q=28.0 size=   19163KiB time=00:03:02.60 bitrate= 859.7kbits/s speed=0.992x elapsed=0:03:04.14
[2026-06-03T08:41:32.567Z] [INFO] [FFMPEG] frame= 3270 fps= 18 q=28.0 q=28.0 size=   19195KiB time=00:03:03.08 bitrate= 858.9kbits/s speed=0.991x elapsed=0:03:04.65
[2026-06-03T08:41:33.092Z] [INFO] [FFMPEG] frame= 3280 fps= 18 q=27.0 q=28.0 size=   19247KiB time=00:03:03.64 bitrate= 858.6kbits/s speed=0.992x elapsed=0:03:05.17
[2026-06-03T08:41:33.605Z] [INFO] [FFMPEG] frame= 3289 fps= 18 q=28.0 q=28.0 size=   19295KiB time=00:03:04.16 bitrate= 858.3kbits/s speed=0.992x elapsed=0:03:05.69
[2026-06-03T08:41:34.117Z] [INFO] [FFMPEG] frame= 3298 fps= 18 q=27.0 q=28.0 size=   19348KiB time=00:03:04.64 bitrate= 858.4kbits/s speed=0.992x elapsed=0:03:06.20
[2026-06-03T08:41:34.629Z] [INFO] [FFMPEG] frame= 3308 fps= 18 q=27.0 q=28.0 size=   19393KiB time=00:03:05.20 bitrate= 857.8kbits/s speed=0.992x elapsed=0:03:06.71
[2026-06-03T08:41:35.143Z] [INFO] [FFMPEG] frame= 3317 fps= 18 q=28.0 q=28.0 size=   19438KiB time=00:03:05.72 bitrate= 857.4kbits/s speed=0.992x elapsed=0:03:07.23
[2026-06-03T08:41:35.667Z] [INFO] [FFMPEG] frame= 3326 fps= 18 q=27.0 q=28.0 size=   19473KiB time=00:03:06.20 bitrate= 856.7kbits/s speed=0.992x elapsed=0:03:07.75
[2026-06-03T08:41:36.176Z] [INFO] [FFMPEG] frame= 3335 fps= 18 q=28.0 q=28.0 size=   19525KiB time=00:03:06.72 bitrate= 856.6kbits/s speed=0.992x elapsed=0:03:08.26
[2026-06-03T08:41:36.703Z] [INFO] [FFMPEG] frame= 3345 fps= 18 q=28.0 q=28.0 size=   19571KiB time=00:03:07.28 bitrate= 856.1kbits/s speed=0.992x elapsed=0:03:08.79
[2026-06-03T08:41:37.204Z] [INFO] [FFMPEG] frame= 3354 fps= 18 q=27.0 q=28.0 size=   19614KiB time=00:03:07.76 bitrate= 855.8kbits/s speed=0.992x elapsed=0:03:09.29
[2026-06-03T08:41:37.727Z] [INFO] [FFMPEG] frame= 3363 fps= 18 q=28.0 q=28.0 size=   19666KiB time=00:03:08.28 bitrate= 855.7kbits/s speed=0.992x elapsed=0:03:09.81
[2026-06-03T08:41:38.247Z] [INFO] [FFMPEG] frame= 3372 fps= 18 q=26.0 q=28.0 size=   19705KiB time=00:03:08.76 bitrate= 855.2kbits/s speed=0.992x elapsed=0:03:10.33
[2026-06-03T08:41:38.761Z] [INFO] [FFMPEG] frame= 3382 fps= 18 q=27.0 q=28.0 size=   19750KiB time=00:03:09.32 bitrate= 854.6kbits/s speed=0.992x elapsed=0:03:10.84
[2026-06-03T08:41:39.274Z] [INFO] [FFMPEG] frame= 3391 fps= 18 q=28.0 q=28.0 size=   19800KiB time=00:03:09.80 bitrate= 854.6kbits/s speed=0.992x elapsed=0:03:11.36
[2026-06-03T08:41:39.789Z] [INFO] [FFMPEG] frame= 3400 fps= 18 q=27.0 q=28.0 size=   19842KiB time=00:03:10.32 bitrate= 854.1kbits/s speed=0.992x elapsed=0:03:11.87
[2026-06-03T08:41:40.301Z] [INFO] [FFMPEG] frame= 3410 fps= 18 q=27.0 q=28.0 size=   19899KiB time=00:03:10.88 bitrate= 854.0kbits/s speed=0.992x elapsed=0:03:12.38
[2026-06-03T08:41:40.813Z] [INFO] [FFMPEG] frame= 3418 fps= 18 q=27.0 q=28.0 size=   19933KiB time=00:03:11.32 bitrate= 853.5kbits/s speed=0.992x elapsed=0:03:12.90
[2026-06-03T08:41:41.336Z] [INFO] [FFMPEG] frame= 3428 fps= 18 q=27.0 q=28.0 size=   19999KiB time=00:03:11.88 bitrate= 853.8kbits/s speed=0.992x elapsed=0:03:13.42
[2026-06-03T08:41:41.848Z] [INFO] [FFMPEG] frame= 3437 fps= 18 q=28.0 q=28.0 size=   20037KiB time=00:03:12.36 bitrate= 853.3kbits/s speed=0.992x elapsed=0:03:13.93
[2026-06-03T08:41:42.374Z] [INFO] [FFMPEG] frame= 3447 fps= 18 q=28.0 q=28.0 size=   20110KiB time=00:03:12.92 bitrate= 853.9kbits/s speed=0.992x elapsed=0:03:14.46
[2026-06-03T08:41:42.890Z] [INFO] [FFMPEG] frame= 3456 fps= 18 q=28.0 q=28.0 size=   20133KiB time=00:03:13.44 bitrate= 852.6kbits/s speed=0.992x elapsed=0:03:14.97
[2026-06-03T08:41:43.402Z] [INFO] [FFMPEG] frame= 3465 fps= 18 q=28.0 q=28.0 size=   20203KiB time=00:03:13.92 bitrate= 853.5kbits/s speed=0.992x elapsed=0:03:15.48
[2026-06-03T08:41:43.916Z] [INFO] [FFMPEG] frame= 3475 fps= 18 q=28.0 q=28.0 size=   20228KiB time=00:03:14.48 bitrate= 852.0kbits/s speed=0.992x elapsed=0:03:16.00
[2026-06-03T08:41:44.431Z] [INFO] [FFMPEG] frame= 3484 fps= 18 q=28.0 q=28.0 size=   20287KiB time=00:03:15.00 bitrate= 852.3kbits/s speed=0.992x elapsed=0:03:16.51
[2026-06-03T08:41:44.942Z] [INFO] [FFMPEG] frame= 3493 fps= 18 q=28.0 q=28.0 size=   20307KiB time=00:03:15.48 bitrate= 851.0kbits/s speed=0.992x elapsed=0:03:17.02
[2026-06-03T08:41:45.455Z] [INFO] [FFMPEG] frame= 3502 fps= 18 q=28.0 q=28.0 size=   20539KiB time=00:03:16.00 bitrate= 858.4kbits/s speed=0.992x elapsed=0:03:17.54
[2026-06-03T08:41:45.981Z] [INFO] [FFMPEG] frame= 3511 fps= 18 q=26.0 q=28.0 size=   20557KiB time=00:03:16.48 bitrate= 857.1kbits/s speed=0.992x elapsed=0:03:18.06
[2026-06-03T08:41:46.491Z] [INFO] [FFMPEG] frame= 3521 fps= 18 q=28.0 q=28.0 size=   20613KiB time=00:03:17.04 bitrate= 857.0kbits/s speed=0.992x elapsed=0:03:18.57
[2026-06-03T08:41:47.001Z] [INFO] [FFMPEG] frame= 3530 fps= 18 q=28.0 q=28.0 size=   20672KiB time=00:03:17.52 bitrate= 857.3kbits/s speed=0.992x elapsed=0:03:19.08
[2026-06-03T08:41:47.528Z] [INFO] [FFMPEG] frame= 3539 fps= 18 q=28.0 q=28.0 size=   20706KiB time=00:03:18.04 bitrate= 856.5kbits/s speed=0.992x elapsed=0:03:19.61
[2026-06-03T08:41:48.041Z] [INFO] [FFMPEG] frame= 3549 fps= 18 q=28.0 q=28.0 size=   20739KiB time=00:03:18.60 bitrate= 855.5kbits/s speed=0.992x elapsed=0:03:20.12
[2026-06-03T08:41:48.553Z] [INFO] [FFMPEG] frame= 3558 fps= 18 q=28.0 q=28.0 size=   20780KiB time=00:03:19.08 bitrate= 855.1kbits/s speed=0.992x elapsed=0:03:20.64
[2026-06-03T08:41:49.078Z] [INFO] [FFMPEG] frame= 3568 fps= 18 q=27.0 q=28.0 size=   20838KiB time=00:03:19.64 bitrate= 855.1kbits/s speed=0.992x elapsed=0:03:21.16
[2026-06-03T08:41:49.590Z] [INFO] [FFMPEG] frame= 3576 fps= 18 q=28.0 q=28.0 size=   20876KiB time=00:03:20.08 bitrate= 854.7kbits/s speed=0.992x elapsed=0:03:21.67
[2026-06-03T08:41:50.099Z] [INFO] [FFMPEG] frame= 3586 fps= 18 q=27.0 q=28.0 size=   20927KiB time=00:03:20.64 bitrate= 854.4kbits/s speed=0.992x elapsed=0:03:22.18
[2026-06-03T08:41:50.610Z] [INFO] [FFMPEG] frame= 3595 fps= 18 q=26.0 q=28.0 size=   20976KiB time=00:03:21.16 bitrate= 854.2kbits/s speed=0.992x elapsed=0:03:22.69
[2026-06-03T08:41:51.126Z] [INFO] [FFMPEG] frame= 3604 fps= 18 q=27.0 q=28.0 size=   21016KiB time=00:03:21.64 bitrate= 853.8kbits/s speed=0.992x elapsed=0:03:23.21
[2026-06-03T08:41:51.649Z] [INFO] [FFMPEG] frame= 3614 fps= 18 q=27.0 q=28.0 size=   21065KiB time=00:03:22.20 bitrate= 853.4kbits/s speed=0.992x elapsed=0:03:23.73
[2026-06-03T08:41:52.162Z] [INFO] [FFMPEG] frame= 3623 fps= 18 q=28.0 q=28.0 size=   21102KiB time=00:03:22.72 bitrate= 852.7kbits/s speed=0.993x elapsed=0:03:24.25
[2026-06-03T08:41:52.677Z] [INFO] [FFMPEG] frame= 3632 fps= 18 q=28.0 q=28.0 size=   21150KiB time=00:03:23.20 bitrate= 852.7kbits/s speed=0.992x elapsed=0:03:24.76
[2026-06-03T08:41:53.190Z] [INFO] [FFMPEG] frame= 3641 fps= 18 q=26.0 q=28.0 size=   21191KiB time=00:03:23.72 bitrate= 852.2kbits/s speed=0.992x elapsed=0:03:25.27
[2026-06-03T08:41:53.705Z] [INFO] [FFMPEG] frame= 3651 fps= 18 q=28.0 q=28.0 size=   21246KiB time=00:03:24.28 bitrate= 852.0kbits/s speed=0.993x elapsed=0:03:25.79
[2026-06-03T08:41:54.228Z] [INFO] [FFMPEG] frame= 3660 fps= 18 q=27.0 q=28.0 size=   21293KiB time=00:03:24.76 bitrate= 851.9kbits/s speed=0.992x elapsed=0:03:26.31
[2026-06-03T08:41:54.742Z] [INFO] [FFMPEG] frame= 3669 fps= 18 q=28.0 q=28.0 size=   21321KiB time=00:03:25.28 bitrate= 850.8kbits/s speed=0.993x elapsed=0:03:26.82
[2026-06-03T08:41:55.253Z] [INFO] [FFMPEG] frame= 3678 fps= 18 q=27.0 q=28.0 size=   21375KiB time=00:03:25.76 bitrate= 851.0kbits/s speed=0.992x elapsed=0:03:27.34
[2026-06-03T08:41:55.779Z] [INFO] [FFMPEG] frame= 3688 fps= 18 q=27.0 q=28.0 size=   21389KiB time=00:03:26.32 bitrate= 849.3kbits/s speed=0.993x elapsed=0:03:27.86
[2026-06-03T08:41:56.292Z] [INFO] [FFMPEG] frame= 3697 fps= 18 q=28.0 q=28.0 size=   21451KiB time=00:03:26.84 bitrate= 849.6kbits/s speed=0.993x elapsed=0:03:28.37
[2026-06-03T08:41:56.803Z] [INFO] [FFMPEG] frame= 3706 fps= 18 q=27.0 q=28.0 size=   21483KiB time=00:03:27.32 bitrate= 848.9kbits/s speed=0.992x elapsed=0:03:28.89
[2026-06-03T08:41:57.329Z] [INFO] [FFMPEG] frame= 3716 fps= 18 q=28.0 q=28.0 size=   21545KiB time=00:03:27.88 bitrate= 849.0kbits/s speed=0.993x elapsed=0:03:29.41
[2026-06-03T08:41:57.839Z] [INFO] [FFMPEG] frame= 3725 fps= 18 q=28.0 q=28.0 size=   21580KiB time=00:03:28.36 bitrate= 848.4kbits/s speed=0.993x elapsed=0:03:29.92
[2026-06-03T08:41:58.353Z] [INFO] [FFMPEG] frame= 3735 fps= 18 q=27.0 q=28.0 size=   21639KiB time=00:03:28.92 bitrate= 848.5kbits/s speed=0.993x elapsed=0:03:30.44
[2026-06-03T08:41:58.866Z] [INFO] [FFMPEG] frame= 3744 fps= 18 q=28.0 q=28.0 size=   21665KiB time=00:03:29.44 bitrate= 847.4kbits/s speed=0.993x elapsed=0:03:30.95
[2026-06-03T08:41:59.377Z] [INFO] [FFMPEG] frame= 3753 fps= 18 q=28.0 q=28.0 size=   21836KiB time=00:03:29.92 bitrate= 852.1kbits/s speed=0.993x elapsed=0:03:31.46
[2026-06-03T08:41:59.902Z] [INFO] [FFMPEG] frame= 3762 fps= 18 q=28.0 q=28.0 size=   21872KiB time=00:03:30.48 bitrate= 851.3kbits/s speed=0.993x elapsed=0:03:31.99
[2026-06-03T08:42:00.418Z] [INFO] [FFMPEG] frame= 3771 fps= 18 q=28.0 q=28.0 size=   21953KiB time=00:03:30.92 bitrate= 852.6kbits/s speed=0.993x elapsed=0:03:32.50
[2026-06-03T08:42:00.930Z] [INFO] [FFMPEG] frame= 3781 fps= 18 q=28.0 q=28.0 size=   21985KiB time=00:03:31.48 bitrate= 851.6kbits/s speed=0.993x elapsed=0:03:33.01
[2026-06-03T08:42:01.442Z] [INFO] [FFMPEG] frame= 3790 fps= 18 q=28.0 q=28.0 size=   22047KiB time=00:03:32.00 bitrate= 851.9kbits/s speed=0.993x elapsed=0:03:33.52
[2026-06-03T08:42:01.955Z] [INFO] [FFMPEG] frame= 3799 fps= 18 q=26.0 q=28.0 size=   22073KiB time=00:03:32.48 bitrate= 851.0kbits/s speed=0.993x elapsed=0:03:34.04
[2026-06-03T08:42:02.478Z] [INFO] [FFMPEG] frame= 3809 fps= 18 q=26.0 q=28.0 size=   22151KiB time=00:03:33.04 bitrate= 851.8kbits/s speed=0.993x elapsed=0:03:34.56
[2026-06-03T08:42:02.991Z] [INFO] [FFMPEG] frame= 3818 fps= 18 q=28.0 q=28.0 size=   22165KiB time=00:03:33.52 bitrate= 850.4kbits/s speed=0.993x elapsed=0:03:35.07
[2026-06-03T08:42:03.514Z] [INFO] [FFMPEG] frame= 3827 fps= 18 q=28.0 q=28.0 size=   22228KiB time=00:03:34.04 bitrate= 850.7kbits/s speed=0.993x elapsed=0:03:35.60
[2026-06-03T08:42:04.027Z] [INFO] [FFMPEG] frame= 3837 fps= 18 q=26.0 q=28.0 size=   22284KiB time=00:03:34.60 bitrate= 850.6kbits/s speed=0.993x elapsed=0:03:36.11
[2026-06-03T08:42:04.540Z] [INFO] [FFMPEG] frame= 3845 fps= 18 q=28.0 q=28.0 size=   22322KiB time=00:03:35.04 bitrate= 850.4kbits/s speed=0.993x elapsed=0:03:36.62
[2026-06-03T08:42:05.048Z] [INFO] [FFMPEG] frame= 3855 fps= 18 q=26.0 q=28.0 size=   22368KiB time=00:03:35.60 bitrate= 849.9kbits/s speed=0.993x elapsed=0:03:37.13
[2026-06-03T08:42:05.576Z] [INFO] [FFMPEG] frame= 3864 fps= 18 q=28.0 q=28.0 size=   22411KiB time=00:03:36.08 bitrate= 849.6kbits/s speed=0.993x elapsed=0:03:37.66
[2026-06-03T08:42:06.091Z] [INFO] [FFMPEG] frame= 3874 fps= 18 q=27.0 q=28.0 size=   22450KiB time=00:03:36.64 bitrate= 848.9kbits/s speed=0.993x elapsed=0:03:38.17
[2026-06-03T08:42:06.605Z] [INFO] [FFMPEG] frame= 3883 fps= 18 q=26.0 q=28.0 size=   22494KiB time=00:03:37.16 bitrate= 848.6kbits/s speed=0.993x elapsed=0:03:38.69
[2026-06-03T08:42:07.119Z] [INFO] [FFMPEG] frame= 3892 fps= 18 q=27.0 q=28.0 size=   22540KiB time=00:03:37.64 bitrate= 848.4kbits/s speed=0.993x elapsed=0:03:39.20
[2026-06-03T08:42:07.633Z] [INFO] [FFMPEG] frame= 3902 fps= 18 q=28.0 q=28.0 size=   22576KiB time=00:03:38.20 bitrate= 847.6kbits/s speed=0.993x elapsed=0:03:39.72
[2026-06-03T08:42:08.153Z] [INFO] [FFMPEG] frame= 3911 fps= 18 q=28.0 q=28.0 size=   22626KiB time=00:03:38.72 bitrate= 847.5kbits/s speed=0.993x elapsed=0:03:40.24
[2026-06-03T08:42:08.664Z] [INFO] [FFMPEG] frame= 3920 fps= 18 q=27.0 q=28.0 size=   22671KiB time=00:03:39.20 bitrate= 847.3kbits/s speed=0.993x elapsed=0:03:40.75
[2026-06-03T08:42:09.177Z] [INFO] [FFMPEG] frame= 3929 fps= 18 q=28.0 q=28.0 size=   22719KiB time=00:03:39.72 bitrate= 847.0kbits/s speed=0.993x elapsed=0:03:41.26
[2026-06-03T08:42:09.690Z] [INFO] [FFMPEG] frame= 3938 fps= 18 q=27.0 q=28.0 size=   22745KiB time=00:03:40.20 bitrate= 846.2kbits/s speed=0.993x elapsed=0:03:41.77
[2026-06-03T08:42:10.205Z] [INFO] [FFMPEG] frame= 3948 fps= 18 q=27.0 q=28.0 size=   22830KiB time=00:03:40.76 bitrate= 847.2kbits/s speed=0.993x elapsed=0:03:42.29
[2026-06-03T08:42:10.720Z] [INFO] [FFMPEG] frame= 3957 fps= 18 q=28.0 q=28.0 size=   22844KiB time=00:03:41.28 bitrate= 845.7kbits/s speed=0.993x elapsed=0:03:42.80
[2026-06-03T08:42:11.249Z] [INFO] [FFMPEG] frame= 3966 fps= 18 q=26.0 q=28.0 size=   22880KiB time=00:03:41.76 bitrate= 845.2kbits/s speed=0.993x elapsed=0:03:43.33
[2026-06-03T08:42:11.760Z] [INFO] [FFMPEG] frame= 3976 fps= 18 q=27.0 q=28.0 size=   22932KiB time=00:03:42.32 bitrate= 845.0kbits/s speed=0.993x elapsed=0:03:43.84
[2026-06-03T08:42:12.274Z] [INFO] [FFMPEG] frame= 3985 fps= 18 q=27.0 q=28.0 size=   22989KiB time=00:03:42.80 bitrate= 845.3kbits/s speed=0.993x elapsed=0:03:44.36
[2026-06-03T08:42:12.784Z] [INFO] [FFMPEG] frame= 3994 fps= 18 q=27.0 q=28.0 size=   23032KiB time=00:03:43.32 bitrate= 844.9kbits/s speed=0.993x elapsed=0:03:44.87
[2026-06-03T08:42:13.302Z] [INFO] [FFMPEG] frame= 4003 fps= 18 q=28.0 q=28.0 size=   23247KiB time=00:03:43.80 bitrate= 850.9kbits/s speed=0.993x elapsed=0:03:45.39
[2026-06-03T08:42:13.814Z] [INFO] [FFMPEG] frame= 4012 fps= 18 q=27.0 q=28.0 size=   23273KiB time=00:03:44.32 bitrate= 849.9kbits/s speed=0.993x elapsed=0:03:45.90
[2026-06-03T08:42:14.330Z] [INFO] [FFMPEG] frame= 4022 fps= 18 q=28.0 q=28.0 size=   23328KiB time=00:03:44.88 bitrate= 849.8kbits/s speed=0.993x elapsed=0:03:46.41
[2026-06-03T08:42:14.856Z] [INFO] [FFMPEG] frame= 4031 fps= 18 q=28.0 q=28.0 size=   23371KiB time=00:03:45.36 bitrate= 849.6kbits/s speed=0.993x elapsed=0:03:46.94
[2026-06-03T08:42:15.367Z] [INFO] [FFMPEG] frame= 4041 fps= 18 q=28.0 q=28.0 size=   23455KiB time=00:03:45.92 bitrate= 850.5kbits/s speed=0.993x elapsed=0:03:47.45
[2026-06-03T08:42:15.883Z] [INFO] [FFMPEG] frame= 4050 fps= 18 q=28.0 q=28.0 size=   23460KiB time=00:03:46.44 bitrate= 848.7kbits/s speed=0.993x elapsed=0:03:47.97
[2026-06-03T08:42:16.394Z] [INFO] [FFMPEG] frame= 4059 fps= 18 q=28.0 q=28.0 size=   23526KiB time=00:03:46.92 bitrate= 849.3kbits/s speed=0.993x elapsed=0:03:48.48
[2026-06-03T08:42:16.910Z] [INFO] [FFMPEG] frame= 4069 fps= 18 q=28.0 q=28.0 size=   23566KiB time=00:03:47.48 bitrate= 848.7kbits/s speed=0.993x elapsed=0:03:48.99
[2026-06-03T08:42:17.424Z] [INFO] [FFMPEG] frame= 4078 fps= 18 q=28.0 q=28.0 size=   23625KiB time=00:03:48.00 bitrate= 848.8kbits/s speed=0.993x elapsed=0:03:49.51
[2026-06-03T08:42:17.939Z] [INFO] [FFMPEG] frame= 4087 fps= 18 q=28.0 q=28.0 size=   23651KiB time=00:03:48.48 bitrate= 848.0kbits/s speed=0.993x elapsed=0:03:50.02
[2026-06-03T08:42:18.466Z] [INFO] [FFMPEG] frame= 4096 fps= 18 q=28.0 q=28.0 size=   23709KiB time=00:03:49.00 bitrate= 848.1kbits/s speed=0.993x elapsed=0:03:50.55
[2026-06-03T08:42:18.976Z] [INFO] [FFMPEG] frame= 4105 fps= 18 q=28.0 q=28.0 size=   23731KiB time=00:03:49.48 bitrate= 847.2kbits/s speed=0.993x elapsed=0:03:51.06
[2026-06-03T08:42:19.489Z] [INFO] [FFMPEG] frame= 4115 fps= 18 q=28.0 q=28.0 size=   23795KiB time=00:03:50.04 bitrate= 847.4kbits/s speed=0.993x elapsed=0:03:51.57
[2026-06-03T08:42:20.002Z] [INFO] [FFMPEG] frame= 4124 fps= 18 q=27.0 q=28.0 size=   23812KiB time=00:03:50.52 bitrate= 846.2kbits/s speed=0.993x elapsed=0:03:52.09
[2026-06-03T08:42:20.530Z] [INFO] [FFMPEG] frame= 4133 fps= 18 q=26.0 q=28.0 size=   23877KiB time=00:03:51.04 bitrate= 846.6kbits/s speed=0.993x elapsed=0:03:52.61
[2026-06-03T08:42:21.043Z] [INFO] [FFMPEG] frame= 4143 fps= 18 q=28.0 q=28.0 size=   23916KiB time=00:03:51.60 bitrate= 845.9kbits/s speed=0.993x elapsed=0:03:53.13
[2026-06-03T08:42:21.555Z] [INFO] [FFMPEG] frame= 4152 fps= 18 q=28.0 q=28.0 size=   23951KiB time=00:03:52.08 bitrate= 845.4kbits/s speed=0.993x elapsed=0:03:53.64
[2026-06-03T08:42:22.066Z] [INFO] [FFMPEG] frame= 4162 fps= 18 q=27.0 q=28.0 size=   24008KiB time=00:03:52.64 bitrate= 845.4kbits/s speed=0.994x elapsed=0:03:54.15
[2026-06-03T08:42:22.579Z] [INFO] [FFMPEG] frame= 4170 fps= 18 q=28.0 q=28.0 size=   24039KiB time=00:03:53.08 bitrate= 844.9kbits/s speed=0.993x elapsed=0:03:54.66
[2026-06-03T08:42:23.101Z] [INFO] [FFMPEG] frame= 4180 fps= 18 q=27.0 q=28.0 size=   24090KiB time=00:03:53.64 bitrate= 844.7kbits/s speed=0.993x elapsed=0:03:55.18
[2026-06-03T08:42:23.614Z] [INFO] [FFMPEG] frame= 4189 fps= 18 q=26.0 q=28.0 size=   24132KiB time=00:03:54.16 bitrate= 844.3kbits/s speed=0.993x elapsed=0:03:55.70
[2026-06-03T08:42:24.140Z] [INFO] [FFMPEG] frame= 4198 fps= 18 q=27.0 q=28.0 size=   24176KiB time=00:03:54.64 bitrate= 844.1kbits/s speed=0.993x elapsed=0:03:56.22
[2026-06-03T08:42:24.648Z] [INFO] [FFMPEG] frame= 4208 fps= 18 q=27.0 q=28.0 size=   24221KiB time=00:03:55.20 bitrate= 843.6kbits/s speed=0.994x elapsed=0:03:56.73
[2026-06-03T08:42:25.165Z] [INFO] [FFMPEG] frame= 4217 fps= 18 q=28.0 q=28.0 size=   24273KiB time=00:03:55.72 bitrate= 843.6kbits/s speed=0.994x elapsed=0:03:57.25
[2026-06-03T08:42:25.674Z] [INFO] [FFMPEG] frame= 4226 fps= 18 q=27.0 q=28.0 size=   24310KiB time=00:03:56.20 bitrate= 843.1kbits/s speed=0.993x elapsed=0:03:57.76
[2026-06-03T08:42:26.198Z] [INFO] [FFMPEG] frame= 4236 fps= 18 q=27.0 q=28.0 size=   24370KiB time=00:03:56.76 bitrate= 843.2kbits/s speed=0.994x elapsed=0:03:58.28
[2026-06-03T08:42:26.711Z] [INFO] [FFMPEG] frame= 4245 fps= 18 q=28.0 q=28.0 size=   24400KiB time=00:03:57.28 bitrate= 842.4kbits/s speed=0.994x elapsed=0:03:58.79
[2026-06-03T08:42:27.223Z] [INFO] [FFMPEG] frame= 4254 fps= 18 q=27.0 q=28.0 size=   24614KiB time=00:03:57.76 bitrate= 848.1kbits/s speed=0.994x elapsed=0:03:59.31
[2026-06-03T08:42:27.736Z] [INFO] [FFMPEG] frame= 4263 fps= 18 q=28.0 q=28.0 size=   24643KiB time=00:03:58.28 bitrate= 847.2kbits/s speed=0.994x elapsed=0:03:59.82
[2026-06-03T08:42:28.264Z] [INFO] [FFMPEG] frame= 4272 fps= 18 q=27.0 q=28.0 size=   24681KiB time=00:03:58.76 bitrate= 846.8kbits/s speed=0.993x elapsed=0:04:00.35
[2026-06-03T08:42:28.778Z] [INFO] [FFMPEG] frame= 4282 fps= 18 q=27.0 q=28.0 size=   24736KiB time=00:03:59.32 bitrate= 846.7kbits/s speed=0.994x elapsed=0:04:00.86
[2026-06-03T08:42:29.292Z] [INFO] [FFMPEG] frame= 4291 fps= 18 q=27.0 q=28.0 size=   24790KiB time=00:03:59.80 bitrate= 846.9kbits/s speed=0.993x elapsed=0:04:01.37
[2026-06-03T08:42:29.479Z] [INFO] [FFMPEG] [segment @ 0000022082052b80] Opening '//192.168.19.189/encova/cam01/2026/06/03/15-42-29.mp4' for writing
[2026-06-03T08:42:29.806Z] [INFO] [FFMPEG] frame= 4300 fps= 18 q=27.0 q=28.0 size=   24823KiB time=00:04:00.32 bitrate= 846.2kbits/s speed=0.993x elapsed=0:04:01.89
[2026-06-03T08:42:30.328Z] [INFO] [FFMPEG] frame= 4310 fps= 18 q=28.0 q=28.0 size=   24876KiB time=00:04:00.88 bitrate= 846.0kbits/s speed=0.994x elapsed=0:04:02.41
[2026-06-03T08:42:30.837Z] [INFO] [FFMPEG] frame= 4319 fps= 18 q=28.0 q=28.0 size=   24907KiB time=00:04:01.36 bitrate= 845.4kbits/s speed=0.994x elapsed=0:04:02.92
[2026-06-03T08:42:31.350Z] [INFO] [FFMPEG] frame= 4329 fps= 18 q=28.0 q=28.0 size=   24979KiB time=00:04:01.92 bitrate= 845.9kbits/s speed=0.994x elapsed=0:04:03.43
[2026-06-03T08:42:31.861Z] [INFO] [FFMPEG] frame= 4337 fps= 18 q=28.0 q=28.0 size=   24994KiB time=00:04:02.36 bitrate= 844.8kbits/s speed=0.993x elapsed=0:04:03.94
[2026-06-03T08:42:32.378Z] [INFO] [FFMPEG] frame= 4347 fps= 18 q=28.0 q=28.0 size=   25047KiB time=00:04:02.92 bitrate= 844.7kbits/s speed=0.994x elapsed=0:04:04.46
[2026-06-03T08:42:32.905Z] [INFO] [FFMPEG] frame= 4357 fps= 18 q=26.0 q=28.0 size=   25086KiB time=00:04:03.48 bitrate= 844.0kbits/s speed=0.994x elapsed=0:04:04.99
[2026-06-03T08:42:33.417Z] [INFO] [FFMPEG] frame= 4365 fps= 18 q=27.0 q=28.0 size=   25132KiB time=00:04:03.92 bitrate= 844.1kbits/s speed=0.994x elapsed=0:04:05.50
[2026-06-03T08:42:33.931Z] [INFO] [FFMPEG] frame= 4375 fps= 18 q=26.0 q=28.0 size=   25164KiB time=00:04:04.48 bitrate= 843.2kbits/s speed=0.994x elapsed=0:04:06.01
[2026-06-03T08:42:34.440Z] [INFO] [FFMPEG] frame= 4384 fps= 18 q=28.0 q=28.0 size=   25223KiB time=00:04:05.00 bitrate= 843.4kbits/s speed=0.994x elapsed=0:04:06.52
[2026-06-03T08:42:34.955Z] [INFO] [FFMPEG] frame= 4393 fps= 18 q=28.0 q=28.0 size=   25281KiB time=00:04:05.48 bitrate= 843.7kbits/s speed=0.994x elapsed=0:04:07.04
[2026-06-03T08:42:35.483Z] [INFO] [FFMPEG] frame= 4403 fps= 18 q=28.0 q=28.0 size=   25322KiB time=00:04:06.04 bitrate= 843.1kbits/s speed=0.994x elapsed=0:04:07.57
[2026-06-03T08:42:35.996Z] [INFO] [FFMPEG] frame= 4412 fps= 18 q=28.0 q=28.0 size=   25339KiB time=00:04:06.52 bitrate= 842.0kbits/s speed=0.994x elapsed=0:04:08.08
[2026-06-03T08:42:36.508Z] [INFO] [FFMPEG] frame= 4421 fps= 18 q=26.0 q=28.0 size=   25404KiB time=00:04:07.04 bitrate= 842.4kbits/s speed=0.994x elapsed=0:04:08.59
[2026-06-03T08:42:37.017Z] [INFO] [FFMPEG] frame= 4430 fps= 18 q=27.0 q=28.0 size=   25434KiB time=00:04:07.52 bitrate= 841.8kbits/s speed=0.994x elapsed=0:04:09.10
[2026-06-03T08:42:37.544Z] [INFO] [FFMPEG] frame= 4440 fps= 18 q=28.0 q=28.0 size=   25500KiB time=00:04:08.08 bitrate= 842.0kbits/s speed=0.994x elapsed=0:04:09.63
[2026-06-03T08:42:38.053Z] [INFO] [FFMPEG] frame= 4449 fps= 18 q=26.0 q=28.0 size=   25551KiB time=00:04:08.60 bitrate= 842.0kbits/s speed=0.994x elapsed=0:04:10.14
[2026-06-03T08:42:38.565Z] [INFO] [FFMPEG] frame= 4458 fps= 18 q=28.0 q=28.0 size=   25600KiB time=00:04:09.08 bitrate= 841.9kbits/s speed=0.994x elapsed=0:04:10.65
[2026-06-03T08:42:39.092Z] [INFO] [FFMPEG] frame= 4468 fps= 18 q=27.0 q=28.0 size=   25637KiB time=00:04:09.64 bitrate= 841.3kbits/s speed=0.994x elapsed=0:04:11.18
[2026-06-03T08:42:39.598Z] [INFO] [FFMPEG] frame= 4476 fps= 18 q=28.0 q=28.0 size=   25675KiB time=00:04:10.08 bitrate= 841.0kbits/s speed=0.994x elapsed=0:04:11.68
[2026-06-03T08:42:40.111Z] [INFO] [FFMPEG] frame= 4486 fps= 18 q=27.0 q=28.0 size=   25733KiB time=00:04:10.64 bitrate= 841.1kbits/s speed=0.994x elapsed=0:04:12.19
[2026-06-03T08:42:40.639Z] [INFO] [FFMPEG] frame= 4496 fps= 18 q=27.0 q=28.0 size=   25778KiB time=00:04:11.20 bitrate= 840.7kbits/s speed=0.994x elapsed=0:04:12.72
[2026-06-03T08:42:41.152Z] [INFO] [FFMPEG] frame= 4505 fps= 18 q=26.0 q=28.0 size=   25976KiB time=00:04:11.72 bitrate= 845.4kbits/s speed=0.994x elapsed=0:04:13.23
[2026-06-03T08:42:41.666Z] [INFO] [FFMPEG] frame= 4514 fps= 18 q=27.0 q=28.0 size=   26010KiB time=00:04:12.20 bitrate= 844.9kbits/s speed=0.994x elapsed=0:04:13.75
[2026-06-03T08:42:42.180Z] [INFO] [FFMPEG] frame= 4523 fps= 18 q=26.0 q=28.0 size=   26065KiB time=00:04:12.72 bitrate= 844.9kbits/s speed=0.994x elapsed=0:04:14.26
[2026-06-03T08:42:42.693Z] [INFO] [FFMPEG] frame= 4532 fps= 18 q=27.0 q=28.0 size=   26093KiB time=00:04:13.20 bitrate= 844.2kbits/s speed=0.994x elapsed=0:04:14.78
[2026-06-03T08:42:43.208Z] [INFO] [FFMPEG] frame= 4542 fps= 18 q=26.0 q=28.0 size=   26151KiB time=00:04:13.76 bitrate= 844.2kbits/s speed=0.994x elapsed=0:04:15.29
[2026-06-03T08:42:43.734Z] [INFO] [FFMPEG] frame= 4551 fps= 18 q=28.0 q=28.0 size=   26200KiB time=00:04:14.28 bitrate= 844.1kbits/s speed=0.994x elapsed=0:04:15.82
[2026-06-03T08:42:44.245Z] [INFO] [FFMPEG] frame= 4560 fps= 18 q=27.0 q=28.0 size=   26244KiB time=00:04:14.76 bitrate= 843.9kbits/s speed=0.994x elapsed=0:04:16.33
[2026-06-03T08:42:44.758Z] [INFO] [FFMPEG] frame= 4570 fps= 18 q=27.0 q=28.0 size=   26287KiB time=00:04:15.32 bitrate= 843.4kbits/s speed=0.994x elapsed=0:04:16.84
[2026-06-03T08:42:45.272Z] [INFO] [FFMPEG] frame= 4579 fps= 18 q=28.0 q=28.0 size=   26351KiB time=00:04:15.80 bitrate= 843.9kbits/s speed=0.994x elapsed=0:04:17.35
[2026-06-03T08:42:45.786Z] [INFO] [FFMPEG] frame= 4588 fps= 18 q=27.0 q=28.0 size=   26376KiB time=00:04:16.32 bitrate= 843.0kbits/s speed=0.994x elapsed=0:04:17.87
[2026-06-03T08:42:46.301Z] [INFO] [FFMPEG] frame= 4598 fps= 18 q=28.0 q=28.0 size=   26431KiB time=00:04:16.84 bitrate= 843.0kbits/s speed=0.994x elapsed=0:04:18.38
[2026-06-03T08:42:46.828Z] [INFO] [FFMPEG] frame= 4607 fps= 18 q=28.0 q=28.0 size=   26463KiB time=00:04:17.36 bitrate= 842.4kbits/s speed=0.994x elapsed=0:04:18.91
[2026-06-03T08:42:47.341Z] [INFO] [FFMPEG] frame= 4617 fps= 18 q=27.0 q=28.0 size=   26529KiB time=00:04:17.92 bitrate= 842.6kbits/s speed=0.994x elapsed=0:04:19.42
[2026-06-03T08:42:47.849Z] [INFO] [FFMPEG] frame= 4625 fps= 18 q=27.0 q=28.0 size=   26543KiB time=00:04:18.36 bitrate= 841.6kbits/s speed=0.994x elapsed=0:04:19.93
[2026-06-03T08:42:48.364Z] [INFO] [FFMPEG] frame= 4635 fps= 18 q=28.0 q=28.0 size=   26600KiB time=00:04:18.92 bitrate= 841.6kbits/s speed=0.994x elapsed=0:04:20.45
[2026-06-03T08:42:48.891Z] [INFO] [FFMPEG] frame= 4645 fps= 18 q=26.0 q=28.0 size=   26661KiB time=00:04:19.48 bitrate= 841.7kbits/s speed=0.994x elapsed=0:04:20.97
[2026-06-03T08:42:49.402Z] [INFO] [FFMPEG] frame= 4653 fps= 18 q=28.0 q=28.0 size=   26705KiB time=00:04:19.92 bitrate= 841.7kbits/s speed=0.994x elapsed=0:04:21.48
[2026-06-03T08:42:49.913Z] [INFO] [FFMPEG] frame= 4663 fps= 18 q=28.0 q=28.0 size=   26726KiB time=00:04:20.48 bitrate= 840.5kbits/s speed=0.994x elapsed=0:04:22.00
[2026-06-03T08:42:50.426Z] [INFO] [FFMPEG] frame= 4672 fps= 18 q=28.0 q=28.0 size=   26787KiB time=00:04:21.00 bitrate= 840.8kbits/s speed=0.994x elapsed=0:04:22.51
[2026-06-03T08:42:50.943Z] [INFO] [FFMPEG] frame= 4681 fps= 18 q=28.0 q=28.0 size=   26806KiB time=00:04:21.48 bitrate= 839.8kbits/s speed=0.994x elapsed=0:04:23.03
[2026-06-03T08:42:51.455Z] [INFO] [FFMPEG] frame= 4690 fps= 18 q=28.0 q=28.0 size=   26861KiB time=00:04:22.00 bitrate= 839.9kbits/s speed=0.994x elapsed=0:04:23.54
[2026-06-03T08:42:51.983Z] [INFO] [FFMPEG] frame= 4700 fps= 18 q=28.0 q=28.0 size=   26886KiB time=00:04:22.52 bitrate= 839.0kbits/s speed=0.994x elapsed=0:04:24.07
[2026-06-03T08:42:52.494Z] [INFO] [FFMPEG] frame= 4709 fps= 18 q=26.0 q=28.0 size=   26948KiB time=00:04:23.04 bitrate= 839.2kbits/s speed=0.994x elapsed=0:04:24.58
[2026-06-03T08:42:53.007Z] [INFO] [FFMPEG] frame= 4718 fps= 18 q=28.0 q=28.0 size=   27002KiB time=00:04:23.52 bitrate= 839.4kbits/s speed=0.994x elapsed=0:04:25.09
[2026-06-03T08:42:53.517Z] [INFO] [FFMPEG] frame= 4727 fps= 18 q=28.0 q=28.0 size=   27037KiB time=00:04:24.04 bitrate= 838.8kbits/s speed=0.994x elapsed=0:04:25.60
[2026-06-03T08:42:54.043Z] [INFO] [FFMPEG] frame= 4737 fps= 18 q=28.0 q=28.0 size=   27104KiB time=00:04:24.60 bitrate= 839.1kbits/s speed=0.994x elapsed=0:04:26.13
[2026-06-03T08:42:54.558Z] [INFO] [FFMPEG] frame= 4746 fps= 18 q=28.0 q=28.0 size=   27146KiB time=00:04:25.08 bitrate= 838.9kbits/s speed=0.994x elapsed=0:04:26.64
[2026-06-03T08:42:55.070Z] [INFO] [FFMPEG] frame= 4756 fps= 18 q=27.0 q=28.0 size=   27329KiB time=00:04:25.60 bitrate= 842.9kbits/s speed=0.994x elapsed=0:04:27.15
[2026-06-03T08:42:55.586Z] [INFO] [FFMPEG] frame= 4764 fps= 18 q=28.0 q=28.0 size=   27371KiB time=00:04:26.08 bitrate= 842.7kbits/s speed=0.994x elapsed=0:04:27.67
[2026-06-03T08:42:56.108Z] [INFO] [FFMPEG] frame= 4774 fps= 18 q=27.0 q=28.0 size=   27423KiB time=00:04:26.64 bitrate= 842.5kbits/s speed=0.994x elapsed=0:04:28.19
[2026-06-03T08:42:56.618Z] [INFO] [FFMPEG] frame= 4784 fps= 18 q=27.0 q=28.0 size=   27467KiB time=00:04:27.20 bitrate= 842.1kbits/s speed=0.994x elapsed=0:04:28.70
[2026-06-03T08:42:57.131Z] [INFO] [FFMPEG] frame= 4792 fps= 18 q=27.0 q=28.0 size=   27520KiB time=00:04:27.64 bitrate= 842.3kbits/s speed=0.994x elapsed=0:04:29.21
[2026-06-03T08:42:57.655Z] [INFO] [FFMPEG] frame= 4802 fps= 18 q=27.0 q=28.0 size=   27554KiB time=00:04:28.20 bitrate= 841.6kbits/s speed=0.994x elapsed=0:04:29.74
[2026-06-03T08:42:58.164Z] [INFO] [FFMPEG] frame= 4811 fps= 18 q=28.0 q=28.0 size=   27601KiB time=00:04:28.72 bitrate= 841.4kbits/s speed=0.994x elapsed=0:04:30.25
[2026-06-03T08:42:58.676Z] [INFO] [FFMPEG] frame= 4820 fps= 18 q=28.0 q=28.0 size=   27640KiB time=00:04:29.20 bitrate= 841.1kbits/s speed=0.994x elapsed=0:04:30.76
[2026-06-03T08:42:59.188Z] [INFO] [FFMPEG] frame= 4830 fps= 18 q=26.0 q=28.0 size=   27689KiB time=00:04:29.76 bitrate= 840.8kbits/s speed=0.994x elapsed=0:04:31.27
[2026-06-03T08:42:59.713Z] [INFO] [FFMPEG] frame= 4839 fps= 18 q=28.0 q=28.0 size=   27739KiB time=00:04:30.28 bitrate= 840.7kbits/s speed=0.994x elapsed=0:04:31.80
[2026-06-03T08:43:00.223Z] [INFO] [FFMPEG] frame= 4848 fps= 18 q=27.0 q=28.0 size=   27777KiB time=00:04:30.76 bitrate= 840.4kbits/s speed=0.994x elapsed=0:04:32.31
[2026-06-03T08:43:00.739Z] [INFO] [FFMPEG] frame= 4857 fps= 18 q=28.0 q=28.0 size=   27817KiB time=00:04:31.28 bitrate= 840.0kbits/s speed=0.994x elapsed=0:04:32.82
[2026-06-03T08:43:01.265Z] [INFO] [FFMPEG] frame= 4866 fps= 18 q=27.0 q=28.0 size=   27856KiB time=00:04:31.80 bitrate= 839.6kbits/s speed=0.994x elapsed=0:04:33.35
[2026-06-03T08:43:01.783Z] [INFO] [FFMPEG] frame= 4876 fps= 18 q=27.0 q=28.0 size=   27902KiB time=00:04:32.32 bitrate= 839.3kbits/s speed=0.994x elapsed=0:04:33.87
[2026-06-03T08:43:02.310Z] [INFO] [FFMPEG] frame= 4885 fps= 18 q=28.0 q=28.0 size=   27959KiB time=00:04:32.80 bitrate= 839.6kbits/s speed=0.994x elapsed=0:04:34.39
[2026-06-03T08:43:02.822Z] [INFO] [FFMPEG] frame= 4894 fps= 18 q=27.0 q=28.0 size=   27989KiB time=00:04:33.32 bitrate= 838.9kbits/s speed=0.994x elapsed=0:04:34.91
[2026-06-03T08:43:03.334Z] [INFO] [FFMPEG] frame= 4905 fps= 18 q=27.0 q=28.0 size=   28058KiB time=00:04:33.92 bitrate= 839.1kbits/s speed=0.995x elapsed=0:04:35.42
[2026-06-03T08:43:03.848Z] [INFO] [FFMPEG] frame= 4913 fps= 18 q=27.0 q=28.0 size=   28079KiB time=00:04:34.36 bitrate= 838.4kbits/s speed=0.994x elapsed=0:04:35.93
[2026-06-03T08:43:04.365Z] [INFO] [FFMPEG] frame= 4923 fps= 18 q=28.0 q=28.0 size=   28150KiB time=00:04:34.92 bitrate= 838.8kbits/s speed=0.994x elapsed=0:04:36.45
[2026-06-03T08:43:04.880Z] [INFO] [FFMPEG] frame= 4932 fps= 18 q=28.0 q=28.0 size=   28168KiB time=00:04:35.44 bitrate= 837.7kbits/s speed=0.994x elapsed=0:04:36.96
[2026-06-03T08:43:05.392Z] [INFO] [FFMPEG] frame= 4941 fps= 18 q=28.0 q=28.0 size=   28242KiB time=00:04:35.92 bitrate= 838.5kbits/s speed=0.994x elapsed=0:04:37.48
[2026-06-03T08:43:05.907Z] [INFO] [FFMPEG] frame= 4951 fps= 18 q=28.0 q=28.0 size=   28258KiB time=00:04:36.48 bitrate= 837.3kbits/s speed=0.995x elapsed=0:04:37.99
[2026-06-03T08:43:06.423Z] [INFO] [FFMPEG] frame= 4960 fps= 18 q=28.0 q=28.0 size=   28311KiB time=00:04:37.00 bitrate= 837.3kbits/s speed=0.995x elapsed=0:04:38.51
[2026-06-03T08:43:06.953Z] [INFO] [FFMPEG] frame= 4969 fps= 18 q=28.0 q=28.0 size=   28343KiB time=00:04:37.48 bitrate= 836.8kbits/s speed=0.994x elapsed=0:04:39.04
[2026-06-03T08:43:07.468Z] [INFO] [FFMPEG] frame= 4979 fps= 18 q=26.0 q=28.0 size=   28409KiB time=00:04:38.04 bitrate= 837.0kbits/s speed=0.995x elapsed=0:04:39.55
[2026-06-03T08:43:07.980Z] [INFO] [FFMPEG] frame= 4988 fps= 18 q=27.0 q=28.0 size=   28423KiB time=00:04:38.52 bitrate= 836.0kbits/s speed=0.994x elapsed=0:04:40.06
[2026-06-03T08:43:08.492Z] [INFO] [FFMPEG] frame= 4997 fps= 18 q=28.0 q=28.0 size=   28482KiB time=00:04:39.04 bitrate= 836.2kbits/s speed=0.995x elapsed=0:04:40.57
[2026-06-03T08:43:09.002Z] [INFO] [FFMPEG] frame= 5006 fps= 18 q=28.0 q=28.0 size=   28657KiB time=00:04:39.52 bitrate= 839.9kbits/s speed=0.994x elapsed=0:04:41.08
[2026-06-03T08:43:09.528Z] [INFO] [FFMPEG] frame= 5015 fps= 18 q=26.0 q=28.0 size=   28705KiB time=00:04:40.04 bitrate= 839.7kbits/s speed=0.994x elapsed=0:04:41.61
[2026-06-03T08:43:10.044Z] [INFO] [FFMPEG] frame= 5025 fps= 18 q=28.0 q=28.0 size=   28741KiB time=00:04:40.60 bitrate= 839.1kbits/s speed=0.995x elapsed=0:04:42.13
[2026-06-03T08:43:10.557Z] [INFO] [FFMPEG] frame= 5034 fps= 18 q=28.0 q=28.0 size=   28783KiB time=00:04:41.08 bitrate= 838.9kbits/s speed=0.994x elapsed=0:04:42.64
[2026-06-03T08:43:11.067Z] [INFO] [FFMPEG] frame= 5044 fps= 18 q=27.0 q=28.0 size=   28849KiB time=00:04:41.64 bitrate= 839.1kbits/s speed=0.995x elapsed=0:04:43.15
[2026-06-03T08:43:11.579Z] [INFO] [FFMPEG] frame= 5052 fps= 18 q=28.0 q=28.0 size=   28889KiB time=00:04:42.08 bitrate= 839.0kbits/s speed=0.994x elapsed=0:04:43.66
[2026-06-03T08:43:12.097Z] [INFO] [FFMPEG] frame= 5062 fps= 18 q=27.0 q=28.0 size=   28928KiB time=00:04:42.64 bitrate= 838.4kbits/s speed=0.995x elapsed=0:04:44.18
[2026-06-03T08:43:12.625Z] [INFO] [FFMPEG] frame= 5072 fps= 18 q=27.0 q=28.0 size=   28974KiB time=00:04:43.20 bitrate= 838.1kbits/s speed=0.995x elapsed=0:04:44.71
[2026-06-03T08:43:13.135Z] [INFO] [FFMPEG] frame= 5080 fps= 18 q=27.0 q=28.0 size=   29024KiB time=00:04:43.64 bitrate= 838.3kbits/s speed=0.994x elapsed=0:04:45.22
[2026-06-03T08:43:13.647Z] [INFO] [FFMPEG] frame= 5090 fps= 18 q=28.0 q=28.0 size=   29079KiB time=00:04:44.20 bitrate= 838.2kbits/s speed=0.995x elapsed=0:04:45.73
[2026-06-03T08:43:14.158Z] [INFO] [FFMPEG] frame= 5099 fps= 18 q=28.0 q=28.0 size=   29150KiB time=00:04:44.72 bitrate= 838.7kbits/s speed=0.995x elapsed=0:04:46.24
[2026-06-03T08:43:14.685Z] [INFO] [FFMPEG] frame= 5108 fps= 18 q=27.0 q=28.0 size=   29171KiB time=00:04:45.20 bitrate= 837.9kbits/s speed=0.995x elapsed=0:04:46.77
[2026-06-03T08:43:15.195Z] [INFO] [FFMPEG] frame= 5118 fps= 18 q=27.0 q=28.0 size=   29214KiB time=00:04:45.76 bitrate= 837.5kbits/s speed=0.995x elapsed=0:04:47.28
[2026-06-03T08:43:15.706Z] [INFO] [FFMPEG] frame= 5126 fps= 18 q=27.0 q=28.0 size=   29243KiB time=00:04:46.20 bitrate= 837.0kbits/s speed=0.994x elapsed=0:04:47.79
[2026-06-03T08:43:16.233Z] [INFO] [FFMPEG] frame= 5136 fps= 18 q=27.0 q=28.0 size=   29289KiB time=00:04:46.76 bitrate= 836.7kbits/s speed=0.995x elapsed=0:04:48.32
[2026-06-03T08:43:16.744Z] [INFO] [FFMPEG] frame= 5146 fps= 18 q=28.0 q=28.0 size=   29338KiB time=00:04:47.32 bitrate= 836.5kbits/s speed=0.995x elapsed=0:04:48.83
[2026-06-03T08:43:17.256Z] [INFO] [FFMPEG] frame= 5154 fps= 18 q=26.0 q=28.0 size=   29374KiB time=00:04:47.76 bitrate= 836.2kbits/s speed=0.995x elapsed=0:04:49.34
[2026-06-03T08:43:17.768Z] [INFO] [FFMPEG] frame= 5164 fps= 18 q=27.0 q=28.0 size=   29412KiB time=00:04:48.32 bitrate= 835.7kbits/s speed=0.995x elapsed=0:04:49.85
[2026-06-03T08:43:18.297Z] [INFO] [FFMPEG] frame= 5173 fps= 18 q=28.0 q=25.0 size=   29467KiB time=00:04:48.80 bitrate= 835.9kbits/s speed=0.995x elapsed=0:04:50.38
[2026-06-03T08:43:18.808Z] [INFO] [FFMPEG] frame= 5182 fps= 18 q=27.0 q=28.0 size=   29497KiB time=00:04:49.32 bitrate= 835.2kbits/s speed=0.995x elapsed=0:04:50.89
[2026-06-03T08:43:19.321Z] [INFO] [FFMPEG] frame= 5192 fps= 18 q=28.0 q=28.0 size=   29559KiB time=00:04:49.88 bitrate= 835.3kbits/s speed=0.995x elapsed=0:04:51.40
[2026-06-03T08:43:19.844Z] [INFO] [FFMPEG] frame= 5201 fps= 18 q=28.0 q=28.0 size=   29589KiB time=00:04:50.36 bitrate= 834.8kbits/s speed=0.995x elapsed=0:04:51.93
[2026-06-03T08:43:20.352Z] [INFO] [FFMPEG] frame= 5211 fps= 18 q=27.0 q=28.0 size=   29660KiB time=00:04:50.92 bitrate= 835.2kbits/s speed=0.995x elapsed=0:04:52.44
[2026-06-03T08:43:20.864Z] [INFO] [FFMPEG] frame= 5220 fps= 18 q=28.0 q=28.0 size=   29671KiB time=00:04:51.44 bitrate= 834.0kbits/s speed=0.995x elapsed=0:04:52.95
[2026-06-03T08:43:21.391Z] [INFO] [FFMPEG] frame= 5229 fps= 18 q=27.0 q=28.0 size=   29730KiB time=00:04:51.92 bitrate= 834.3kbits/s speed=0.995x elapsed=0:04:53.47
[2026-06-03T08:43:21.903Z] [INFO] [FFMPEG] frame= 5239 fps= 18 q=28.0 q=28.0 size=   29796KiB time=00:04:52.48 bitrate= 834.5kbits/s speed=0.995x elapsed=0:04:53.99
[2026-06-03T08:43:22.414Z] [INFO] [FFMPEG] frame= 5247 fps= 18 q=28.0 q=28.0 size=   29839KiB time=00:04:52.92 bitrate= 834.5kbits/s speed=0.995x elapsed=0:04:54.50
[2026-06-03T08:43:22.923Z] [INFO] [FFMPEG] frame= 5257 fps= 18 q=28.0 q=28.0 size=   30062KiB time=00:04:53.44 bitrate= 839.3kbits/s speed=0.995x elapsed=0:04:55.01
[2026-06-03T08:43:23.451Z] [INFO] [FFMPEG] frame= 5266 fps= 18 q=28.0 q=28.0 size=   30103KiB time=00:04:54.00 bitrate= 838.8kbits/s speed=0.995x elapsed=0:04:55.53
[2026-06-03T08:43:23.963Z] [INFO] [FFMPEG] frame= 5275 fps= 18 q=28.0 q=28.0 size=   30135KiB time=00:04:54.48 bitrate= 838.3kbits/s speed=0.995x elapsed=0:04:56.05
[2026-06-03T08:43:24.475Z] [INFO] [FFMPEG] frame= 5285 fps= 18 q=28.0 q=28.0 size=   30207KiB time=00:04:55.04 bitrate= 838.7kbits/s speed=0.995x elapsed=0:04:56.56
[2026-06-03T08:43:24.986Z] [INFO] [FFMPEG] frame= 5294 fps= 18 q=28.0 q=28.0 size=   30225KiB time=00:04:55.52 bitrate= 837.9kbits/s speed=0.995x elapsed=0:04:57.07
[2026-06-03T08:43:25.513Z] [INFO] [FFMPEG] frame= 5303 fps= 18 q=28.0 q=28.0 size=   30294KiB time=00:04:56.04 bitrate= 838.3kbits/s speed=0.995x elapsed=0:04:57.60
[2026-06-03T08:43:26.025Z] [INFO] [FFMPEG] frame= 5313 fps= 18 q=26.0 q=28.0 size=   30344KiB time=00:04:56.60 bitrate= 838.1kbits/s speed=0.995x elapsed=0:04:58.11
[2026-06-03T08:43:26.537Z] [INFO] [FFMPEG] frame= 5321 fps= 18 q=28.0 q=28.0 size=   30367KiB time=00:04:57.04 bitrate= 837.5kbits/s speed=0.995x elapsed=0:04:58.62
[2026-06-03T08:43:27.059Z] [INFO] [FFMPEG] frame= 5331 fps= 18 q=26.0 q=28.0 size=   30415KiB time=00:04:57.60 bitrate= 837.2kbits/s speed=0.995x elapsed=0:04:59.14
[2026-06-03T08:43:27.570Z] [INFO] [FFMPEG] frame= 5340 fps= 18 q=27.0 q=28.0 size=   30454KiB time=00:04:58.08 bitrate= 837.0kbits/s speed=0.995x elapsed=0:04:59.65
[2026-06-03T08:43:28.083Z] [INFO] [FFMPEG] frame= 5350 fps= 18 q=27.0 q=28.0 size=   30502KiB time=00:04:58.64 bitrate= 836.7kbits/s speed=0.995x elapsed=0:05:00.17
[2026-06-03T08:43:28.600Z] [INFO] [FFMPEG] frame= 5359 fps= 18 q=26.0 q=28.0 size=   30544KiB time=00:04:59.16 bitrate= 836.4kbits/s speed=0.995x elapsed=0:05:00.68
[2026-06-03T08:43:29.110Z] [INFO] [FFMPEG] frame= 5368 fps= 18 q=27.0 q=28.0 size=   30591KiB time=00:04:59.64 bitrate= 836.4kbits/s speed=0.995x elapsed=0:05:01.19
[2026-06-03T08:43:29.541Z] [INFO] [FFMPEG] [segment @ 0000022082052b80] Opening '//192.168.19.189/encova/cam01/2026/06/03/15-43-29.mp4' for writing
[2026-06-03T08:43:29.639Z] [INFO] [FFMPEG] frame= 5378 fps= 18 q=28.0 q=28.0 size=   30635KiB time=00:05:00.20 bitrate= 836.0kbits/s speed=0.995x elapsed=0:05:01.72
[2026-06-03T08:43:30.153Z] [INFO] [FFMPEG] frame= 5387 fps= 18 q=26.0 q=28.0 size=   30675KiB time=00:05:00.72 bitrate= 835.6kbits/s speed=0.995x elapsed=0:05:02.24
[2026-06-03T08:43:30.671Z] [INFO] [FFMPEG] frame= 5396 fps= 18 q=27.0 q=28.0 size=   30716KiB time=00:05:01.20 bitrate= 835.4kbits/s speed=0.995x elapsed=0:05:02.75
[2026-06-03T08:43:31.186Z] [INFO] [FFMPEG] frame= 5406 fps= 18 q=27.0 q=28.0 size=   30768KiB time=00:05:01.76 bitrate= 835.3kbits/s speed=0.995x elapsed=0:05:03.27
[2026-06-03T08:43:31.698Z] [INFO] [FFMPEG] frame= 5414 fps= 18 q=28.0 q=28.0 size=   30803KiB time=00:05:02.20 bitrate= 835.0kbits/s speed=0.995x elapsed=0:05:03.78
[2026-06-03T08:43:32.206Z] [INFO] [FFMPEG] frame= 5424 fps= 18 q=26.0 q=28.0 size=   30884KiB time=00:05:02.76 bitrate= 835.6kbits/s speed=0.995x elapsed=0:05:04.29
[2026-06-03T08:43:32.720Z] [INFO] [FFMPEG] frame= 5433 fps= 18 q=28.0 q=28.0 size=   30919KiB time=00:05:03.28 bitrate= 835.2kbits/s speed=0.995x elapsed=0:05:04.80
[2026-06-03T08:43:33.248Z] [INFO] [FFMPEG] frame= 5442 fps= 18 q=27.0 q=28.0 size=   30955KiB time=00:05:03.76 bitrate= 834.8kbits/s speed=0.995x elapsed=0:05:05.33
[2026-06-03T08:43:33.757Z] [INFO] [FFMPEG] frame= 5452 fps= 18 q=28.0 q=28.0 size=   31002KiB time=00:05:04.32 bitrate= 834.5kbits/s speed=0.995x elapsed=0:05:05.84
[2026-06-03T08:43:34.270Z] [INFO] [FFMPEG] frame= 5461 fps= 18 q=28.0 q=28.0 size=   31059KiB time=00:05:04.80 bitrate= 834.8kbits/s speed=0.995x elapsed=0:05:06.35
[2026-06-03T08:43:34.783Z] [INFO] [FFMPEG] frame= 5470 fps= 18 q=28.0 q=28.0 size=   31094KiB time=00:05:05.32 bitrate= 834.3kbits/s speed=0.995x elapsed=0:05:06.87
[2026-06-03T08:43:35.303Z] [INFO] [FFMPEG] frame= 5480 fps= 18 q=28.0 q=28.0 size=   31148KiB time=00:05:05.88 bitrate= 834.2kbits/s speed=0.995x elapsed=0:05:07.39
[2026-06-03T08:43:35.828Z] [INFO] [FFMPEG] frame= 5489 fps= 18 q=28.0 q=28.0 size=   31166KiB time=00:05:06.36 bitrate= 833.4kbits/s speed=0.995x elapsed=0:05:07.91
[2026-06-03T08:43:36.340Z] [INFO] [FFMPEG] frame= 5498 fps= 18 q=27.0 q=28.0 size=   31221KiB time=00:05:06.88 bitrate= 833.4kbits/s speed=0.995x elapsed=0:05:08.42
[2026-06-03T08:43:36.848Z] [INFO] [FFMPEG] frame= 5507 fps= 18 q=28.0 q=28.0 size=   31422KiB time=00:05:07.36 bitrate= 837.5kbits/s speed=0.995x elapsed=0:05:08.93
[2026-06-03T08:43:37.375Z] [INFO] [FFMPEG] frame= 5517 fps= 18 q=27.0 q=28.0 size=   31480KiB time=00:05:07.92 bitrate= 837.5kbits/s speed=0.995x elapsed=0:05:09.46
[2026-06-03T08:43:37.888Z] [INFO] [FFMPEG] frame= 5526 fps= 18 q=28.0 q=28.0 size=   31513KiB time=00:05:08.44 bitrate= 837.0kbits/s speed=0.995x elapsed=0:05:09.97
[2026-06-03T08:43:38.402Z] [INFO] [FFMPEG] frame= 5535 fps= 18 q=28.0 q=28.0 size=   31580KiB time=00:05:08.92 bitrate= 837.4kbits/s speed=0.995x elapsed=0:05:10.49
[2026-06-03T08:43:38.913Z] [INFO] [FFMPEG] frame= 5545 fps= 18 q=28.0 q=28.0 size=   31641KiB time=00:05:09.48 bitrate= 837.5kbits/s speed=0.995x elapsed=0:05:11.00
[2026-06-03T08:43:39.429Z] [INFO] [FFMPEG] frame= 5553 fps= 18 q=28.0 q=28.0 size=   31681KiB time=00:05:09.92 bitrate= 837.4kbits/s speed=0.995x elapsed=0:05:11.51
[2026-06-03T08:43:39.952Z] [INFO] [FFMPEG] frame= 5563 fps= 18 q=26.0 q=28.0 size=   31698KiB time=00:05:10.48 bitrate= 836.4kbits/s speed=0.995x elapsed=0:05:12.04
[2026-06-03T08:43:40.465Z] [INFO] [FFMPEG] frame= 5573 fps= 18 q=28.0 q=28.0 size=   31760KiB time=00:05:11.04 bitrate= 836.5kbits/s speed=0.995x elapsed=0:05:12.55
[2026-06-03T08:43:40.981Z] [INFO] [FFMPEG] frame= 5581 fps= 18 q=28.0 q=28.0 size=   31789KiB time=00:05:11.48 bitrate= 836.1kbits/s speed=0.995x elapsed=0:05:13.06
[2026-06-03T08:43:41.490Z] [INFO] [FFMPEG] frame= 5591 fps= 18 q=26.0 q=28.0 size=   31849KiB time=00:05:12.04 bitrate= 836.1kbits/s speed=0.995x elapsed=0:05:13.57
[2026-06-03T08:43:42.005Z] [INFO] [FFMPEG] frame= 5600 fps= 18 q=28.0 q=28.0 size=   31876KiB time=00:05:12.52 bitrate= 835.6kbits/s speed=0.995x elapsed=0:05:14.09
[2026-06-03T08:43:42.530Z] [INFO] [FFMPEG] frame= 5609 fps= 18 q=26.0 q=28.0 size=   31938KiB time=00:05:13.04 bitrate= 835.8kbits/s speed=0.995x elapsed=0:05:14.61
[2026-06-03T08:43:43.044Z] [INFO] [FFMPEG] frame= 5619 fps= 18 q=28.0 q=28.0 size=   31994KiB time=00:05:13.60 bitrate= 835.8kbits/s speed=0.995x elapsed=0:05:15.13
[2026-06-03T08:43:43.557Z] [INFO] [FFMPEG] frame= 5628 fps= 18 q=28.0 q=28.0 size=   32017KiB time=00:05:14.08 bitrate= 835.1kbits/s speed=0.995x elapsed=0:05:15.64
[2026-06-03T08:43:44.072Z] [INFO] [FFMPEG] frame= 5638 fps= 18 q=27.0 q=28.0 size=   32094KiB time=00:05:14.64 bitrate= 835.6kbits/s speed=0.995x elapsed=0:05:16.15
[2026-06-03T08:43:44.590Z] [INFO] [FFMPEG] frame= 5647 fps= 18 q=28.0 q=28.0 size=   32131KiB time=00:05:15.16 bitrate= 835.2kbits/s speed=0.995x elapsed=0:05:16.67
[2026-06-03T08:43:45.102Z] [INFO] [FFMPEG] frame= 5656 fps= 18 q=27.0 q=28.0 size=   32175KiB time=00:05:15.64 bitrate= 835.1kbits/s speed=0.995x elapsed=0:05:17.19
[2026-06-03T08:43:45.613Z] [INFO] [FFMPEG] frame= 5665 fps= 18 q=26.0 q=28.0 size=   32206KiB time=00:05:16.16 bitrate= 834.5kbits/s speed=0.995x elapsed=0:05:17.70
[2026-06-03T08:43:46.140Z] [INFO] [FFMPEG] frame= 5675 fps= 18 q=28.0 q=28.0 size=   32287KiB time=00:05:16.72 bitrate= 835.1kbits/s speed=0.995x elapsed=0:05:18.22
[2026-06-03T08:43:46.652Z] [INFO] [FFMPEG] frame= 5684 fps= 18 q=28.0 q=28.0 size=   32318KiB time=00:05:17.20 bitrate= 834.6kbits/s speed=0.995x elapsed=0:05:18.74
[2026-06-03T08:43:47.161Z] [INFO] [FFMPEG] frame= 5693 fps= 18 q=28.0 q=28.0 size=   32382KiB time=00:05:17.72 bitrate= 834.9kbits/s speed=0.995x elapsed=0:05:19.24
[2026-06-03T08:43:47.686Z] [INFO] [FFMPEG] frame= 5702 fps= 18 q=28.0 q=28.0 size=   32422KiB time=00:05:18.20 bitrate= 834.7kbits/s speed=0.995x elapsed=0:05:19.77
[2026-06-03T08:43:48.199Z] [INFO] [FFMPEG] frame= 5712 fps= 18 q=26.0 q=28.0 size=   32471KiB time=00:05:18.76 bitrate= 834.5kbits/s speed=0.995x elapsed=0:05:20.28
[2026-06-03T08:43:48.708Z] [INFO] [FFMPEG] frame= 5721 fps= 18 q=28.0 q=28.0 size=   32506KiB time=00:05:19.28 bitrate= 834.0kbits/s speed=0.995x elapsed=0:05:20.79
[2026-06-03T08:43:49.233Z] [INFO] [FFMPEG] frame= 5730 fps= 18 q=26.0 q=28.0 size=   32547KiB time=00:05:19.76 bitrate= 833.8kbits/s speed=0.995x elapsed=0:05:21.32
[2026-06-03T08:43:49.741Z] [INFO] [FFMPEG] frame= 5740 fps= 18 q=27.0 q=28.0 size=   32583KiB time=00:05:20.32 bitrate= 833.3kbits/s speed=0.995x elapsed=0:05:21.82
[2026-06-03T08:43:50.252Z] [INFO] [FFMPEG] frame= 5748 fps= 18 q=27.0 q=28.0 size=   32643KiB time=00:05:20.76 bitrate= 833.7kbits/s speed=0.995x elapsed=0:05:22.34
[2026-06-03T08:43:50.780Z] [INFO] [FFMPEG] frame= 5758 fps= 18 q=27.0 q=28.0 size=   32804KiB time=00:05:21.32 bitrate= 836.3kbits/s speed=0.995x elapsed=0:05:22.86
[2026-06-03T08:43:51.287Z] [INFO] [FFMPEG] frame= 5767 fps= 18 q=28.0 q=28.0 size=   32879KiB time=00:05:21.80 bitrate= 837.0kbits/s speed=0.995x elapsed=0:05:23.37
[2026-06-03T08:43:51.800Z] [INFO] [FFMPEG] frame= 5776 fps= 18 q=28.0 q=28.0 size=   32913KiB time=00:05:22.32 bitrate= 836.5kbits/s speed=0.995x elapsed=0:05:23.88
[2026-06-03T08:43:52.324Z] [INFO] [FFMPEG] frame= 5786 fps= 18 q=28.0 q=28.0 size=   32972KiB time=00:05:22.88 bitrate= 836.6kbits/s speed=0.995x elapsed=0:05:24.41
[2026-06-03T08:43:52.840Z] [INFO] [FFMPEG] frame= 5795 fps= 18 q=28.0 q=28.0 size=   33004KiB time=00:05:23.36 bitrate= 836.1kbits/s speed=0.995x elapsed=0:05:24.92
[2026-06-03T08:43:53.354Z] [INFO] [FFMPEG] frame= 5805 fps= 18 q=28.0 q=28.0 size=   33057KiB time=00:05:23.92 bitrate= 836.0kbits/s speed=0.995x elapsed=0:05:25.44
[2026-06-03T08:43:53.868Z] [INFO] [FFMPEG] frame= 5814 fps= 18 q=28.0 q=28.0 size=   33087KiB time=00:05:24.44 bitrate= 835.4kbits/s speed=0.995x elapsed=0:05:25.95
[2026-06-03T08:43:54.379Z] [INFO] [FFMPEG] frame= 5823 fps= 18 q=27.0 q=28.0 size=   33144KiB time=00:05:24.92 bitrate= 835.6kbits/s speed=0.995x elapsed=0:05:26.46
[2026-06-03T08:43:54.892Z] [INFO] [FFMPEG] frame= 5832 fps= 18 q=28.0 q=28.0 size=   33171KiB time=00:05:25.44 bitrate= 835.0kbits/s speed=0.995x elapsed=0:05:26.98
[2026-06-03T08:43:55.421Z] [INFO] [FFMPEG] frame= 5842 fps= 18 q=28.0 q=28.0 size=   33228KiB time=00:05:26.00 bitrate= 835.0kbits/s speed=0.995x elapsed=0:05:27.50
[2026-06-03T08:43:55.936Z] [INFO] [FFMPEG] frame= 5851 fps= 18 q=28.0 q=28.0 size=   33282KiB time=00:05:26.48 bitrate= 835.1kbits/s speed=0.995x elapsed=0:05:28.02
[2026-06-03T08:43:56.448Z] [INFO] [FFMPEG] frame= 5860 fps= 18 q=28.0 q=28.0 size=   33314KiB time=00:05:27.00 bitrate= 834.6kbits/s speed=0.995x elapsed=0:05:28.53
[2026-06-03T08:43:56.958Z] [INFO] [FFMPEG] frame= 5869 fps= 18 q=26.0 q=28.0 size=   33336KiB time=00:05:27.48 bitrate= 833.9kbits/s speed=0.995x elapsed=0:05:29.04
[2026-06-03T08:43:57.482Z] [INFO] [FFMPEG] frame= 5879 fps= 18 q=28.0 q=28.0 size=   33392KiB time=00:05:28.04 bitrate= 833.9kbits/s speed=0.995x elapsed=0:05:29.56
[2026-06-03T08:43:57.990Z] [INFO] [FFMPEG] frame= 5888 fps= 18 q=28.0 q=28.0 size=   33420KiB time=00:05:28.52 bitrate= 833.4kbits/s speed=0.995x elapsed=0:05:30.07
[2026-06-03T08:43:58.503Z] [INFO] [FFMPEG] frame= 5897 fps= 18 q=28.0 q=28.0 size=   33479KiB time=00:05:29.04 bitrate= 833.5kbits/s speed=0.995x elapsed=0:05:30.59
[2026-06-03T08:43:59.018Z] [INFO] [FFMPEG] frame= 5906 fps= 18 q=28.0 q=28.0 size=   33505KiB time=00:05:29.52 bitrate= 832.9kbits/s speed=0.995x elapsed=0:05:31.10
[2026-06-03T08:43:59.547Z] [INFO] [FFMPEG] frame= 5915 fps= 18 q=26.0 q=28.0 size=   33569KiB time=00:05:30.04 bitrate= 833.2kbits/s speed=0.995x elapsed=0:05:31.63
[2026-06-03T08:44:00.054Z] [INFO] [FFMPEG] frame= 5925 fps= 18 q=28.0 q=28.0 size=   33620KiB time=00:05:30.60 bitrate= 833.1kbits/s speed=0.995x elapsed=0:05:32.14
[2026-06-03T08:44:00.572Z] [INFO] [FFMPEG] frame= 5934 fps= 18 q=28.0 q=28.0 size=   33649KiB time=00:05:31.08 bitrate= 832.6kbits/s speed=0.995x elapsed=0:05:32.66
[2026-06-03T08:44:01.082Z] [INFO] [FFMPEG] frame= 5944 fps= 18 q=27.0 q=28.0 size=   33704KiB time=00:05:31.64 bitrate= 832.5kbits/s speed=0.995x elapsed=0:05:33.16
[2026-06-03T08:44:01.609Z] [INFO] [FFMPEG] frame= 5953 fps= 18 q=28.0 q=28.0 size=   33743KiB time=00:05:32.16 bitrate= 832.2kbits/s speed=0.995x elapsed=0:05:33.69
[2026-06-03T08:44:02.125Z] [INFO] [FFMPEG] frame= 5962 fps= 18 q=27.0 q=28.0 size=   33785KiB time=00:05:32.64 bitrate= 832.0kbits/s speed=0.995x elapsed=0:05:34.21
[2026-06-03T08:44:02.640Z] [INFO] [FFMPEG] frame= 5972 fps= 18 q=25.0 q=28.0 size=   33809KiB time=00:05:33.20 bitrate= 831.2kbits/s speed=0.995x elapsed=0:05:34.72
[2026-06-03T08:44:03.151Z] [INFO] [FFMPEG] frame= 5981 fps= 18 q=28.0 q=28.0 size=   33876KiB time=00:05:33.72 bitrate= 831.6kbits/s speed=0.995x elapsed=0:05:35.23
[2026-06-03T08:44:03.666Z] [INFO] [FFMPEG] frame= 5990 fps= 18 q=28.0 q=28.0 size=   33918KiB time=00:05:34.20 bitrate= 831.4kbits/s speed=0.995x elapsed=0:05:35.75
[2026-06-03T08:44:04.174Z] [INFO] [FFMPEG] frame= 5999 fps= 18 q=26.0 q=28.0 size=   33954KiB time=00:05:34.72 bitrate= 831.0kbits/s speed=0.995x elapsed=0:05:36.26
[2026-06-03T08:44:04.696Z] [INFO] [FFMPEG] frame= 6008 fps= 18 q=27.0 q=28.0 size=   34126KiB time=00:05:35.20 bitrate= 834.0kbits/s speed=0.995x elapsed=0:05:36.78
[2026-06-03T08:44:05.209Z] [INFO] [FFMPEG] frame= 6018 fps= 18 q=27.0 q=28.0 size=   34179KiB time=00:05:35.76 bitrate= 833.9kbits/s speed=0.995x elapsed=0:05:37.29
[2026-06-03T08:44:05.733Z] [INFO] [FFMPEG] frame= 6027 fps= 18 q=28.0 q=28.0 size=   34211KiB time=00:05:36.28 bitrate= 833.4kbits/s speed=0.995x elapsed=0:05:37.82
[2026-06-03T08:44:06.244Z] [INFO] [FFMPEG] frame= 6036 fps= 18 q=26.0 q=28.0 size=   34256KiB time=00:05:36.76 bitrate= 833.3kbits/s speed=0.995x elapsed=0:05:38.33
[2026-06-03T08:44:06.753Z] [INFO] [FFMPEG] frame= 6046 fps= 18 q=27.0 q=28.0 size=   34307KiB time=00:05:37.32 bitrate= 833.2kbits/s speed=0.996x elapsed=0:05:38.84
[2026-06-03T08:44:07.269Z] [INFO] [FFMPEG] frame= 6055 fps= 18 q=28.0 q=28.0 size=   34351KiB time=00:05:37.80 bitrate= 833.1kbits/s speed=0.995x elapsed=0:05:39.35
[2026-06-03T08:44:07.783Z] [INFO] [FFMPEG] frame= 6064 fps= 18 q=28.0 q=28.0 size=   34383KiB time=00:05:38.32 bitrate= 832.5kbits/s speed=0.995x elapsed=0:05:39.87
[2026-06-03T08:44:08.307Z] [INFO] [FFMPEG] frame= 6074 fps= 18 q=27.0 q=28.0 size=   34448KiB time=00:05:38.88 bitrate= 832.7kbits/s speed=0.996x elapsed=0:05:40.39
[2026-06-03T08:44:08.822Z] [INFO] [FFMPEG] frame= 6083 fps= 18 q=27.0 q=28.0 size=   34480KiB time=00:05:39.36 bitrate= 832.3kbits/s speed=0.995x elapsed=0:05:40.90
[2026-06-03T08:44:09.336Z] [INFO] [FFMPEG] frame= 6093 fps= 18 q=28.0 q=28.0 size=   34530KiB time=00:05:39.92 bitrate= 832.2kbits/s speed=0.996x elapsed=0:05:41.42
[2026-06-03T08:44:09.848Z] [INFO] [FFMPEG] frame= 6101 fps= 18 q=28.0 q=28.0 size=   34565KiB time=00:05:40.36 bitrate= 831.9kbits/s speed=0.995x elapsed=0:05:41.93
[2026-06-03T08:44:10.376Z] [INFO] [FFMPEG] frame= 6111 fps= 18 q=28.0 q=28.0 size=   34638KiB time=00:05:40.92 bitrate= 832.3kbits/s speed=0.995x elapsed=0:05:42.46
[2026-06-03T08:44:10.903Z] [INFO] [FFMPEG] frame= 6121 fps= 18 q=26.0 q=28.0 size=   34657KiB time=00:05:41.48 bitrate= 831.4kbits/s speed=0.996x elapsed=0:05:42.99
[2026-06-03T08:44:11.419Z] [INFO] [FFMPEG] frame= 6130 fps= 18 q=28.0 q=28.0 size=   34704KiB time=00:05:42.00 bitrate= 831.3kbits/s speed=0.996x elapsed=0:05:43.50
[2026-06-03T08:44:11.930Z] [INFO] [FFMPEG] frame= 6139 fps= 18 q=28.0 q=28.0 size=   34735KiB time=00:05:42.48 bitrate= 830.9kbits/s speed=0.996x elapsed=0:05:44.01
[2026-06-03T08:44:12.442Z] [INFO] [FFMPEG] frame= 6148 fps= 18 q=28.0 q=28.0 size=   34790KiB time=00:05:43.00 bitrate= 830.9kbits/s speed=0.996x elapsed=0:05:44.52
[2026-06-03T08:44:12.956Z] [INFO] [FFMPEG] frame= 6157 fps= 18 q=28.0 q=28.0 size=   34817KiB time=00:05:43.48 bitrate= 830.4kbits/s speed=0.995x elapsed=0:05:45.04
[2026-06-03T08:44:13.482Z] [INFO] [FFMPEG] frame= 6167 fps= 18 q=28.0 q=28.0 size=   34884KiB time=00:05:44.04 bitrate= 830.6kbits/s speed=0.996x elapsed=0:05:45.56
[2026-06-03T08:44:13.994Z] [INFO] [FFMPEG] frame= 6176 fps= 18 q=27.0 q=28.0 size=   34910KiB time=00:05:44.52 bitrate= 830.1kbits/s speed=0.995x elapsed=0:05:46.08
[2026-06-03T08:44:14.506Z] [INFO] [FFMPEG] frame= 6185 fps= 18 q=28.0 q=28.0 size=   34973KiB time=00:05:45.04 bitrate= 830.3kbits/s speed=0.996x elapsed=0:05:46.59
[2026-06-03T08:44:15.020Z] [INFO] [FFMPEG] frame= 6195 fps= 18 q=26.0 q=28.0 size=   35019KiB time=00:05:45.60 bitrate= 830.1kbits/s speed=0.996x elapsed=0:05:47.10
[2026-06-03T08:44:15.537Z] [INFO] [FFMPEG] frame= 6204 fps= 18 q=28.0 q=28.0 size=   35053KiB time=00:05:46.08 bitrate= 829.7kbits/s speed=0.996x elapsed=0:05:47.62
[2026-06-03T08:44:16.050Z] [INFO] [FFMPEG] frame= 6213 fps= 18 q=28.0 q=28.0 size=   35103KiB time=00:05:46.60 bitrate= 829.7kbits/s speed=0.996x elapsed=0:05:48.13
[2026-06-03T08:44:16.579Z] [INFO] [FFMPEG] frame= 6223 fps= 18 q=26.0 q=28.0 size=   35147KiB time=00:05:47.16 bitrate= 829.4kbits/s speed=0.996x elapsed=0:05:48.66
[2026-06-03T08:44:17.108Z] [INFO] [FFMPEG] frame= 6232 fps= 18 q=27.0 q=28.0 size=   35189KiB time=00:05:47.64 bitrate= 829.2kbits/s speed=0.996x elapsed=0:05:49.19
[2026-06-03T08:44:17.620Z] [INFO] [FFMPEG] frame= 6242 fps= 18 q=27.0 q=28.0 size=   35239KiB time=00:05:48.20 bitrate= 829.1kbits/s speed=0.996x elapsed=0:05:49.70
[2026-06-03T08:44:18.137Z] [INFO] [FFMPEG] frame= 6250 fps= 18 q=27.0 q=28.0 size=   35256KiB time=00:05:48.64 bitrate= 828.4kbits/s speed=0.995x elapsed=0:05:50.22
[2026-06-03T08:44:18.643Z] [INFO] [FFMPEG] frame= 6260 fps= 18 q=28.0 q=28.0 size=   35457KiB time=00:05:49.20 bitrate= 831.8kbits/s speed=0.996x elapsed=0:05:50.73
[2026-06-03T08:44:19.171Z] [INFO] [FFMPEG] frame= 6270 fps= 18 q=26.0 q=28.0 size=   35502KiB time=00:05:49.76 bitrate= 831.5kbits/s speed=0.996x elapsed=0:05:51.25
[2026-06-03T08:44:19.683Z] [INFO] [FFMPEG] frame= 6278 fps= 18 q=28.0 q=28.0 size=   35541KiB time=00:05:50.20 bitrate= 831.4kbits/s speed=0.996x elapsed=0:05:51.77
[2026-06-03T08:44:20.196Z] [INFO] [FFMPEG] frame= 6288 fps= 18 q=27.0 q=28.0 size=   35588KiB time=00:05:50.76 bitrate= 831.2kbits/s speed=0.996x elapsed=0:05:52.28
[2026-06-03T08:44:20.709Z] [INFO] [FFMPEG] frame= 6297 fps= 18 q=28.0 q=28.0 size=   35628KiB time=00:05:51.24 bitrate= 831.0kbits/s speed=0.996x elapsed=0:05:52.79
[2026-06-03T08:44:21.234Z] [INFO] [FFMPEG] frame= 6306 fps= 18 q=27.0 q=28.0 size=   35670KiB time=00:05:51.76 bitrate= 830.7kbits/s speed=0.996x elapsed=0:05:53.32
[2026-06-03T08:44:21.745Z] [INFO] [FFMPEG] frame= 6315 fps= 18 q=28.0 q=28.0 size=   35709KiB time=00:05:52.28 bitrate= 830.4kbits/s speed=0.996x elapsed=0:05:53.83
[2026-06-03T08:44:22.259Z] [INFO] [FFMPEG] frame= 6325 fps= 18 q=28.0 q=28.0 size=   35763KiB time=00:05:52.80 bitrate= 830.4kbits/s speed=0.996x elapsed=0:05:54.34
[2026-06-03T08:44:22.768Z] [INFO] [FFMPEG] frame= 6334 fps= 18 q=27.0 q=28.0 size=   35794KiB time=00:05:53.32 bitrate= 829.9kbits/s speed=0.996x elapsed=0:05:54.85
[2026-06-03T08:44:23.294Z] [INFO] [FFMPEG] frame= 6343 fps= 18 q=28.0 q=28.0 size=   35848KiB time=00:05:53.80 bitrate= 830.0kbits/s speed=0.996x elapsed=0:05:55.38
[2026-06-03T08:44:23.803Z] [INFO] [FFMPEG] frame= 6352 fps= 18 q=27.0 q=28.0 size=   35883KiB time=00:05:54.32 bitrate= 829.6kbits/s speed=0.996x elapsed=0:05:55.89
[2026-06-03T08:44:24.316Z] [INFO] [FFMPEG] frame= 6362 fps= 18 q=28.0 q=28.0 size=   35945KiB time=00:05:54.88 bitrate= 829.8kbits/s speed=0.996x elapsed=0:05:56.40
[2026-06-03T08:44:24.832Z] [INFO] [FFMPEG] frame= 6371 fps= 18 q=28.0 q=28.0 size=   35979KiB time=00:05:55.36 bitrate= 829.4kbits/s speed=0.996x elapsed=0:05:56.91
[2026-06-03T08:44:25.359Z] [INFO] [FFMPEG] frame= 6381 fps= 18 q=27.0 q=28.0 size=   36047KiB time=00:05:55.92 bitrate= 829.7kbits/s speed=0.996x elapsed=0:05:57.44
[2026-06-03T08:44:25.862Z] [INFO] [FFMPEG] frame= 6390 fps= 18 q=28.0 q=28.0 size=   36069KiB time=00:05:56.44 bitrate= 829.0kbits/s speed=0.996x elapsed=0:05:57.95
[2026-06-03T08:44:26.387Z] [INFO] [FFMPEG] frame= 6399 fps= 18 q=28.0 q=28.0 size=   36120KiB time=00:05:56.92 bitrate= 829.0kbits/s speed=0.996x elapsed=0:05:58.47
[2026-06-03T08:44:26.899Z] [INFO] [FFMPEG] frame= 6409 fps= 18 q=28.0 q=28.0 size=   36163KiB time=00:05:57.48 bitrate= 828.7kbits/s speed=0.996x elapsed=0:05:58.98
[2026-06-03T08:44:27.412Z] [INFO] [FFMPEG] frame= 6417 fps= 18 q=27.0 q=28.0 size=   36203KiB time=00:05:57.92 bitrate= 828.6kbits/s speed=0.996x elapsed=0:05:59.49
[2026-06-03T08:44:27.924Z] [INFO] [FFMPEG] frame= 6427 fps= 18 q=28.0 q=28.0 size=   36240KiB time=00:05:58.48 bitrate= 828.2kbits/s speed=0.996x elapsed=0:06:00.01
[2026-06-03T08:44:28.450Z] [INFO] [FFMPEG] frame= 6436 fps= 18 q=28.0 q=28.0 size=   36297KiB time=00:05:59.00 bitrate= 828.3kbits/s speed=0.996x elapsed=0:06:00.53
[2026-06-03T08:44:28.962Z] [INFO] [FFMPEG] frame= 6445 fps= 18 q=28.0 q=28.0 size=   36346KiB time=00:05:59.48 bitrate= 828.3kbits/s speed=0.996x elapsed=0:06:01.04
[2026-06-03T08:44:29.474Z] [INFO] [FFMPEG] frame= 6455 fps= 18 q=28.0 q=28.0 size=   36394KiB time=00:06:00.04 bitrate= 828.1kbits/s speed=0.996x elapsed=0:06:01.56
[2026-06-03T08:44:29.499Z] [INFO] [FFMPEG] [segment @ 0000022082052b80] Opening '//192.168.19.189/encova/cam01/2026/06/03/15-44-29.mp4' for writing
[2026-06-03T08:44:30.000Z] [INFO] [FFMPEG] frame= 6464 fps= 18 q=28.0 q=28.0 size=   36410KiB time=00:06:00.52 bitrate= 827.3kbits/s speed=0.996x elapsed=0:06:02.08
[2026-06-03T08:44:30.508Z] [INFO] [FFMPEG] frame= 6473 fps= 18 q=28.0 q=28.0 size=   36472KiB time=00:06:01.04 bitrate= 827.6kbits/s speed=0.996x elapsed=0:06:02.59
[2026-06-03T08:44:31.021Z] [INFO] [FFMPEG] frame= 6483 fps= 18 q=28.0 q=28.0 size=   36519KiB time=00:06:01.60 bitrate= 827.3kbits/s speed=0.996x elapsed=0:06:03.10
[2026-06-03T08:44:31.546Z] [INFO] [FFMPEG] frame= 6491 fps= 18 q=28.0 q=28.0 size=   36559KiB time=00:06:02.04 bitrate= 827.2kbits/s speed=0.996x elapsed=0:06:03.63
[2026-06-03T08:44:32.059Z] [INFO] [FFMPEG] frame= 6501 fps= 18 q=26.0 q=28.0 size=   36579KiB time=00:06:02.60 bitrate= 826.4kbits/s speed=0.996x elapsed=0:06:04.14
[2026-06-03T08:44:32.572Z] [INFO] [FFMPEG] frame= 6511 fps= 18 q=26.0 q=28.0 size=   36817KiB time=00:06:03.16 bitrate= 830.5kbits/s speed=0.996x elapsed=0:06:04.65
[2026-06-03T08:44:33.085Z] [INFO] [FFMPEG] frame= 6520 fps= 18 q=27.0 q=28.0 size=   36861KiB time=00:06:03.64 bitrate= 830.4kbits/s speed=0.996x elapsed=0:06:05.17
[2026-06-03T08:44:33.599Z] [INFO] [FFMPEG] frame= 6529 fps= 18 q=26.0 q=28.0 size=   36911KiB time=00:06:04.16 bitrate= 830.3kbits/s speed=0.996x elapsed=0:06:05.68
[2026-06-03T08:44:34.112Z] [INFO] [FFMPEG] frame= 6538 fps= 18 q=27.0 q=28.0 size=   36952KiB time=00:06:04.64 bitrate= 830.2kbits/s speed=0.996x elapsed=0:06:06.19
[2026-06-03T08:44:34.642Z] [INFO] [FFMPEG] frame= 6548 fps= 18 q=27.0 q=28.0 size=   36996KiB time=00:06:05.20 bitrate= 829.9kbits/s speed=0.996x elapsed=0:06:06.72
[2026-06-03T08:44:35.171Z] [INFO] [FFMPEG] frame= 6558 fps= 18 q=27.0 q=28.0 size=   37035KiB time=00:06:05.76 bitrate= 829.5kbits/s speed=0.996x elapsed=0:06:07.25
[2026-06-03T08:44:35.681Z] [INFO] [FFMPEG] frame= 6566 fps= 18 q=28.0 q=28.0 size=   37074KiB time=00:06:06.20 bitrate= 829.4kbits/s speed=0.996x elapsed=0:06:07.76
[2026-06-03T08:44:36.192Z] [INFO] [FFMPEG] frame= 6576 fps= 18 q=26.0 q=28.0 size=   37115KiB time=00:06:06.76 bitrate= 829.0kbits/s speed=0.996x elapsed=0:06:08.27
[2026-06-03T08:44:36.705Z] [INFO] [FFMPEG] frame= 6584 fps= 18 q=27.0 q=28.0 size=   37152KiB time=00:06:07.20 bitrate= 828.8kbits/s speed=0.996x elapsed=0:06:08.79
[2026-06-03T08:44:37.234Z] [INFO] [FFMPEG] frame= 6594 fps= 18 q=27.0 q=28.0 size=   37197KiB time=00:06:07.76 bitrate= 828.6kbits/s speed=0.996x elapsed=0:06:09.32
[2026-06-03T08:44:37.750Z] [INFO] [FFMPEG] frame= 6604 fps= 18 q=28.0 q=28.0 size=   37235KiB time=00:06:08.32 bitrate= 828.2kbits/s speed=0.996x elapsed=0:06:09.83
[2026-06-03T08:44:38.262Z] [INFO] [FFMPEG] frame= 6612 fps= 18 q=27.0 q=28.0 size=   37277KiB time=00:06:08.76 bitrate= 828.1kbits/s speed=0.996x elapsed=0:06:10.34
[2026-06-03T08:44:38.769Z] [INFO] [FFMPEG] frame= 6622 fps= 18 q=27.0 q=28.0 size=   37314KiB time=00:06:09.32 bitrate= 827.7kbits/s speed=0.996x elapsed=0:06:10.85
[2026-06-03T08:44:39.283Z] [INFO] [FFMPEG] frame= 6631 fps= 18 q=28.0 q=28.0 size=   37369KiB time=00:06:09.80 bitrate= 827.8kbits/s speed=0.996x elapsed=0:06:11.37
[2026-06-03T08:44:39.808Z] [INFO] [FFMPEG] frame= 6640 fps= 18 q=28.0 q=28.0 size=   37400KiB time=00:06:10.32 bitrate= 827.3kbits/s speed=0.996x elapsed=0:06:11.89
[2026-06-03T08:44:40.321Z] [INFO] [FFMPEG] frame= 6650 fps= 18 q=27.0 q=28.0 size=   37461KiB time=00:06:10.88 bitrate= 827.4kbits/s speed=0.996x elapsed=0:06:12.40
[2026-06-03T08:44:40.832Z] [INFO] [FFMPEG] frame= 6659 fps= 18 q=28.0 q=28.0 size=   37498KiB time=00:06:11.36 bitrate= 827.2kbits/s speed=0.996x elapsed=0:06:12.91
[2026-06-03T08:44:41.357Z] [INFO] [FFMPEG] frame= 6669 fps= 18 q=27.0 q=28.0 size=   37556KiB time=00:06:11.92 bitrate= 827.2kbits/s speed=0.996x elapsed=0:06:13.44
[2026-06-03T08:44:41.868Z] [INFO] [FFMPEG] frame= 6678 fps= 18 q=28.0 q=28.0 size=   37572KiB time=00:06:12.44 bitrate= 826.4kbits/s speed=0.996x elapsed=0:06:13.95
[2026-06-03T08:44:42.377Z] [INFO] [FFMPEG] frame= 6687 fps= 18 q=27.0 q=28.0 size=   37650KiB time=00:06:12.92 bitrate= 827.1kbits/s speed=0.996x elapsed=0:06:14.46
[2026-06-03T08:44:42.902Z] [INFO] [FFMPEG] frame= 6697 fps= 18 q=28.0 q=28.0 size=   37718KiB time=00:06:13.48 bitrate= 827.3kbits/s speed=0.996x elapsed=0:06:14.99
[2026-06-03T08:44:43.410Z] [INFO] [FFMPEG] frame= 6705 fps= 18 q=28.0 q=28.0 size=   37761KiB time=00:06:13.92 bitrate= 827.3kbits/s speed=0.996x elapsed=0:06:15.49
[2026-06-03T08:44:43.933Z] [INFO] [FFMPEG] frame= 6715 fps= 18 q=28.0 q=28.0 size=   37830KiB time=00:06:14.48 bitrate= 827.6kbits/s speed=0.996x elapsed=0:06:16.02
[2026-06-03T08:44:44.446Z] [INFO] [FFMPEG] frame= 6724 fps= 18 q=28.0 q=28.0 size=   37861KiB time=00:06:15.00 bitrate= 827.1kbits/s speed=0.996x elapsed=0:06:16.53
[2026-06-03T08:44:44.957Z] [INFO] [FFMPEG] frame= 6733 fps= 18 q=26.0 q=28.0 size=   37897KiB time=00:06:15.48 bitrate= 826.8kbits/s speed=0.996x elapsed=0:06:17.04
[2026-06-03T08:44:45.470Z] [INFO] [FFMPEG] frame= 6743 fps= 18 q=28.0 q=28.0 size=   37962KiB time=00:06:16.04 bitrate= 827.0kbits/s speed=0.996x elapsed=0:06:17.55
[2026-06-03T08:44:45.997Z] [INFO] [FFMPEG] frame= 6752 fps= 18 q=28.0 q=28.0 size=   38135KiB time=00:06:16.52 bitrate= 829.7kbits/s speed=0.996x elapsed=0:06:18.08
[2026-06-03T08:44:46.511Z] [INFO] [FFMPEG] frame= 6761 fps= 18 q=28.0 q=28.0 size=   38191KiB time=00:06:17.04 bitrate= 829.8kbits/s speed=0.996x elapsed=0:06:18.59
[2026-06-03T08:44:47.026Z] [INFO] [FFMPEG] frame= 6771 fps= 18 q=26.0 q=28.0 size=   38246KiB time=00:06:17.60 bitrate= 829.7kbits/s speed=0.996x elapsed=0:06:19.11
[2026-06-03T08:44:47.536Z] [INFO] [FFMPEG] frame= 6779 fps= 18 q=28.0 q=28.0 size=   38286KiB time=00:06:18.04 bitrate= 829.7kbits/s speed=0.996x elapsed=0:06:19.62
[2026-06-03T08:44:48.048Z] [INFO] [FFMPEG] frame= 6789 fps= 18 q=26.0 q=28.0 size=   38331KiB time=00:06:18.60 bitrate= 829.4kbits/s speed=0.996x elapsed=0:06:20.13
[2026-06-03T08:44:48.575Z] [INFO] [FFMPEG] frame= 6798 fps= 18 q=28.0 q=28.0 size=   38362KiB time=00:06:19.08 bitrate= 829.0kbits/s speed=0.996x elapsed=0:06:20.66
[2026-06-03T08:44:49.087Z] [INFO] [FFMPEG] frame= 6808 fps= 18 q=27.0 q=28.0 size=   38422KiB time=00:06:19.64 bitrate= 829.1kbits/s speed=0.996x elapsed=0:06:21.17
[2026-06-03T08:44:49.600Z] [INFO] [FFMPEG] frame= 6817 fps= 18 q=26.0 q=28.0 size=   38456KiB time=00:06:20.16 bitrate= 828.7kbits/s speed=0.996x elapsed=0:06:21.68
[2026-06-03T08:44:50.112Z] [INFO] [FFMPEG] frame= 6826 fps= 18 q=27.0 q=28.0 size=   38490KiB time=00:06:20.64 bitrate= 828.4kbits/s speed=0.996x elapsed=0:06:22.19
[2026-06-03T08:44:50.642Z] [INFO] [FFMPEG] frame= 6836 fps= 18 q=27.0 q=28.0 size=   38538KiB time=00:06:21.20 bitrate= 828.2kbits/s speed=0.996x elapsed=0:06:22.72
[2026-06-03T08:44:51.160Z] [INFO] [FFMPEG] frame= 6845 fps= 18 q=28.0 q=28.0 size=   38585KiB time=00:06:21.72 bitrate= 828.1kbits/s speed=0.996x elapsed=0:06:23.24
[2026-06-03T08:44:51.684Z] [INFO] [FFMPEG] frame= 6854 fps= 18 q=27.0 q=28.0 size=   38634KiB time=00:06:22.20 bitrate= 828.1kbits/s speed=0.996x elapsed=0:06:23.77
[2026-06-03T08:44:52.194Z] [INFO] [FFMPEG] frame= 6864 fps= 18 q=27.0 q=28.0 size=   38674KiB time=00:06:22.76 bitrate= 827.7kbits/s speed=0.996x elapsed=0:06:24.28
[2026-06-03T08:44:52.706Z] [INFO] [FFMPEG] frame= 6872 fps= 18 q=27.0 q=28.0 size=   38715KiB time=00:06:23.20 bitrate= 827.6kbits/s speed=0.996x elapsed=0:06:24.79
[2026-06-03T08:44:53.232Z] [INFO] [FFMPEG] frame= 6882 fps= 18 q=27.0 q=28.0 size=   38758KiB time=00:06:23.76 bitrate= 827.4kbits/s speed=0.996x elapsed=0:06:25.32
[2026-06-03T08:44:53.743Z] [INFO] [FFMPEG] frame= 6892 fps= 18 q=27.0 q=28.0 size=   38807KiB time=00:06:24.32 bitrate= 827.2kbits/s speed=0.996x elapsed=0:06:25.83
[2026-06-03T08:44:54.258Z] [INFO] [FFMPEG] frame= 6901 fps= 18 q=27.0 q=28.0 size=   38858KiB time=00:06:24.80 bitrate= 827.3kbits/s speed=0.996x elapsed=0:06:26.34
[2026-06-03T08:44:54.772Z] [INFO] [FFMPEG] frame= 6910 fps= 18 q=27.0 q=28.0 size=   38890KiB time=00:06:25.32 bitrate= 826.8kbits/s speed=0.996x elapsed=0:06:26.85
[2026-06-03T08:44:55.285Z] [INFO] [FFMPEG] frame= 6919 fps= 18 q=28.0 q=28.0 size=   38952KiB time=00:06:25.80 bitrate= 827.1kbits/s speed=0.996x elapsed=0:06:27.37
[2026-06-03T08:44:55.799Z] [INFO] [FFMPEG] frame= 6928 fps= 18 q=27.0 q=28.0 size=   38961KiB time=00:06:26.32 bitrate= 826.2kbits/s speed=0.996x elapsed=0:06:27.88
[2026-06-03T08:44:56.328Z] [INFO] [FFMPEG] frame= 6938 fps= 18 q=28.0 q=28.0 size=   39023KiB time=00:06:26.88 bitrate= 826.3kbits/s speed=0.996x elapsed=0:06:28.41
[2026-06-03T08:44:56.834Z] [INFO] [FFMPEG] frame= 6947 fps= 18 q=28.0 q=28.0 size=   39057KiB time=00:06:27.36 bitrate= 826.0kbits/s speed=0.996x elapsed=0:06:28.92
[2026-06-03T08:44:57.360Z] [INFO] [FFMPEG] frame= 6957 fps= 18 q=28.0 q=28.0 size=   39118KiB time=00:06:27.92 bitrate= 826.1kbits/s speed=0.996x elapsed=0:06:29.44
[2026-06-03T08:44:57.872Z] [INFO] [FFMPEG] frame= 6966 fps= 18 q=28.0 q=28.0 size=   39138KiB time=00:06:28.44 bitrate= 825.4kbits/s speed=0.996x elapsed=0:06:29.95
[2026-06-03T08:44:58.381Z] [INFO] [FFMPEG] frame= 6975 fps= 18 q=28.0 q=28.0 size=   39193KiB time=00:06:28.92 bitrate= 825.5kbits/s speed=0.996x elapsed=0:06:30.46
[2026-06-03T08:44:58.907Z] [INFO] [FFMPEG] frame= 6985 fps= 18 q=28.0 q=28.0 size=   39220KiB time=00:06:29.48 bitrate= 824.9kbits/s speed=0.996x elapsed=0:06:30.99
[2026-06-03T08:44:59.413Z] [INFO] [FFMPEG] frame= 6993 fps= 18 q=27.0 q=28.0 size=   39266KiB time=00:06:29.92 bitrate= 824.9kbits/s speed=0.996x elapsed=0:06:31.50
[2026-06-03T08:44:59.926Z] [INFO] [FFMPEG] frame= 7003 fps= 18 q=26.0 q=28.0 size=   39465KiB time=00:06:30.48 bitrate= 827.9kbits/s speed=0.996x elapsed=0:06:32.01
[2026-06-03T08:45:00.452Z] [INFO] [FFMPEG] frame= 7012 fps= 18 q=28.0 q=28.0 size=   39499KiB time=00:06:31.00 bitrate= 827.6kbits/s speed=0.996x elapsed=0:06:32.54
[2026-06-03T08:45:00.966Z] [INFO] [FFMPEG] frame= 7021 fps= 18 q=28.0 q=28.0 size=   39558KiB time=00:06:31.48 bitrate= 827.8kbits/s speed=0.996x elapsed=0:06:33.05
[2026-06-03T08:45:01.480Z] [INFO] [FFMPEG] frame= 7031 fps= 18 q=26.0 q=28.0 size=   39598KiB time=00:06:32.04 bitrate= 827.4kbits/s speed=0.996x elapsed=0:06:33.56
[2026-06-03T08:45:01.992Z] [INFO] [FFMPEG] frame= 7040 fps= 18 q=27.0 q=28.0 size=   39615KiB time=00:06:32.52 bitrate= 826.8kbits/s speed=0.996x elapsed=0:06:34.08
[2026-06-03T08:45:02.506Z] [INFO] [FFMPEG] frame= 7049 fps= 18 q=28.0 q=28.0 size=   39670KiB time=00:06:33.04 bitrate= 826.8kbits/s speed=0.996x elapsed=0:06:34.59
[2026-06-03T08:45:03.017Z] [INFO] [FFMPEG] frame= 7058 fps= 18 q=27.0 q=28.0 size=   39725KiB time=00:06:33.52 bitrate= 827.0kbits/s speed=0.996x elapsed=0:06:35.10
[2026-06-03T08:45:03.541Z] [INFO] [FFMPEG] frame= 7067 fps= 18 q=28.0 q=28.0 size=   39753KiB time=00:06:34.04 bitrate= 826.5kbits/s speed=0.996x elapsed=0:06:35.62
[2026-06-03T08:45:04.048Z] [INFO] [FFMPEG] frame= 7077 fps= 18 q=26.0 q=28.0 size=   39808KiB time=00:06:34.60 bitrate= 826.4kbits/s speed=0.996x elapsed=0:06:36.13
[2026-06-03T08:45:04.573Z] [INFO] [FFMPEG] frame= 7087 fps= 18 q=26.0 q=28.0 size=   39849KiB time=00:06:35.16 bitrate= 826.1kbits/s speed=0.996x elapsed=0:06:36.66
[2026-06-03T08:45:05.082Z] [INFO] [FFMPEG] frame= 7096 fps= 18 q=27.0 q=28.0 size=   39890KiB time=00:06:35.64 bitrate= 826.0kbits/s speed=0.996x elapsed=0:06:37.16
[2026-06-03T08:45:05.596Z] [INFO] [FFMPEG] frame= 7105 fps= 18 q=28.0 q=28.0 size=   39931KiB time=00:06:36.16 bitrate= 825.7kbits/s speed=0.996x elapsed=0:06:37.68
[2026-06-03T08:45:06.111Z] [INFO] [FFMPEG] frame= 7114 fps= 18 q=27.0 q=28.0 size=   39973KiB time=00:06:36.64 bitrate= 825.6kbits/s speed=0.996x elapsed=0:06:38.19
[2026-06-03T08:45:06.642Z] [INFO] [FFMPEG] frame= 7124 fps= 18 q=27.0 q=28.0 size=   40021KiB time=00:06:37.20 bitrate= 825.4kbits/s speed=0.996x elapsed=0:06:38.72
[2026-06-03T08:45:07.172Z] [INFO] [FFMPEG] frame= 7134 fps= 18 q=27.0 q=28.0 size=   40066KiB time=00:06:37.76 bitrate= 825.2kbits/s speed=0.996x elapsed=0:06:39.25
[2026-06-03T08:45:07.684Z] [INFO] [FFMPEG] frame= 7142 fps= 18 q=27.0 q=28.0 size=   40092KiB time=00:06:38.20 bitrate= 824.8kbits/s speed=0.996x elapsed=0:06:39.77
[2026-06-03T08:45:08.197Z] [INFO] [FFMPEG] frame= 7152 fps= 18 q=27.0 q=28.0 size=   40173KiB time=00:06:38.76 bitrate= 825.3kbits/s speed=0.996x elapsed=0:06:40.28
[2026-06-03T08:45:08.708Z] [INFO] [FFMPEG] frame= 7161 fps= 18 q=28.0 q=28.0 size=   40197KiB time=00:06:39.28 bitrate= 824.7kbits/s speed=0.996x elapsed=0:06:40.79
[2026-06-03T08:45:09.233Z] [INFO] [FFMPEG] frame= 7170 fps= 18 q=27.0 q=28.0 size=   40229KiB time=00:06:39.76 bitrate= 824.4kbits/s speed=0.996x elapsed=0:06:41.32
[2026-06-03T08:45:09.744Z] [INFO] [FFMPEG] frame= 7179 fps= 18 q=28.0 q=28.0 size=   40276KiB time=00:06:40.28 bitrate= 824.3kbits/s speed=0.996x elapsed=0:06:41.83
[2026-06-03T08:45:10.256Z] [INFO] [FFMPEG] frame= 7188 fps= 18 q=26.0 q=28.0 size=   40314KiB time=00:06:40.76 bitrate= 824.1kbits/s speed=0.996x elapsed=0:06:42.34
[2026-06-03T08:45:10.769Z] [INFO] [FFMPEG] frame= 7198 fps= 18 q=27.0 q=28.0 size=   40343KiB time=00:06:41.32 bitrate= 823.5kbits/s speed=0.996x elapsed=0:06:42.85
[2026-06-03T08:45:11.294Z] [INFO] [FFMPEG] frame= 7208 fps= 18 q=28.0 q=28.0 size=   40394KiB time=00:06:41.88 bitrate= 823.4kbits/s speed=0.996x elapsed=0:06:43.38
[2026-06-03T08:45:11.805Z] [INFO] [FFMPEG] frame= 7216 fps= 18 q=27.0 q=28.0 size=   40421KiB time=00:06:42.32 bitrate= 823.1kbits/s speed=0.996x elapsed=0:06:43.89
[2026-06-03T08:45:12.316Z] [INFO] [FFMPEG] frame= 7226 fps= 18 q=28.0 q=28.0 size=   40486KiB time=00:06:42.88 bitrate= 823.2kbits/s speed=0.996x elapsed=0:06:44.40
[2026-06-03T08:45:12.830Z] [INFO] [FFMPEG] frame= 7235 fps= 18 q=28.0 q=28.0 size=   40508KiB time=00:06:43.36 bitrate= 822.7kbits/s speed=0.996x elapsed=0:06:44.91
[2026-06-03T08:45:13.356Z] [INFO] [FFMPEG] frame= 7245 fps= 18 q=28.0 q=28.0 size=   40580KiB time=00:06:43.92 bitrate= 823.0kbits/s speed=0.996x elapsed=0:06:45.44
[2026-06-03T08:45:13.865Z] [INFO] [FFMPEG] frame= 7253 fps= 18 q=28.0 q=28.0 size=   40724KiB time=00:06:44.36 bitrate= 825.0kbits/s speed=0.996x elapsed=0:06:45.95
[2026-06-03T08:45:14.378Z] [INFO] [FFMPEG] frame= 7263 fps= 18 q=27.0 q=28.0 size=   40789KiB time=00:06:44.92 bitrate= 825.2kbits/s speed=0.996x elapsed=0:06:46.46
[2026-06-03T08:45:14.905Z] [INFO] [FFMPEG] frame= 7273 fps= 18 q=28.0 q=28.0 size=   40823KiB time=00:06:45.48 bitrate= 824.8kbits/s speed=0.996x elapsed=0:06:46.99
[2026-06-03T08:45:15.419Z] [INFO] [FFMPEG] frame= 7281 fps= 18 q=28.0 q=28.0 size=   40881KiB time=00:06:45.92 bitrate= 825.0kbits/s speed=0.996x elapsed=0:06:47.50
[2026-06-03T08:45:15.929Z] [INFO] [FFMPEG] frame= 7291 fps= 18 q=28.0 q=28.0 size=   40933KiB time=00:06:46.48 bitrate= 824.9kbits/s speed=0.996x elapsed=0:06:48.01
[2026-06-03T08:45:16.443Z] [INFO] [FFMPEG] frame= 7300 fps= 18 q=28.0 q=28.0 size=   40981KiB time=00:06:47.00 bitrate= 824.9kbits/s speed=0.996x elapsed=0:06:48.53
[2026-06-03T08:45:16.957Z] [INFO] [FFMPEG] frame= 7309 fps= 18 q=26.0 q=28.0 size=   41000KiB time=00:06:47.48 bitrate= 824.3kbits/s speed=0.996x elapsed=0:06:49.04
[2026-06-03T08:45:17.471Z] [INFO] [FFMPEG] frame= 7319 fps= 18 q=28.0 q=28.0 size=   41069KiB time=00:06:48.04 bitrate= 824.5kbits/s speed=0.996x elapsed=0:06:49.55
[2026-06-03T08:45:18.000Z] [INFO] [FFMPEG] frame= 7328 fps= 18 q=28.0 q=28.0 size=   41084KiB time=00:06:48.52 bitrate= 823.9kbits/s speed=0.996x elapsed=0:06:50.08
[2026-06-03T08:45:18.513Z] [INFO] [FFMPEG] frame= 7337 fps= 18 q=28.0 q=28.0 size=   41148KiB time=00:06:49.04 bitrate= 824.1kbits/s speed=0.996x elapsed=0:06:50.60
[2026-06-03T08:45:19.024Z] [INFO] [FFMPEG] frame= 7346 fps= 18 q=28.0 q=28.0 size=   41167KiB time=00:06:49.52 bitrate= 823.5kbits/s speed=0.996x elapsed=0:06:51.11
[2026-06-03T08:45:19.536Z] [INFO] [FFMPEG] frame= 7355 fps= 18 q=28.0 q=28.0 size=   41223KiB time=00:06:50.04 bitrate= 823.6kbits/s speed=0.996x elapsed=0:06:51.62
[2026-06-03T08:45:20.050Z] [INFO] [FFMPEG] frame= 7365 fps= 18 q=26.0 q=28.0 size=   41263KiB time=00:06:50.60 bitrate= 823.2kbits/s speed=0.996x elapsed=0:06:52.13
[2026-06-03T08:45:20.574Z] [INFO] [FFMPEG] frame= 7375 fps= 18 q=26.0 q=28.0 size=   41312KiB time=00:06:51.16 bitrate= 823.1kbits/s speed=0.996x elapsed=0:06:52.66
[2026-06-03T08:45:21.084Z] [INFO] [FFMPEG] frame= 7384 fps= 18 q=27.0 q=28.0 size=   41359KiB time=00:06:51.64 bitrate= 823.1kbits/s speed=0.996x elapsed=0:06:53.17
[2026-06-03T08:45:21.600Z] [INFO] [FFMPEG] frame= 7393 fps= 18 q=28.0 q=28.0 size=   41405KiB time=00:06:52.16 bitrate= 822.9kbits/s speed=0.996x elapsed=0:06:53.68
[2026-06-03T08:45:22.126Z] [INFO] [FFMPEG] frame= 7402 fps= 18 q=27.0 q=28.0 size=   41447KiB time=00:06:52.64 bitrate= 822.8kbits/s speed=0.996x elapsed=0:06:54.21
[2026-06-03T08:45:22.640Z] [INFO] [FFMPEG] frame= 7412 fps= 18 q=27.0 q=28.0 size=   41489KiB time=00:06:53.20 bitrate= 822.5kbits/s speed=0.996x elapsed=0:06:54.72
[2026-06-03T08:45:23.142Z] [INFO] [FFMPEG] frame= 7421 fps= 18 q=28.0 q=28.0 size=   41556KiB time=00:06:53.72 bitrate= 822.8kbits/s speed=0.996x elapsed=0:06:55.22
[2026-06-03T08:45:23.667Z] [INFO] [FFMPEG] frame= 7430 fps= 18 q=28.0 q=28.0 size=   41584KiB time=00:06:54.20 bitrate= 822.4kbits/s speed=0.996x elapsed=0:06:55.75
[2026-06-03T08:45:24.179Z] [INFO] [FFMPEG] frame= 7440 fps= 18 q=26.0 q=28.0 size=   41644KiB time=00:06:54.76 bitrate= 822.5kbits/s speed=0.996x elapsed=0:06:56.26
[2026-06-03T08:45:24.703Z] [INFO] [FFMPEG] frame= 7449 fps= 18 q=28.0 q=28.0 size=   41676KiB time=00:06:55.28 bitrate= 822.1kbits/s speed=0.996x elapsed=0:06:56.79
[2026-06-03T08:45:25.209Z] [INFO] [FFMPEG] frame= 7458 fps= 18 q=27.0 q=28.0 size=   41722KiB time=00:06:55.76 bitrate= 822.1kbits/s speed=0.996x elapsed=0:06:57.29
[2026-06-03T08:45:25.724Z] [INFO] [FFMPEG] frame= 7467 fps= 18 q=28.0 q=28.0 size=   41763KiB time=00:06:56.28 bitrate= 821.9kbits/s speed=0.996x elapsed=0:06:57.81
[2026-06-03T08:45:26.237Z] [INFO] [FFMPEG] frame= 7476 fps= 18 q=27.0 q=28.0 size=   41804KiB time=00:06:56.76 bitrate= 821.7kbits/s speed=0.996x elapsed=0:06:58.32
[2026-06-03T08:45:26.763Z] [INFO] [FFMPEG] frame= 7486 fps= 18 q=27.0 q=28.0 size=   41855KiB time=00:06:57.32 bitrate= 821.6kbits/s speed=0.996x elapsed=0:06:58.85
[2026-06-03T08:45:27.274Z] [INFO] [FFMPEG] frame= 7495 fps= 18 q=28.0 q=28.0 size=   41905KiB time=00:06:57.80 bitrate= 821.7kbits/s speed=0.996x elapsed=0:06:59.36
[2026-06-03T08:45:27.784Z] [INFO] [FFMPEG] frame= 7504 fps= 18 q=28.0 q=28.0 size=   42106KiB time=00:06:58.32 bitrate= 824.6kbits/s speed=0.996x elapsed=0:06:59.87
[2026-06-03T08:45:28.298Z] [INFO] [FFMPEG] frame= 7514 fps= 18 q=27.0 q=28.0 size=   42159KiB time=00:06:58.84 bitrate= 824.6kbits/s speed=0.996x elapsed=0:07:00.38
[2026-06-03T08:45:28.827Z] [INFO] [FFMPEG] frame= 7523 fps= 18 q=27.0 q=28.0 size=   42195KiB time=00:06:59.36 bitrate= 824.3kbits/s speed=0.996x elapsed=0:07:00.91
[2026-06-03T08:45:29.343Z] [INFO] [FFMPEG] frame= 7533 fps= 18 q=28.0 q=28.0 size=   42253KiB time=00:06:59.92 bitrate= 824.3kbits/s speed=0.996x elapsed=0:07:01.43
[2026-06-03T08:45:29.437Z] [INFO] [FFMPEG] [segment @ 0000022082052b80] Opening '//192.168.19.189/encova/cam01/2026/06/03/15-45-29.mp4' for writing
[2026-06-03T08:45:29.857Z] [INFO] [FFMPEG] frame= 7542 fps= 18 q=28.0 q=28.0 size=   42274KiB time=00:07:00.40 bitrate= 823.8kbits/s speed=0.996x elapsed=0:07:01.94
[2026-06-03T08:45:30.371Z] [INFO] [FFMPEG] frame= 7551 fps= 18 q=27.0 q=28.0 size=   42342KiB time=00:07:00.92 bitrate= 824.1kbits/s speed=0.996x elapsed=0:07:02.45
[2026-06-03T08:45:30.879Z] [INFO] [FFMPEG] frame= 7560 fps= 18 q=28.0 q=28.0 size=   42365KiB time=00:07:01.44 bitrate= 823.5kbits/s speed=0.996x elapsed=0:07:02.96
[2026-06-03T08:45:31.406Z] [INFO] [FFMPEG] frame= 7569 fps= 18 q=28.0 q=28.0 size=   42419KiB time=00:07:01.92 bitrate= 823.6kbits/s speed=0.996x elapsed=0:07:03.49
[2026-06-03T08:45:31.918Z] [INFO] [FFMPEG] frame= 7579 fps= 18 q=26.0 q=28.0 size=   42464KiB time=00:07:02.48 bitrate= 823.4kbits/s speed=0.996x elapsed=0:07:04.00
[2026-06-03T08:45:32.430Z] [INFO] [FFMPEG] frame= 7588 fps= 18 q=28.0 q=28.0 size=   42501KiB time=00:07:03.00 bitrate= 823.1kbits/s speed=0.996x elapsed=0:07:04.51
[2026-06-03T08:45:32.944Z] [INFO] [FFMPEG] frame= 7597 fps= 18 q=28.0 q=28.0 size=   42534KiB time=00:07:03.48 bitrate= 822.8kbits/s speed=0.996x elapsed=0:07:05.03
[2026-06-03T08:45:33.459Z] [INFO] [FFMPEG] frame= 7607 fps= 18 q=28.0 q=28.0 size=   42599KiB time=00:07:04.04 bitrate= 823.0kbits/s speed=0.996x elapsed=0:07:05.54
[2026-06-03T08:45:33.974Z] [INFO] [FFMPEG] frame= 7615 fps= 18 q=28.0 q=28.0 size=   42618KiB time=00:07:04.48 bitrate= 822.5kbits/s speed=0.996x elapsed=0:07:06.06
[2026-06-03T08:45:34.486Z] [INFO] [FFMPEG] frame= 7625 fps= 18 q=28.0 q=28.0 size=   42668KiB time=00:07:05.04 bitrate= 822.4kbits/s speed=0.996x elapsed=0:07:06.57
[2026-06-03T08:45:35.011Z] [INFO] [FFMPEG] frame= 7634 fps= 18 q=28.0 q=28.0 size=   42692KiB time=00:07:05.52 bitrate= 821.9kbits/s speed=0.996x elapsed=0:07:07.09
[2026-06-03T08:45:35.524Z] [INFO] [FFMPEG] frame= 7643 fps= 18 q=28.0 q=28.0 size=   42756KiB time=00:07:06.04 bitrate= 822.1kbits/s speed=0.996x elapsed=0:07:07.61
[2026-06-03T08:45:36.034Z] [INFO] [FFMPEG] frame= 7653 fps= 18 q=28.0 q=28.0 size=   42804KiB time=00:07:06.60 bitrate= 822.0kbits/s speed=0.996x elapsed=0:07:08.12
[2026-06-03T08:45:36.548Z] [INFO] [FFMPEG] frame= 7662 fps= 18 q=28.0 q=28.0 size=   42840KiB time=00:07:07.08 bitrate= 821.7kbits/s speed=0.996x elapsed=0:07:08.63
[2026-06-03T08:45:37.072Z] [INFO] [FFMPEG] frame= 7672 fps= 18 q=27.0 q=28.0 size=   42885KiB time=00:07:07.64 bitrate= 821.5kbits/s speed=0.996x elapsed=0:07:09.15
[2026-06-03T08:45:37.583Z] [INFO] [FFMPEG] frame= 7681 fps= 18 q=26.0 q=28.0 size=   42932KiB time=00:07:08.08 bitrate= 821.6kbits/s speed=0.996x elapsed=0:07:09.67
[2026-06-03T08:45:38.106Z] [INFO] [FFMPEG] frame= 7690 fps= 18 q=27.0 q=28.0 size=   42964KiB time=00:07:08.64 bitrate= 821.1kbits/s speed=0.996x elapsed=0:07:10.19
[2026-06-03T08:45:38.625Z] [INFO] [FFMPEG] frame= 7700 fps= 18 q=27.0 q=28.0 size=   43005KiB time=00:07:09.20 bitrate= 820.8kbits/s speed=0.996x elapsed=0:07:10.71
[2026-06-03T08:45:39.137Z] [INFO] [FFMPEG] frame= 7709 fps= 18 q=26.0 q=28.0 size=   43043KiB time=00:07:09.68 bitrate= 820.6kbits/s speed=0.996x elapsed=0:07:11.22
[2026-06-03T08:45:39.648Z] [INFO] [FFMPEG] frame= 7718 fps= 18 q=27.0 q=28.0 size=   43082KiB time=00:07:10.20 bitrate= 820.4kbits/s speed=0.996x elapsed=0:07:11.73
[2026-06-03T08:45:40.172Z] [INFO] [FFMPEG] frame= 7727 fps= 18 q=26.0 q=28.0 size=   43124KiB time=00:07:10.72 bitrate= 820.2kbits/s speed=0.996x elapsed=0:07:12.25
[2026-06-03T08:45:40.682Z] [INFO] [FFMPEG] frame= 7736 fps= 18 q=27.0 q=28.0 size=   43163KiB time=00:07:11.20 bitrate= 820.0kbits/s speed=0.996x elapsed=0:07:12.77
[2026-06-03T08:45:41.192Z] [INFO] [FFMPEG] frame= 7746 fps= 18 q=27.0 q=28.0 size=   43212KiB time=00:07:11.76 bitrate= 819.9kbits/s speed=0.996x elapsed=0:07:13.27
[2026-06-03T08:45:41.706Z] [INFO] [FFMPEG] frame= 7755 fps= 18 q=28.0 q=28.0 size=   43440KiB time=00:07:12.28 bitrate= 823.2kbits/s speed=0.997x elapsed=0:07:13.79
[2026-06-03T08:45:42.234Z] [INFO] [FFMPEG] frame= 7764 fps= 18 q=27.0 q=28.0 size=   43475KiB time=00:07:12.76 bitrate= 823.0kbits/s speed=0.996x elapsed=0:07:14.32
[2026-06-03T08:45:42.749Z] [INFO] [FFMPEG] frame= 7774 fps= 18 q=27.0 q=28.0 size=   43525KiB time=00:07:13.32 bitrate= 822.8kbits/s speed=0.997x elapsed=0:07:14.83
[2026-06-03T08:45:43.263Z] [INFO] [FFMPEG] frame= 7783 fps= 18 q=28.0 q=28.0 size=   43576KiB time=00:07:13.80 bitrate= 822.9kbits/s speed=0.996x elapsed=0:07:15.35
[2026-06-03T08:45:43.777Z] [INFO] [FFMPEG] frame= 7792 fps= 18 q=28.0 q=28.0 size=   43604KiB time=00:07:14.32 bitrate= 822.4kbits/s speed=0.996x elapsed=0:07:15.86
[2026-06-03T08:45:44.287Z] [INFO] [FFMPEG] frame= 7801 fps= 18 q=28.0 q=28.0 size=   43652KiB time=00:07:14.80 bitrate= 822.4kbits/s speed=0.996x elapsed=0:07:16.37
[2026-06-03T08:45:44.800Z] [INFO] [FFMPEG] frame= 7810 fps= 18 q=28.0 q=28.0 size=   43685KiB time=00:07:15.32 bitrate= 822.1kbits/s speed=0.996x elapsed=0:07:16.88
[2026-06-03T08:45:45.327Z] [INFO] [FFMPEG] frame= 7816 fps= 18 q=27.0 q=28.0 size=   43719KiB time=00:07:15.64 bitrate= 822.1kbits/s speed=0.996x elapsed=0:07:17.41
[2026-06-03T08:45:45.838Z] [INFO] [FFMPEG] frame= 7827 fps= 18 q=28.0 q=28.0 size=   43763KiB time=00:07:16.28 bitrate= 821.7kbits/s speed=0.996x elapsed=0:07:17.92
[2026-06-03T08:45:46.350Z] [INFO] [FFMPEG] frame= 7838 fps= 18 q=27.0 q=28.0 size=   43816KiB time=00:07:16.88 bitrate= 821.6kbits/s speed=0.996x elapsed=0:07:18.43
[2026-06-03T08:45:46.875Z] [INFO] [FFMPEG] frame= 7848 fps= 18 q=28.0 q=28.0 size=   43839KiB time=00:07:17.44 bitrate= 821.0kbits/s speed=0.997x elapsed=0:07:18.96
[2026-06-03T08:45:47.389Z] [INFO] [FFMPEG] frame= 7857 fps= 18 q=27.0 q=28.0 size=   43910KiB time=00:07:17.92 bitrate= 821.4kbits/s speed=0.996x elapsed=0:07:19.47
[2026-06-03T08:45:47.898Z] [INFO] [FFMPEG] frame= 7867 fps= 18 q=28.0 q=28.0 size=   43961KiB time=00:07:18.48 bitrate= 821.3kbits/s speed=0.997x elapsed=0:07:19.98
[2026-06-03T08:45:48.412Z] [INFO] [FFMPEG] frame= 7875 fps= 18 q=27.0 q=28.0 size=   43999KiB time=00:07:18.92 bitrate= 821.2kbits/s speed=0.996x elapsed=0:07:20.50
[2026-06-03T08:45:48.928Z] [INFO] [FFMPEG] frame= 7885 fps= 18 q=28.0 q=28.0 size=   44063KiB time=00:07:19.48 bitrate= 821.3kbits/s speed=0.997x elapsed=0:07:21.01
[2026-06-03T08:45:49.442Z] [INFO] [FFMPEG] frame= 7894 fps= 18 q=28.0 q=28.0 size=   44085KiB time=00:07:20.00 bitrate= 820.8kbits/s speed=0.997x elapsed=0:07:21.52
[2026-06-03T08:45:49.968Z] [INFO] [FFMPEG] frame= 7903 fps= 18 q=26.0 q=28.0 size=   44155KiB time=00:07:20.48 bitrate= 821.2kbits/s speed=0.996x elapsed=0:07:22.05
[2026-06-03T08:45:50.483Z] [INFO] [FFMPEG] frame= 7913 fps= 18 q=28.0 q=28.0 size=   44205KiB time=00:07:21.04 bitrate= 821.1kbits/s speed=0.997x elapsed=0:07:22.57
[2026-06-03T08:45:50.990Z] [INFO] [FFMPEG] frame= 7922 fps= 18 q=27.0 q=28.0 size=   44261KiB time=00:07:21.52 bitrate= 821.2kbits/s speed=0.996x elapsed=0:07:23.07
[2026-06-03T08:45:51.514Z] [INFO] [FFMPEG] frame= 7931 fps= 18 q=28.0 q=28.0 size=   44298KiB time=00:07:22.04 bitrate= 820.9kbits/s speed=0.996x elapsed=0:07:23.60
[2026-06-03T08:45:52.027Z] [INFO] [FFMPEG] frame= 7941 fps= 18 q=28.0 q=28.0 size=   44341KiB time=00:07:22.60 bitrate= 820.7kbits/s speed=0.997x elapsed=0:07:24.11
[2026-06-03T08:45:52.537Z] [INFO] [FFMPEG] frame= 7949 fps= 18 q=28.0 q=28.0 size=   44384KiB time=00:07:23.04 bitrate= 820.7kbits/s speed=0.996x elapsed=0:07:24.62
[2026-06-03T08:45:53.051Z] [INFO] [FFMPEG] frame= 7959 fps= 18 q=26.0 q=28.0 size=   44432KiB time=00:07:23.60 bitrate= 820.5kbits/s speed=0.997x elapsed=0:07:25.13
[2026-06-03T08:45:53.576Z] [INFO] [FFMPEG] frame= 7968 fps= 18 q=28.0 q=28.0 size=   44474KiB time=00:07:24.08 bitrate= 820.4kbits/s speed=0.996x elapsed=0:07:25.66
[2026-06-03T08:45:54.090Z] [INFO] [FFMPEG] frame= 7978 fps= 18 q=27.0 q=28.0 size=   44519KiB time=00:07:24.64 bitrate= 820.2kbits/s speed=0.997x elapsed=0:07:26.17
[2026-06-03T08:45:54.603Z] [INFO] [FFMPEG] frame= 7987 fps= 18 q=26.0 q=28.0 size=   44561KiB time=00:07:25.16 bitrate= 820.0kbits/s speed=0.997x elapsed=0:07:26.69
[2026-06-03T08:45:55.115Z] [INFO] [FFMPEG] frame= 7996 fps= 18 q=27.0 q=28.0 size=   44603KiB time=00:07:25.64 bitrate= 819.9kbits/s speed=0.997x elapsed=0:07:27.20
[2026-06-03T08:45:55.638Z] [INFO] [FFMPEG] frame= 8006 fps= 18 q=27.0 q=28.0 size=   44821KiB time=00:07:26.20 bitrate= 822.9kbits/s speed=0.997x elapsed=0:07:27.72
[2026-06-03T08:45:56.150Z] [INFO] [FFMPEG] frame= 8015 fps= 18 q=26.0 q=28.0 size=   44862KiB time=00:07:26.72 bitrate= 822.7kbits/s speed=0.997x elapsed=0:07:28.23
[2026-06-03T08:45:56.665Z] [INFO] [FFMPEG] frame= 8024 fps= 18 q=28.0 q=28.0 size=   44903KiB time=00:07:27.20 bitrate= 822.6kbits/s speed=0.997x elapsed=0:07:28.75
[2026-06-03T08:45:57.180Z] [INFO] [FFMPEG] frame= 8034 fps= 18 q=27.0 q=28.0 size=   44944KiB time=00:07:27.76 bitrate= 822.3kbits/s speed=0.997x elapsed=0:07:29.26
[2026-06-03T08:45:57.692Z] [INFO] [FFMPEG] frame= 8042 fps= 18 q=28.0 q=28.0 size=   44986KiB time=00:07:28.20 bitrate= 822.2kbits/s speed=0.996x elapsed=0:07:29.77
[2026-06-03T08:45:58.207Z] [INFO] [FFMPEG] frame= 8052 fps= 18 q=27.0 q=28.0 size=   45046KiB time=00:07:28.76 bitrate= 822.3kbits/s speed=0.997x elapsed=0:07:30.29
[2026-06-03T08:45:58.732Z] [INFO] [FFMPEG] frame= 8061 fps= 18 q=28.0 q=28.0 size=   45083KiB time=00:07:29.28 bitrate= 822.0kbits/s speed=0.997x elapsed=0:07:30.81
[2026-06-03T08:45:59.239Z] [INFO] [FFMPEG] frame= 8070 fps= 18 q=26.0 q=28.0 size=   45134KiB time=00:07:29.76 bitrate= 822.1kbits/s speed=0.997x elapsed=0:07:31.32
[2026-06-03T08:45:59.766Z] [INFO] [FFMPEG] frame= 8080 fps= 18 q=28.0 q=28.0 size=   45160KiB time=00:07:30.32 bitrate= 821.5kbits/s speed=0.997x elapsed=0:07:31.85
[2026-06-03T08:46:00.278Z] [INFO] [FFMPEG] frame= 8089 fps= 18 q=28.0 q=28.0 size=   45219KiB time=00:07:30.80 bitrate= 821.7kbits/s speed=0.997x elapsed=0:07:32.36
[2026-06-03T08:46:00.788Z] [INFO] [FFMPEG] frame= 8098 fps= 18 q=27.0 q=28.0 size=   45258KiB time=00:07:31.32 bitrate= 821.5kbits/s speed=0.997x elapsed=0:07:32.87
[2026-06-03T08:46:01.300Z] [INFO] [FFMPEG] frame= 8108 fps= 18 q=27.0 q=28.0 size=   45327KiB time=00:07:31.88 bitrate= 821.7kbits/s speed=0.997x elapsed=0:07:33.38
[2026-06-03T08:46:01.813Z] [INFO] [FFMPEG] frame= 8117 fps= 18 q=27.0 q=28.0 size=   45346KiB time=00:07:32.36 bitrate= 821.2kbits/s speed=0.997x elapsed=0:07:33.90
[2026-06-03T08:46:02.342Z] [INFO] [FFMPEG] frame= 8126 fps= 18 q=27.0 q=28.0 size=   45410KiB time=00:07:32.88 bitrate= 821.4kbits/s speed=0.997x elapsed=0:07:34.42
[2026-06-03T08:46:02.855Z] [INFO] [FFMPEG] frame= 8136 fps= 18 q=28.0 q=28.0 size=   45452KiB time=00:07:33.40 bitrate= 821.2kbits/s speed=0.997x elapsed=0:07:34.94
[2026-06-03T08:46:03.367Z] [INFO] [FFMPEG] frame= 8145 fps= 18 q=27.0 q=28.0 size=   45514KiB time=00:07:33.92 bitrate= 821.4kbits/s speed=0.997x elapsed=0:07:35.45
[2026-06-03T08:46:03.878Z] [INFO] [FFMPEG] frame= 8154 fps= 18 q=28.0 q=28.0 size=   45544KiB time=00:07:34.44 bitrate= 821.0kbits/s speed=0.997x elapsed=0:07:35.96
[2026-06-03T08:46:04.405Z] [INFO] [FFMPEG] frame= 8163 fps= 18 q=28.0 q=28.0 size=   45603KiB time=00:07:34.92 bitrate= 821.2kbits/s speed=0.997x elapsed=0:07:36.49
[2026-06-03T08:46:04.920Z] [INFO] [FFMPEG] frame= 8173 fps= 18 q=28.0 q=28.0 size=   45661KiB time=00:07:35.48 bitrate= 821.2kbits/s speed=0.997x elapsed=0:07:37.00
[2026-06-03T08:46:05.430Z] [INFO] [FFMPEG] frame= 8182 fps= 18 q=28.0 q=28.0 size=   45705KiB time=00:07:36.00 bitrate= 821.1kbits/s speed=0.997x elapsed=0:07:37.51
[2026-06-03T08:46:05.946Z] [INFO] [FFMPEG] frame= 8191 fps= 18 q=26.0 q=28.0 size=   45718KiB time=00:07:36.48 bitrate= 820.5kbits/s speed=0.997x elapsed=0:07:38.03
[2026-06-03T08:46:06.458Z] [INFO] [FFMPEG] frame= 8201 fps= 18 q=28.0 q=28.0 size=   45777KiB time=00:07:37.04 bitrate= 820.5kbits/s speed=0.997x elapsed=0:07:38.54
[2026-06-03T08:46:06.970Z] [INFO] [FFMPEG] frame= 8209 fps= 18 q=28.0 q=28.0 size=   45805KiB time=00:07:37.48 bitrate= 820.2kbits/s speed=0.997x elapsed=0:07:39.05
[2026-06-03T08:46:07.498Z] [INFO] [FFMPEG] frame= 8219 fps= 18 q=28.0 q=28.0 size=   45868KiB time=00:07:38.04 bitrate= 820.4kbits/s speed=0.997x elapsed=0:07:39.58
[2026-06-03T08:46:08.012Z] [INFO] [FFMPEG] frame= 8228 fps= 18 q=28.0 q=28.0 size=   45881KiB time=00:07:38.52 bitrate= 819.7kbits/s speed=0.997x elapsed=0:07:40.09
[2026-06-03T08:46:08.524Z] [INFO] [FFMPEG] frame= 8237 fps= 18 q=28.0 q=28.0 size=   45937KiB time=00:07:39.04 bitrate= 819.8kbits/s speed=0.997x elapsed=0:07:40.61
[2026-06-03T08:46:09.033Z] [INFO] [FFMPEG] frame= 8247 fps= 18 q=26.0 q=28.0 size=   45990KiB time=00:07:39.60 bitrate= 819.7kbits/s speed=0.997x elapsed=0:07:41.12
[2026-06-03T08:46:09.552Z] [INFO] [FFMPEG] frame= 8256 fps= 18 q=28.0 q=28.0 size=   46141KiB time=00:07:40.08 bitrate= 821.6kbits/s speed=0.997x elapsed=0:07:41.63
[2026-06-03T08:46:10.077Z] [INFO] [FFMPEG] frame= 8265 fps= 18 q=26.0 q=28.0 size=   46190KiB time=00:07:40.64 bitrate= 821.4kbits/s speed=0.997x elapsed=0:07:42.16
[2026-06-03T08:46:10.588Z] [INFO] [FFMPEG] frame= 8275 fps= 18 q=28.0 q=28.0 size=   46239KiB time=00:07:41.16 bitrate= 821.4kbits/s speed=0.997x elapsed=0:07:42.67
[2026-06-03T08:46:11.101Z] [INFO] [FFMPEG] frame= 8284 fps= 18 q=27.0 q=28.0 size=   46284KiB time=00:07:41.64 bitrate= 821.3kbits/s speed=0.997x elapsed=0:07:43.18
[2026-06-03T08:46:11.624Z] [INFO] [FFMPEG] frame= 8294 fps= 18 q=27.0 q=28.0 size=   46319KiB time=00:07:42.20 bitrate= 821.0kbits/s speed=0.997x elapsed=0:07:43.71
[2026-06-03T08:46:12.136Z] [INFO] [FFMPEG] frame= 8302 fps= 18 q=27.0 q=28.0 size=   46371KiB time=00:07:42.64 bitrate= 821.1kbits/s speed=0.997x elapsed=0:07:44.22
[2026-06-03T08:46:12.650Z] [INFO] [FFMPEG] frame= 8312 fps= 18 q=27.0 q=28.0 size=   46418KiB time=00:07:43.20 bitrate= 820.9kbits/s speed=0.997x elapsed=0:07:44.73
[2026-06-03T08:46:13.161Z] [INFO] [FFMPEG] frame= 8321 fps= 18 q=28.0 q=28.0 size=   46476KiB time=00:07:43.72 bitrate= 821.0kbits/s speed=0.997x elapsed=0:07:45.24
[2026-06-03T08:46:13.675Z] [INFO] [FFMPEG] frame= 8330 fps= 18 q=28.0 q=28.0 size=   46517KiB time=00:07:44.20 bitrate= 820.9kbits/s speed=0.997x elapsed=0:07:45.76
[2026-06-03T08:46:14.203Z] [INFO] [FFMPEG] frame= 8340 fps= 18 q=27.0 q=28.0 size=   46559KiB time=00:07:44.76 bitrate= 820.7kbits/s speed=0.997x elapsed=0:07:46.29
[2026-06-03T08:46:14.713Z] [INFO] [FFMPEG] frame= 8349 fps= 18 q=28.0 q=28.0 size=   46607KiB time=00:07:45.28 bitrate= 820.6kbits/s speed=0.997x elapsed=0:07:46.80
[2026-06-03T08:46:15.224Z] [INFO] [FFMPEG] frame= 8358 fps= 18 q=27.0 q=28.0 size=   46654KiB time=00:07:45.76 bitrate= 820.6kbits/s speed=0.997x elapsed=0:07:47.31
[2026-06-03T08:46:15.736Z] [INFO] [FFMPEG] frame= 8367 fps= 18 q=28.0 q=28.0 size=   46682KiB time=00:07:46.28 bitrate= 820.1kbits/s speed=0.997x elapsed=0:07:47.82
[2026-06-03T08:46:16.265Z] [INFO] [FFMPEG] frame= 8377 fps= 18 q=28.0 q=28.0 size=   46742KiB time=00:07:46.80 bitrate= 820.3kbits/s speed=0.997x elapsed=0:07:48.35
[2026-06-03T08:46:16.780Z] [INFO] [FFMPEG] frame= 8386 fps= 18 q=27.0 q=28.0 size=   46769KiB time=00:07:47.32 bitrate= 819.9kbits/s speed=0.997x elapsed=0:07:48.86
[2026-06-03T08:46:17.291Z] [INFO] [FFMPEG] frame= 8396 fps= 18 q=28.0 q=28.0 size=   46823KiB time=00:07:47.88 bitrate= 819.8kbits/s speed=0.997x elapsed=0:07:49.37
[2026-06-03T08:46:17.798Z] [INFO] [FFMPEG] frame= 8404 fps= 18 q=27.0 q=28.0 size=   46852KiB time=00:07:48.32 bitrate= 819.6kbits/s speed=0.997x elapsed=0:07:49.88
[2026-06-03T08:46:18.326Z] [INFO] [FFMPEG] frame= 8414 fps= 18 q=28.0 q=28.0 size=   46904KiB time=00:07:48.88 bitrate= 819.5kbits/s speed=0.997x elapsed=0:07:50.41
[2026-06-03T08:46:18.842Z] [INFO] [FFMPEG] frame= 8423 fps= 18 q=27.0 q=28.0 size=   46933KiB time=00:07:49.36 bitrate= 819.1kbits/s speed=0.997x elapsed=0:07:50.92
[2026-06-03T08:46:19.360Z] [INFO] [FFMPEG] frame= 8433 fps= 18 q=28.0 q=28.0 size=   46989KiB time=00:07:49.92 bitrate= 819.1kbits/s speed=0.997x elapsed=0:07:51.44
[2026-06-03T08:46:19.872Z] [INFO] [FFMPEG] frame= 8442 fps= 18 q=28.0 q=28.0 size=   47016KiB time=00:07:50.44 bitrate= 818.7kbits/s speed=0.997x elapsed=0:07:51.95
[2026-06-03T08:46:20.385Z] [INFO] [FFMPEG] frame= 8451 fps= 18 q=27.0 q=28.0 size=   47076KiB time=00:07:50.92 bitrate= 818.9kbits/s speed=0.997x elapsed=0:07:52.47
[2026-06-03T08:46:20.893Z] [INFO] [FFMPEG] frame= 8460 fps= 18 q=28.0 q=28.0 size=   47096KiB time=00:07:51.44 bitrate= 818.4kbits/s speed=0.997x elapsed=0:07:52.98
[2026-06-03T08:46:21.418Z] [INFO] [FFMPEG] frame= 8470 fps= 18 q=28.0 q=28.0 size=   47160KiB time=00:07:52.00 bitrate= 818.5kbits/s speed=0.997x elapsed=0:07:53.50
[2026-06-03T08:46:21.929Z] [INFO] [FFMPEG] frame= 8479 fps= 18 q=26.0 q=28.0 size=   47217KiB time=00:07:52.48 bitrate= 818.7kbits/s speed=0.997x elapsed=0:07:54.01
[2026-06-03T08:46:22.442Z] [INFO] [FFMPEG] frame= 8488 fps= 18 q=28.0 q=28.0 size=   47258KiB time=00:07:53.00 bitrate= 818.5kbits/s speed=0.997x elapsed=0:07:54.52
[2026-06-03T08:46:22.966Z] [INFO] [FFMPEG] frame= 8497 fps= 18 q=26.0 q=28.0 size=   47283KiB time=00:07:53.48 bitrate= 818.1kbits/s speed=0.997x elapsed=0:07:55.05
[2026-06-03T08:46:23.479Z] [INFO] [FFMPEG] frame= 8507 fps= 18 q=28.0 q=28.0 size=   47504KiB time=00:07:54.04 bitrate= 820.9kbits/s speed=0.997x elapsed=0:07:55.56
[2026-06-03T08:46:23.991Z] [INFO] [FFMPEG] frame= 8516 fps= 18 q=28.0 q=28.0 size=   47557KiB time=00:07:54.52 bitrate= 821.0kbits/s speed=0.997x elapsed=0:07:56.07
[2026-06-03T08:46:24.505Z] [INFO] [FFMPEG] frame= 8525 fps= 18 q=28.0 q=28.0 size=   47600KiB time=00:07:55.04 bitrate= 820.9kbits/s speed=0.997x elapsed=0:07:56.59
[2026-06-03T08:46:25.031Z] [INFO] [FFMPEG] frame= 8535 fps= 18 q=28.0 q=28.0 size=   47649KiB time=00:07:55.60 bitrate= 820.7kbits/s speed=0.997x elapsed=0:07:57.11
[2026-06-03T08:46:25.543Z] [INFO] [FFMPEG] frame= 8544 fps= 18 q=28.0 q=28.0 size=   47675KiB time=00:07:56.08 bitrate= 820.4kbits/s speed=0.997x elapsed=0:07:57.63
[2026-06-03T08:46:26.053Z] [INFO] [FFMPEG] frame= 8553 fps= 18 q=28.0 q=28.0 size=   47730KiB time=00:07:56.60 bitrate= 820.4kbits/s speed=0.997x elapsed=0:07:58.14
[2026-06-03T08:46:26.564Z] [INFO] [FFMPEG] frame= 8562 fps= 18 q=28.0 q=28.0 size=   47770KiB time=00:07:57.08 bitrate= 820.3kbits/s speed=0.997x elapsed=0:07:58.65
[2026-06-03T08:46:27.093Z] [INFO] [FFMPEG] frame= 8572 fps= 18 q=27.0 q=28.0 size=   47826KiB time=00:07:57.64 bitrate= 820.3kbits/s speed=0.997x elapsed=0:07:59.18
[2026-06-03T08:46:27.603Z] [INFO] [FFMPEG] frame= 8581 fps= 18 q=26.0 q=28.0 size=   47878KiB time=00:07:58.16 bitrate= 820.3kbits/s speed=0.997x elapsed=0:07:59.69
[2026-06-03T08:46:28.113Z] [INFO] [FFMPEG] frame= 8590 fps= 18 q=27.0 q=28.0 size=   47917KiB time=00:07:58.64 bitrate= 820.1kbits/s speed=0.997x elapsed=0:08:00.20
[2026-06-03T08:46:28.637Z] [INFO] [FFMPEG] frame= 8600 fps= 18 q=27.0 q=28.0 size=   47951KiB time=00:07:59.20 bitrate= 819.7kbits/s speed=0.997x elapsed=0:08:00.72
[2026-06-03T08:46:29.149Z] [INFO] [FFMPEG] frame= 8609 fps= 18 q=28.0 q=28.0 size=   47998KiB time=00:07:59.72 bitrate= 819.6kbits/s speed=0.997x elapsed=0:08:01.23
[2026-06-03T08:46:29.453Z] [INFO] [FFMPEG] [segment @ 0000022082052b80] Opening '//192.168.19.189/encova/cam01/2026/06/03/15-46-29.mp4' for writing
[2026-06-03T08:46:29.670Z] [INFO] [FFMPEG] frame= 8618 fps= 18 q=27.0 q=28.0 size=   48032KiB time=00:08:00.20 bitrate= 819.4kbits/s speed=0.997x elapsed=0:08:01.75
[2026-06-03T08:46:30.183Z] [INFO] [FFMPEG] frame= 8628 fps= 18 q=27.0 q=28.0 size=   48086KiB time=00:08:00.76 bitrate= 819.4kbits/s speed=0.997x elapsed=0:08:02.27
[2026-06-03T08:46:30.693Z] [INFO] [FFMPEG] frame= 8636 fps= 18 q=28.0 q=28.0 size=   48130KiB time=00:08:01.20 bitrate= 819.4kbits/s speed=0.997x elapsed=0:08:02.78
[2026-06-03T08:46:31.219Z] [INFO] [FFMPEG] frame= 8646 fps= 18 q=27.0 q=28.0 size=   48172KiB time=00:08:01.76 bitrate= 819.1kbits/s speed=0.997x elapsed=0:08:03.30
[2026-06-03T08:46:31.722Z] [INFO] [FFMPEG] frame= 8655 fps= 18 q=28.0 q=28.0 size=   48217KiB time=00:08:02.28 bitrate= 819.0kbits/s speed=0.997x elapsed=0:08:03.80
[2026-06-03T08:46:32.249Z] [INFO] [FFMPEG] frame= 8665 fps= 18 q=27.0 q=28.0 size=   48267KiB time=00:08:02.80 bitrate= 819.0kbits/s speed=0.997x elapsed=0:08:04.33
[2026-06-03T08:46:32.765Z] [INFO] [FFMPEG] frame= 8674 fps= 18 q=27.0 q=28.0 size=   48291KiB time=00:08:03.32 bitrate= 818.5kbits/s speed=0.997x elapsed=0:08:04.85
[2026-06-03T08:46:33.276Z] [INFO] [FFMPEG] frame= 8683 fps= 18 q=28.0 q=28.0 size=   48354KiB time=00:08:03.80 bitrate= 818.8kbits/s speed=0.997x elapsed=0:08:05.36
[2026-06-03T08:46:33.792Z] [INFO] [FFMPEG] frame= 8692 fps= 18 q=27.0 q=28.0 size=   48364KiB time=00:08:04.32 bitrate= 818.0kbits/s speed=0.997x elapsed=0:08:05.88
[2026-06-03T08:46:34.304Z] [INFO] [FFMPEG] frame= 8702 fps= 18 q=27.0 q=28.0 size=   48415KiB time=00:08:04.88 bitrate= 818.0kbits/s speed=0.997x elapsed=0:08:06.39
[2026-06-03T08:46:34.817Z] [INFO] [FFMPEG] frame= 8711 fps= 18 q=27.0 q=28.0 size=   48460KiB time=00:08:05.36 bitrate= 817.9kbits/s speed=0.997x elapsed=0:08:06.90
[2026-06-03T08:46:35.332Z] [INFO] [FFMPEG] frame= 8720 fps= 18 q=26.0 q=28.0 size=   48515KiB time=00:08:05.88 bitrate= 818.0kbits/s speed=0.997x elapsed=0:08:07.41
[2026-06-03T08:46:35.855Z] [INFO] [FFMPEG] frame= 8729 fps= 18 q=28.0 q=28.0 size=   48550KiB time=00:08:06.36 bitrate= 817.7kbits/s speed=0.997x elapsed=0:08:07.94
[2026-06-03T08:46:36.365Z] [INFO] [FFMPEG] frame= 8739 fps= 18 q=28.0 q=28.0 size=   48619KiB time=00:08:06.92 bitrate= 818.0kbits/s speed=0.997x elapsed=0:08:08.45
[2026-06-03T08:46:36.879Z] [INFO] [FFMPEG] frame= 8748 fps= 18 q=28.0 q=28.0 size=   48645KiB time=00:08:07.44 bitrate= 817.5kbits/s speed=0.997x elapsed=0:08:08.96
[2026-06-03T08:46:37.393Z] [INFO] [FFMPEG] frame= 8757 fps= 18 q=27.0 q=28.0 size=   48878KiB time=00:08:07.92 bitrate= 820.6kbits/s speed=0.997x elapsed=0:08:09.48
[2026-06-03T08:46:37.921Z] [INFO] [FFMPEG] frame= 8767 fps= 18 q=28.0 q=28.0 size=   48900KiB time=00:08:08.48 bitrate= 820.1kbits/s speed=0.997x elapsed=0:08:10.00
[2026-06-03T08:46:38.434Z] [INFO] [FFMPEG] frame= 8776 fps= 18 q=28.0 q=28.0 size=   48957KiB time=00:08:09.00 bitrate= 820.1kbits/s speed=0.997x elapsed=0:08:10.52
[2026-06-03T08:46:38.948Z] [INFO] [FFMPEG] frame= 8785 fps= 18 q=26.0 q=28.0 size=   49013KiB time=00:08:09.48 bitrate= 820.3kbits/s speed=0.997x elapsed=0:08:11.03
[2026-06-03T08:46:39.458Z] [INFO] [FFMPEG] frame= 8794 fps= 18 q=28.0 q=28.0 size=   49041KiB time=00:08:10.00 bitrate= 819.9kbits/s speed=0.997x elapsed=0:08:11.54
[2026-06-03T08:46:39.984Z] [INFO] [FFMPEG] frame= 8804 fps= 18 q=28.0 q=28.0 size=   49105KiB time=00:08:10.52 bitrate= 820.1kbits/s speed=0.997x elapsed=0:08:12.07
[2026-06-03T08:46:40.495Z] [INFO] [FFMPEG] frame= 8813 fps= 18 q=26.0 q=28.0 size=   49130KiB time=00:08:11.04 bitrate= 819.6kbits/s speed=0.997x elapsed=0:08:12.58
[2026-06-03T08:46:41.010Z] [INFO] [FFMPEG] frame= 8822 fps= 18 q=27.0 q=28.0 size=   49154KiB time=00:08:11.52 bitrate= 819.2kbits/s speed=0.997x elapsed=0:08:13.09
[2026-06-03T08:46:41.525Z] [INFO] [FFMPEG] frame= 8831 fps= 18 q=28.0 q=28.0 size=   49207KiB time=00:08:12.04 bitrate= 819.3kbits/s speed=0.997x elapsed=0:08:13.61
[2026-06-03T08:46:42.034Z] [INFO] [FFMPEG] frame= 8841 fps= 18 q=26.0 q=28.0 size=   49262KiB time=00:08:12.60 bitrate= 819.2kbits/s speed=0.997x elapsed=0:08:14.12
[2026-06-03T08:46:42.559Z] [INFO] [FFMPEG] frame= 8850 fps= 18 q=28.0 q=28.0 size=   49304KiB time=00:08:13.08 bitrate= 819.1kbits/s speed=0.997x elapsed=0:08:14.64
[2026-06-03T08:46:43.070Z] [INFO] [FFMPEG] frame= 8860 fps= 18 q=27.0 q=28.0 size=   49348KiB time=00:08:13.64 bitrate= 818.9kbits/s speed=0.997x elapsed=0:08:15.15
[2026-06-03T08:46:43.582Z] [INFO] [FFMPEG] frame= 8869 fps= 18 q=26.0 q=28.0 size=   49392KiB time=00:08:14.16 bitrate= 818.8kbits/s speed=0.997x elapsed=0:08:15.66
[2026-06-03T08:46:44.108Z] [INFO] [FFMPEG] frame= 8878 fps= 18 q=27.0 q=28.0 size=   49437KiB time=00:08:14.64 bitrate= 818.8kbits/s speed=0.997x elapsed=0:08:16.19
[2026-06-03T08:46:44.617Z] [INFO] [FFMPEG] frame= 8888 fps= 18 q=27.0 q=28.0 size=   49484KiB time=00:08:15.20 bitrate= 818.6kbits/s speed=0.997x elapsed=0:08:16.70
[2026-06-03T08:46:45.130Z] [INFO] [FFMPEG] frame= 8896 fps= 18 q=27.0 q=28.0 size=   49521KiB time=00:08:15.64 bitrate= 818.5kbits/s speed=0.997x elapsed=0:08:17.21
[2026-06-03T08:46:45.644Z] [INFO] [FFMPEG] frame= 8906 fps= 18 q=27.0 q=28.0 size=   49562KiB time=00:08:16.20 bitrate= 818.2kbits/s speed=0.997x elapsed=0:08:17.73
[2026-06-03T08:46:46.172Z] [INFO] [FFMPEG] frame= 8915 fps= 18 q=28.0 q=28.0 size=   49601KiB time=00:08:16.72 bitrate= 818.0kbits/s speed=0.997x elapsed=0:08:18.26
[2026-06-03T08:46:46.683Z] [INFO] [FFMPEG] frame= 8924 fps= 18 q=27.0 q=28.0 size=   49642KiB time=00:08:17.20 bitrate= 817.9kbits/s speed=0.997x elapsed=0:08:18.77
[2026-06-03T08:46:47.194Z] [INFO] [FFMPEG] frame= 8934 fps= 18 q=27.0 q=28.0 size=   49710KiB time=00:08:17.76 bitrate= 818.1kbits/s speed=0.997x elapsed=0:08:19.28
[2026-06-03T08:46:47.707Z] [INFO] [FFMPEG] frame= 8943 fps= 18 q=28.0 q=28.0 size=   49745KiB time=00:08:18.28 bitrate= 817.8kbits/s speed=0.997x elapsed=0:08:19.79
[2026-06-03T08:46:48.230Z] [INFO] [FFMPEG] frame= 8952 fps= 18 q=27.0 q=28.0 size=   49780KiB time=00:08:18.76 bitrate= 817.6kbits/s speed=0.997x elapsed=0:08:20.31
[2026-06-03T08:46:48.742Z] [INFO] [FFMPEG] frame= 8962 fps= 18 q=27.0 q=28.0 size=   49832KiB time=00:08:19.32 bitrate= 817.6kbits/s speed=0.997x elapsed=0:08:20.82
[2026-06-03T08:46:49.255Z] [INFO] [FFMPEG] frame= 8970 fps= 18 q=28.0 q=28.0 size=   49864KiB time=00:08:19.80 bitrate= 817.3kbits/s speed=0.997x elapsed=0:08:21.34
[2026-06-03T08:46:49.767Z] [INFO] [FFMPEG] frame= 8980 fps= 18 q=28.0 q=28.0 size=   49914KiB time=00:08:20.32 bitrate= 817.3kbits/s speed=0.997x elapsed=0:08:21.85
[2026-06-03T08:46:50.294Z] [INFO] [FFMPEG] frame= 8989 fps= 18 q=27.0 q=28.0 size=   49971KiB time=00:08:20.80 bitrate= 817.4kbits/s speed=0.997x elapsed=0:08:22.38
[2026-06-03T08:46:50.803Z] [INFO] [FFMPEG] frame= 8998 fps= 18 q=28.0 q=28.0 size=   50006KiB time=00:08:21.32 bitrate= 817.1kbits/s speed=0.997x elapsed=0:08:22.89
[2026-06-03T08:46:51.329Z] [INFO] [FFMPEG] frame= 9008 fps= 18 q=27.0 q=28.0 size=   50217KiB time=00:08:21.88 bitrate= 819.7kbits/s speed=0.997x elapsed=0:08:23.41
[2026-06-03T08:46:51.857Z] [INFO] [FFMPEG] frame= 9017 fps= 18 q=28.0 q=28.0 size=   50233KiB time=00:08:22.36 bitrate= 819.2kbits/s speed=0.997x elapsed=0:08:23.94
[2026-06-03T08:46:52.372Z] [INFO] [FFMPEG] frame= 9027 fps= 18 q=28.0 q=28.0 size=   50309KiB time=00:08:22.92 bitrate= 819.5kbits/s speed=0.997x elapsed=0:08:24.45
[2026-06-03T08:46:52.882Z] [INFO] [FFMPEG] frame= 9036 fps= 18 q=28.0 q=28.0 size=   50353KiB time=00:08:23.44 bitrate= 819.3kbits/s speed=0.997x elapsed=0:08:24.97
[2026-06-03T08:46:53.406Z] [INFO] [FFMPEG] frame= 9045 fps= 18 q=28.0 q=28.0 size=   50422KiB time=00:08:23.92 bitrate= 819.7kbits/s speed=0.997x elapsed=0:08:25.49
[2026-06-03T08:46:53.916Z] [INFO] [FFMPEG] frame= 9055 fps= 18 q=28.0 q=28.0 size=   50453KiB time=00:08:24.48 bitrate= 819.3kbits/s speed=0.997x elapsed=0:08:26.00
[2026-06-03T08:46:54.433Z] [INFO] [FFMPEG] frame= 9064 fps= 18 q=28.0 q=28.0 size=   50518KiB time=00:08:25.00 bitrate= 819.5kbits/s speed=0.997x elapsed=0:08:26.52
[2026-06-03T08:46:54.945Z] [INFO] [FFMPEG] frame= 9073 fps= 18 q=26.0 q=28.0 size=   50547KiB time=00:08:25.48 bitrate= 819.2kbits/s speed=0.997x elapsed=0:08:27.03
[2026-06-03T08:46:55.455Z] [INFO] [FFMPEG] frame= 9083 fps= 18 q=28.0 q=28.0 size=   50616KiB time=00:08:26.04 bitrate= 819.4kbits/s speed=0.997x elapsed=0:08:27.54
[2026-06-03T08:46:55.983Z] [INFO] [FFMPEG] frame= 9092 fps= 18 q=28.0 q=28.0 size=   50631KiB time=00:08:26.52 bitrate= 818.9kbits/s speed=0.997x elapsed=0:08:28.07
[2026-06-03T08:46:56.498Z] [INFO] [FFMPEG] frame= 9101 fps= 18 q=28.0 q=28.0 size=   50692KiB time=00:08:27.04 bitrate= 819.0kbits/s speed=0.997x elapsed=0:08:28.58
[2026-06-03T08:46:57.012Z] [INFO] [FFMPEG] frame= 9110 fps= 18 q=27.0 q=28.0 size=   50712KiB time=00:08:27.52 bitrate= 818.6kbits/s speed=0.997x elapsed=0:08:29.09
[2026-06-03T08:46:57.524Z] [INFO] [FFMPEG] frame= 9119 fps= 18 q=28.0 q=28.0 size=   50771KiB time=00:08:28.04 bitrate= 818.7kbits/s speed=0.997x elapsed=0:08:29.61
[2026-06-03T08:46:58.037Z] [INFO] [FFMPEG] frame= 9129 fps= 18 q=26.0 q=28.0 size=   50826KiB time=00:08:28.60 bitrate= 818.6kbits/s speed=0.997x elapsed=0:08:30.12
[2026-06-03T08:46:58.562Z] [INFO] [FFMPEG] frame= 9138 fps= 18 q=28.0 q=28.0 size=   50857KiB time=00:08:29.08 bitrate= 818.4kbits/s speed=0.997x elapsed=0:08:30.65
[2026-06-03T08:46:59.073Z] [INFO] [FFMPEG] frame= 9148 fps= 18 q=27.0 q=28.0 size=   50917KiB time=00:08:29.64 bitrate= 818.4kbits/s speed=0.997x elapsed=0:08:31.16
[2026-06-03T08:46:59.585Z] [INFO] [FFMPEG] frame= 9157 fps= 18 q=28.0 q=28.0 size=   50949KiB time=00:08:30.16 bitrate= 818.1kbits/s speed=0.997x elapsed=0:08:31.67
[2026-06-03T08:47:00.108Z] [INFO] [FFMPEG] frame= 9166 fps= 18 q=27.0 q=28.0 size=   50997KiB time=00:08:30.64 bitrate= 818.1kbits/s speed=0.997x elapsed=0:08:32.19
[2026-06-03T08:47:00.620Z] [INFO] [FFMPEG] frame= 9176 fps= 18 q=28.0 q=28.0 size=   51028KiB time=00:08:31.20 bitrate= 817.7kbits/s speed=0.997x elapsed=0:08:32.70
[2026-06-03T08:47:01.133Z] [INFO] [FFMPEG] frame= 9184 fps= 18 q=27.0 q=28.0 size=   51085KiB time=00:08:31.64 bitrate= 817.9kbits/s speed=0.997x elapsed=0:08:33.22
[2026-06-03T08:47:01.645Z] [INFO] [FFMPEG] frame= 9194 fps= 18 q=27.0 q=28.0 size=   51145KiB time=00:08:32.20 bitrate= 818.0kbits/s speed=0.997x elapsed=0:08:33.73
[2026-06-03T08:47:02.171Z] [INFO] [FFMPEG] frame= 9203 fps= 18 q=26.0 q=28.0 size=   51201KiB time=00:08:32.72 bitrate= 818.1kbits/s speed=0.997x elapsed=0:08:34.25
[2026-06-03T08:47:02.680Z] [INFO] [FFMPEG] frame= 9212 fps= 18 q=27.0 q=28.0 size=   51216KiB time=00:08:33.20 bitrate= 817.5kbits/s speed=0.997x elapsed=0:08:34.76
[2026-06-03T08:47:03.190Z] [INFO] [FFMPEG] frame= 9222 fps= 18 q=25.0 q=28.0 size=   51262KiB time=00:08:33.76 bitrate= 817.4kbits/s speed=0.997x elapsed=0:08:35.27
[2026-06-03T08:47:03.718Z] [INFO] [FFMPEG] frame= 9231 fps= 18 q=28.0 q=28.0 size=   51312KiB time=00:08:34.28 bitrate= 817.4kbits/s speed=0.997x elapsed=0:08:35.80
[2026-06-03T08:47:04.233Z] [INFO] [FFMPEG] frame= 9240 fps= 18 q=26.0 q=28.0 size=   51370KiB time=00:08:34.76 bitrate= 817.5kbits/s speed=0.997x elapsed=0:08:36.32
[2026-06-03T08:47:04.743Z] [INFO] [FFMPEG] frame= 9250 fps= 18 q=27.0 q=28.0 size=   51415KiB time=00:08:35.32 bitrate= 817.3kbits/s speed=0.997x elapsed=0:08:36.83
[2026-06-03T08:47:05.252Z] [INFO] [FFMPEG] frame= 9259 fps= 18 q=28.0 q=28.0 size=   51605KiB time=00:08:35.80 bitrate= 819.6kbits/s speed=0.997x elapsed=0:08:37.34
[2026-06-03T08:47:05.781Z] [INFO] [FFMPEG] frame= 9268 fps= 18 q=27.0 q=28.0 size=   51632KiB time=00:08:36.32 bitrate= 819.2kbits/s speed=0.997x elapsed=0:08:37.86
[2026-06-03T08:47:06.295Z] [INFO] [FFMPEG] frame= 9278 fps= 18 q=28.0 q=28.0 size=   51700KiB time=00:08:36.88 bitrate= 819.4kbits/s speed=0.997x elapsed=0:08:38.38
[2026-06-03T08:47:06.810Z] [INFO] [FFMPEG] frame= 9286 fps= 18 q=28.0 q=28.0 size=   51731KiB time=00:08:37.32 bitrate= 819.2kbits/s speed=0.997x elapsed=0:08:38.89
[2026-06-03T08:47:07.320Z] [INFO] [FFMPEG] frame= 9296 fps= 18 q=27.0 q=28.0 size=   51793KiB time=00:08:37.88 bitrate= 819.3kbits/s speed=0.997x elapsed=0:08:39.40
[2026-06-03T08:47:07.834Z] [INFO] [FFMPEG] frame= 9305 fps= 18 q=27.0 q=28.0 size=   51825KiB time=00:08:38.36 bitrate= 819.0kbits/s speed=0.997x elapsed=0:08:39.92
[2026-06-03T08:47:08.347Z] [INFO] [FFMPEG] frame= 9315 fps= 18 q=28.0 q=28.0 size=   51878KiB time=00:08:38.92 bitrate= 819.0kbits/s speed=0.997x elapsed=0:08:40.43
[2026-06-03T08:47:08.862Z] [INFO] [FFMPEG] frame= 9323 fps= 18 q=27.0 q=28.0 size=   51893KiB time=00:08:39.36 bitrate= 818.5kbits/s speed=0.997x elapsed=0:08:40.94
[2026-06-03T08:47:09.377Z] [INFO] [FFMPEG] frame= 9333 fps= 18 q=28.0 q=28.0 size=   51973KiB time=00:08:39.92 bitrate= 818.9kbits/s speed=0.997x elapsed=0:08:41.46
[2026-06-03T08:47:09.905Z] [INFO] [FFMPEG] frame= 9343 fps= 18 q=26.0 q=28.0 size=   51985KiB time=00:08:40.48 bitrate= 818.2kbits/s speed=0.997x elapsed=0:08:41.99
[2026-06-03T08:47:10.413Z] [INFO] [FFMPEG] frame= 9351 fps= 18 q=28.0 q=28.0 size=   52048KiB time=00:08:40.92 bitrate= 818.5kbits/s speed=0.997x elapsed=0:08:42.50
[2026-06-03T08:47:10.926Z] [INFO] [FFMPEG] frame= 9361 fps= 18 q=28.0 q=28.0 size=   52086KiB time=00:08:41.48 bitrate= 818.2kbits/s speed=0.997x elapsed=0:08:43.01
[2026-06-03T08:47:11.449Z] [INFO] [FFMPEG] frame= 9370 fps= 18 q=28.0 q=28.0 size=   52144KiB time=00:08:42.00 bitrate= 818.3kbits/s speed=0.997x elapsed=0:08:43.53
[2026-06-03T08:47:11.963Z] [INFO] [FFMPEG] frame= 9379 fps= 18 q=28.0 q=28.0 size=   52171KiB time=00:08:42.48 bitrate= 818.0kbits/s speed=0.997x elapsed=0:08:44.05
[2026-06-03T08:47:12.475Z] [INFO] [FFMPEG] frame= 9389 fps= 18 q=28.0 q=28.0 size=   52241KiB time=00:08:43.04 bitrate= 818.2kbits/s speed=0.997x elapsed=0:08:44.56
[2026-06-03T08:47:12.986Z] [INFO] [FFMPEG] frame= 9398 fps= 18 q=28.0 q=28.0 size=   52261KiB time=00:08:43.52 bitrate= 817.8kbits/s speed=0.997x elapsed=0:08:45.07
[2026-06-03T08:47:13.512Z] [INFO] [FFMPEG] frame= 9407 fps= 18 q=28.0 q=28.0 size=   52326KiB time=00:08:44.04 bitrate= 818.0kbits/s speed=0.997x elapsed=0:08:45.60
[2026-06-03T08:47:14.023Z] [INFO] [FFMPEG] frame= 9417 fps= 18 q=26.0 q=28.0 size=   52370KiB time=00:08:44.60 bitrate= 817.8kbits/s speed=0.997x elapsed=0:08:46.11
[2026-06-03T08:47:14.535Z] [INFO] [FFMPEG] frame= 9425 fps= 18 q=28.0 q=28.0 size=   52412KiB time=00:08:45.04 bitrate= 817.8kbits/s speed=0.997x elapsed=0:08:46.62
[2026-06-03T08:47:15.061Z] [INFO] [FFMPEG] frame= 9436 fps= 18 q=27.0 q=28.0 size=   52453KiB time=00:08:45.64 bitrate= 817.5kbits/s speed=0.997x elapsed=0:08:47.14
[2026-06-03T08:47:15.572Z] [INFO] [FFMPEG] frame= 9444 fps= 18 q=28.0 q=28.0 size=   52496KiB time=00:08:46.08 bitrate= 817.5kbits/s speed=0.997x elapsed=0:08:47.65
[2026-06-03T08:47:16.083Z] [INFO] [FFMPEG] frame= 9454 fps= 18 q=27.0 q=28.0 size=   52536KiB time=00:08:46.64 bitrate= 817.2kbits/s speed=0.997x elapsed=0:08:48.17
[2026-06-03T08:47:16.599Z] [INFO] [FFMPEG] frame= 9463 fps= 18 q=26.0 q=28.0 size=   52577KiB time=00:08:47.16 bitrate= 817.0kbits/s speed=0.997x elapsed=0:08:48.68
[2026-06-03T08:47:17.112Z] [INFO] [FFMPEG] frame= 9472 fps= 18 q=25.0 q=28.0 size=   52625KiB time=00:08:47.64 bitrate= 817.0kbits/s speed=0.997x elapsed=0:08:49.20
[2026-06-03T08:47:17.637Z] [INFO] [FFMPEG] frame= 9482 fps= 18 q=28.0 q=28.0 size=   52673KiB time=00:08:48.20 bitrate= 816.9kbits/s speed=0.997x elapsed=0:08:49.72
[2026-06-03T08:47:18.145Z] [INFO] [FFMPEG] frame= 9491 fps= 18 q=26.0 q=28.0 size=   52721KiB time=00:08:48.72 bitrate= 816.9kbits/s speed=0.997x elapsed=0:08:50.23
[2026-06-03T08:47:18.658Z] [INFO] [FFMPEG] frame= 9500 fps= 18 q=27.0 q=28.0 size=   52755KiB time=00:08:49.20 bitrate= 816.6kbits/s speed=0.997x elapsed=0:08:50.74
[2026-06-03T08:47:19.188Z] [INFO] [FFMPEG] frame= 9510 fps= 18 q=27.0 q=28.0 size=   52937KiB time=00:08:49.76 bitrate= 818.6kbits/s speed=0.997x elapsed=0:08:51.27
[2026-06-03T08:47:19.698Z] [INFO] [FFMPEG] frame= 9519 fps= 18 q=28.0 q=28.0 size=   52978KiB time=00:08:50.24 bitrate= 818.5kbits/s speed=0.997x elapsed=0:08:51.78
[2026-06-03T08:47:20.207Z] [INFO] [FFMPEG] frame= 9528 fps= 18 q=27.0 q=28.0 size=   53023KiB time=00:08:50.76 bitrate= 818.4kbits/s speed=0.997x elapsed=0:08:52.29
[2026-06-03T08:47:20.722Z] [INFO] [FFMPEG] frame= 9537 fps= 18 q=28.0 q=28.0 size=   53066KiB time=00:08:51.28 bitrate= 818.2kbits/s speed=0.997x elapsed=0:08:52.81
[2026-06-03T08:47:21.236Z] [INFO] [FFMPEG] frame= 9546 fps= 18 q=27.0 q=28.0 size=   53103KiB time=00:08:51.76 bitrate= 818.1kbits/s speed=0.997x elapsed=0:08:53.32
[2026-06-03T08:47:21.765Z] [INFO] [FFMPEG] frame= 9556 fps= 18 q=27.0 q=28.0 size=   53145KiB time=00:08:52.32 bitrate= 817.9kbits/s speed=0.997x elapsed=0:08:53.85
[2026-06-03T08:47:22.280Z] [INFO] [FFMPEG] frame= 9565 fps= 18 q=28.0 q=28.0 size=   53199KiB time=00:08:52.80 bitrate= 818.0kbits/s speed=0.997x elapsed=0:08:54.36
[2026-06-03T08:47:22.792Z] [INFO] [FFMPEG] frame= 9574 fps= 18 q=27.0 q=28.0 size=   53228KiB time=00:08:53.32 bitrate= 817.6kbits/s speed=0.997x elapsed=0:08:54.88
[2026-06-03T08:47:23.308Z] [INFO] [FFMPEG] frame= 9584 fps= 18 q=27.0 q=28.0 size=   53283KiB time=00:08:53.88 bitrate= 817.6kbits/s speed=0.997x elapsed=0:08:55.39
[2026-06-03T08:47:23.819Z] [INFO] [FFMPEG] frame= 9593 fps= 18 q=27.0 q=28.0 size=   53317KiB time=00:08:54.36 bitrate= 817.4kbits/s speed=0.997x elapsed=0:08:55.90
[2026-06-03T08:47:24.333Z] [INFO] [FFMPEG] frame= 9602 fps= 18 q=27.0 q=28.0 size=   53378KiB time=00:08:54.88 bitrate= 817.5kbits/s speed=0.997x elapsed=0:08:56.42
[2026-06-03T08:47:24.858Z] [INFO] [FFMPEG] frame= 9611 fps= 18 q=27.0 q=28.0 size=   53408KiB time=00:08:55.36 bitrate= 817.2kbits/s speed=0.997x elapsed=0:08:56.94
[2026-06-03T08:47:25.372Z] [INFO] [FFMPEG] frame= 9621 fps= 18 q=27.0 q=28.0 size=   53473KiB time=00:08:55.92 bitrate= 817.4kbits/s speed=0.997x elapsed=0:08:57.45
[2026-06-03T08:47:25.887Z] [INFO] [FFMPEG] frame= 9630 fps= 18 q=28.0 q=28.0 size=   53495KiB time=00:08:56.44 bitrate= 816.9kbits/s speed=0.997x elapsed=0:08:57.97
[2026-06-03T08:47:26.397Z] [INFO] [FFMPEG] frame= 9639 fps= 18 q=27.0 q=28.0 size=   53565KiB time=00:08:56.92 bitrate= 817.3kbits/s speed=0.997x elapsed=0:08:58.48
[2026-06-03T08:47:26.910Z] [INFO] [FFMPEG] frame= 9649 fps= 18 q=28.0 q=28.0 size=   53622KiB time=00:08:57.48 bitrate= 817.3kbits/s speed=0.997x elapsed=0:08:58.99
[2026-06-03T08:47:27.437Z] [INFO] [FFMPEG] frame= 9658 fps= 18 q=28.0 q=28.0 size=   53655KiB time=00:08:58.00 bitrate= 817.0kbits/s speed=0.997x elapsed=0:08:59.52
[2026-06-03T08:47:27.944Z] [INFO] [FFMPEG] frame= 9667 fps= 18 q=28.0 q=28.0 size=   53718KiB time=00:08:58.48 bitrate= 817.2kbits/s speed=0.997x elapsed=0:09:00.03
[2026-06-03T08:47:28.469Z] [INFO] [FFMPEG] frame= 9677 fps= 18 q=28.0 q=28.0 size=   53766KiB time=00:08:59.04 bitrate= 817.1kbits/s speed=0.997x elapsed=0:09:00.55
[2026-06-03T08:47:28.983Z] [INFO] [FFMPEG] frame= 9686 fps= 18 q=27.0 q=28.0 size=   53782KiB time=00:08:59.52 bitrate= 816.6kbits/s speed=0.997x elapsed=0:09:01.07
[2026-06-03T08:47:29.467Z] [INFO] [FFMPEG] [segment @ 0000022082052b80] Opening '//192.168.19.189/encova/cam01/2026/06/03/15-47-29.mp4' for writing
[2026-06-03T08:47:29.494Z] [INFO] [FFMPEG] frame= 9695 fps= 18 q=28.0 q=28.0 size=   53849KiB time=00:09:00.04 bitrate= 816.8kbits/s speed=0.997x elapsed=0:09:01.58
[2026-06-03T08:47:30.010Z] [INFO] [FFMPEG] frame= 9704 fps= 18 q=28.0 q=28.0 size=   53862KiB time=00:09:00.52 bitrate= 816.3kbits/s speed=0.997x elapsed=0:09:02.09
[2026-06-03T08:47:30.518Z] [INFO] [FFMPEG] frame= 9713 fps= 18 q=28.0 q=28.0 size=   53932KiB time=00:09:01.04 bitrate= 816.6kbits/s speed=0.997x elapsed=0:09:02.60
[2026-06-03T08:47:31.041Z] [INFO] [FFMPEG] frame= 9723 fps= 18 q=26.0 q=28.0 size=   53981KiB time=00:09:01.60 bitrate= 816.5kbits/s speed=0.997x elapsed=0:09:03.12
[2026-06-03T08:47:31.552Z] [INFO] [FFMPEG] frame= 9732 fps= 18 q=28.0 q=28.0 size=   54010KiB time=00:09:02.08 bitrate= 816.2kbits/s speed=0.997x elapsed=0:09:03.63
[2026-06-03T08:47:32.078Z] [INFO] [FFMPEG] frame= 9742 fps= 18 q=27.0 q=28.0 size=   54067KiB time=00:09:02.64 bitrate= 816.2kbits/s speed=0.997x elapsed=0:09:04.16
[2026-06-03T08:47:32.590Z] [INFO] [FFMPEG] frame= 9751 fps= 18 q=26.0 q=28.0 size=   54103KiB time=00:09:03.16 bitrate= 816.0kbits/s speed=0.997x elapsed=0:09:04.67
[2026-06-03T08:47:33.103Z] [INFO] [FFMPEG] frame= 9760 fps= 18 q=27.0 q=28.0 size=   54326KiB time=00:09:03.64 bitrate= 818.6kbits/s speed=0.997x elapsed=0:09:05.19
[2026-06-03T08:47:33.613Z] [INFO] [FFMPEG] frame= 9769 fps= 18 q=26.0 q=28.0 size=   54372KiB time=00:09:04.16 bitrate= 818.5kbits/s speed=0.997x elapsed=0:09:05.70
[2026-06-03T08:47:34.139Z] [INFO] [FFMPEG] frame= 9779 fps= 18 q=28.0 q=28.0 size=   54417KiB time=00:09:04.72 bitrate= 818.4kbits/s speed=0.997x elapsed=0:09:06.22
[2026-06-03T08:47:34.648Z] [INFO] [FFMPEG] frame= 9788 fps= 18 q=28.0 q=28.0 size=   54456KiB time=00:09:05.20 bitrate= 818.2kbits/s speed=0.997x elapsed=0:09:06.73
[2026-06-03T08:47:35.171Z] [INFO] [FFMPEG] frame= 9797 fps= 18 q=28.0 q=28.0 size=   54500KiB time=00:09:05.72 bitrate= 818.1kbits/s speed=0.997x elapsed=0:09:07.25
[2026-06-03T08:47:35.678Z] [INFO] [FFMPEG] frame= 9806 fps= 18 q=27.0 q=28.0 size=   54543KiB time=00:09:06.20 bitrate= 818.0kbits/s speed=0.997x elapsed=0:09:07.76
[2026-06-03T08:47:36.201Z] [INFO] [FFMPEG] frame= 9816 fps= 18 q=26.0 q=28.0 size=   54597KiB time=00:09:06.76 bitrate= 818.0kbits/s speed=0.997x elapsed=0:09:08.28
[2026-06-03T08:47:36.714Z] [INFO] [FFMPEG] frame= 9825 fps= 18 q=28.0 q=28.0 size=   54614KiB time=00:09:07.28 bitrate= 817.5kbits/s speed=0.997x elapsed=0:09:08.80
[2026-06-03T08:47:37.226Z] [INFO] [FFMPEG] frame= 9834 fps= 18 q=26.0 q=28.0 size=   54667KiB time=00:09:07.76 bitrate= 817.6kbits/s speed=0.997x elapsed=0:09:09.31
[2026-06-03T08:47:37.738Z] [INFO] [FFMPEG] frame= 9843 fps= 18 q=28.0 q=28.0 size=   54715KiB time=00:09:08.32 bitrate= 817.4kbits/s speed=0.997x elapsed=0:09:09.82
[2026-06-03T08:47:38.263Z] [INFO] [FFMPEG] frame= 9853 fps= 18 q=27.0 q=25.0 size=   54774KiB time=00:09:08.80 bitrate= 817.6kbits/s speed=0.997x elapsed=0:09:10.35
[2026-06-03T08:47:38.776Z] [INFO] [FFMPEG] frame= 9862 fps= 18 q=28.0 q=28.0 size=   54808KiB time=00:09:09.32 bitrate= 817.3kbits/s speed=0.997x elapsed=0:09:10.86
[2026-06-03T08:47:39.292Z] [INFO] [FFMPEG] frame= 9871 fps= 18 q=28.0 q=28.0 size=   54870KiB time=00:09:09.80 bitrate= 817.6kbits/s speed=0.997x elapsed=0:09:11.37
[2026-06-03T08:47:39.802Z] [INFO] [FFMPEG] frame= 9880 fps= 18 q=27.0 q=28.0 size=   54899KiB time=00:09:10.32 bitrate= 817.2kbits/s speed=0.997x elapsed=0:09:11.88
[2026-06-03T08:47:40.314Z] [INFO] [FFMPEG] frame= 9890 fps= 18 q=28.0 q=28.0 size=   54955KiB time=00:09:10.88 bitrate= 817.2kbits/s speed=0.997x elapsed=0:09:12.40
[2026-06-03T08:47:40.841Z] [INFO] [FFMPEG] frame= 9899 fps= 18 q=28.0 q=28.0 size=   54973KiB time=00:09:11.36 bitrate= 816.8kbits/s speed=0.997x elapsed=0:09:12.92
[2026-06-03T08:47:41.360Z] [INFO] [FFMPEG] frame= 9909 fps= 18 q=28.0 q=28.0 size=   55043KiB time=00:09:11.92 bitrate= 817.0kbits/s speed=0.997x elapsed=0:09:13.44
[2026-06-03T08:47:41.890Z] [INFO] [FFMPEG] frame= 9918 fps= 18 q=28.0 q=28.0 size=   55067KiB time=00:09:12.44 bitrate= 816.6kbits/s speed=0.997x elapsed=0:09:13.97
[2026-06-03T08:47:42.403Z] [INFO] [FFMPEG] frame= 9927 fps= 18 q=27.0 q=28.0 size=   55126KiB time=00:09:12.92 bitrate= 816.7kbits/s speed=0.997x elapsed=0:09:14.49
[2026-06-03T08:47:42.917Z] [INFO] [FFMPEG] frame= 9937 fps= 18 q=28.0 q=28.0 size=   55159KiB time=00:09:13.48 bitrate= 816.4kbits/s speed=0.997x elapsed=0:09:15.00
[2026-06-03T08:47:43.428Z] [INFO] [FFMPEG] frame= 9946 fps= 18 q=28.0 q=28.0 size=   55211KiB time=00:09:14.00 bitrate= 816.4kbits/s speed=0.997x elapsed=0:09:15.51
[2026-06-03T08:47:43.941Z] [INFO] [FFMPEG] frame= 9955 fps= 18 q=28.0 q=28.0 size=   55281KiB time=00:09:14.48 bitrate= 816.7kbits/s speed=0.997x elapsed=0:09:16.02
[2026-06-03T08:47:44.469Z] [INFO] [FFMPEG] frame= 9965 fps= 18 q=26.0 q=28.0 size=   55321KiB time=00:09:15.04 bitrate= 816.5kbits/s speed=0.997x elapsed=0:09:16.55
[2026-06-03T08:47:44.984Z] [INFO] [FFMPEG] frame= 9974 fps= 18 q=28.0 q=28.0 size=   55376KiB time=00:09:15.52 bitrate= 816.6kbits/s speed=0.997x elapsed=0:09:17.07
[2026-06-03T08:47:45.495Z] [INFO] [FFMPEG] frame= 9983 fps= 18 q=28.0 q=28.0 size=   55410KiB time=00:09:16.04 bitrate= 816.3kbits/s speed=0.997x elapsed=0:09:17.58
[2026-06-03T08:47:46.003Z] [INFO] [FFMPEG] frame= 9992 fps= 18 q=28.0 q=28.0 size=   55454KiB time=00:09:16.52 bitrate= 816.3kbits/s speed=0.997x elapsed=0:09:18.09
[2026-06-03T08:47:46.528Z] [INFO] [FFMPEG] frame=10002 fps= 18 q=27.0 q=28.0 size=   55655KiB time=00:09:17.08 bitrate= 818.4kbits/s speed=0.997x elapsed=0:09:18.61
[2026-06-03T08:47:47.040Z] [INFO] [FFMPEG] frame=10011 fps= 18 q=26.0 q=28.0 size=   55711KiB time=00:09:17.60 bitrate= 818.5kbits/s speed=0.997x elapsed=0:09:19.12
[2026-06-03T08:47:47.552Z] [INFO] [FFMPEG] frame=10020 fps= 18 q=28.0 q=28.0 size=   55737KiB time=00:09:18.08 bitrate= 818.2kbits/s speed=0.997x elapsed=0:09:19.64
[2026-06-03T08:47:48.064Z] [INFO] [FFMPEG] frame=10030 fps= 18 q=27.0 q=28.0 size=   55801KiB time=00:09:18.64 bitrate= 818.3kbits/s speed=0.997x elapsed=0:09:20.15
[2026-06-03T08:47:48.580Z] [INFO] [FFMPEG] frame=10039 fps= 18 q=28.0 q=28.0 size=   55850KiB time=00:09:19.16 bitrate= 818.2kbits/s speed=0.997x elapsed=0:09:20.66
[2026-06-03T08:47:49.096Z] [INFO] [FFMPEG] frame=10048 fps= 18 q=27.0 q=28.0 size=   55901KiB time=00:09:19.64 bitrate= 818.3kbits/s speed=0.997x elapsed=0:09:21.18
[2026-06-03T08:47:49.626Z] [INFO] [FFMPEG] frame=10058 fps= 18 q=27.0 q=28.0 size=   55941KiB time=00:09:20.20 bitrate= 818.0kbits/s speed=0.997x elapsed=0:09:21.71
[2026-06-03T08:47:50.156Z] [INFO] [FFMPEG] frame=10067 fps= 18 q=28.0 q=28.0 size=   56011KiB time=00:09:20.72 bitrate= 818.3kbits/s speed=0.997x elapsed=0:09:22.24
[2026-06-03T08:47:50.658Z] [INFO] [FFMPEG] frame=10076 fps= 18 q=28.0 q=28.0 size=   56040KiB time=00:09:21.20 bitrate= 818.0kbits/s speed=0.997x elapsed=0:09:22.74
[2026-06-03T08:47:51.184Z] [INFO] [FFMPEG] frame=10086 fps= 18 q=27.0 q=28.0 size=   56078KiB time=00:09:21.76 bitrate= 817.8kbits/s speed=0.997x elapsed=0:09:23.27
[2026-06-03T08:47:51.693Z] [INFO] [FFMPEG] frame=10094 fps= 18 q=27.0 q=28.0 size=   56117KiB time=00:09:22.20 bitrate= 817.7kbits/s speed=0.997x elapsed=0:09:23.78
[2026-06-03T08:47:52.205Z] [INFO] [FFMPEG] frame=10104 fps= 18 q=26.0 q=28.0 size=   56162KiB time=00:09:22.76 bitrate= 817.5kbits/s speed=0.997x elapsed=0:09:24.29
[2026-06-03T08:47:52.732Z] [INFO] [FFMPEG] frame=10113 fps= 18 q=28.0 q=28.0 size=   56179KiB time=00:09:23.28 bitrate= 817.0kbits/s speed=0.997x elapsed=0:09:24.82
[2026-06-03T08:47:53.242Z] [INFO] [FFMPEG] frame=10122 fps= 18 q=26.0 q=28.0 size=   56228KiB time=00:09:23.76 bitrate= 817.0kbits/s speed=0.997x elapsed=0:09:25.33
[2026-06-03T08:47:53.753Z] [INFO] [FFMPEG] frame=10132 fps= 18 q=27.0 q=28.0 size=   56273KiB time=00:09:24.32 bitrate= 816.9kbits/s speed=0.997x elapsed=0:09:25.84
[2026-06-03T08:47:54.281Z] [INFO] [FFMPEG] frame=10141 fps= 18 q=28.0 q=28.0 size=   56330KiB time=00:09:24.80 bitrate= 817.0kbits/s speed=0.997x elapsed=0:09:26.36
[2026-06-03T08:47:54.796Z] [INFO] [FFMPEG] frame=10150 fps= 18 q=27.0 q=28.0 size=   56364KiB time=00:09:25.32 bitrate= 816.8kbits/s speed=0.997x elapsed=0:09:26.88
[2026-06-03T08:47:55.303Z] [INFO] [FFMPEG] frame=10160 fps= 18 q=27.0 q=28.0 size=   56426KiB time=00:09:25.88 bitrate= 816.9kbits/s speed=0.997x elapsed=0:09:27.39
[2026-06-03T08:47:55.814Z] [INFO] [FFMPEG] frame=10168 fps= 18 q=27.0 q=28.0 size=   56456KiB time=00:09:26.32 bitrate= 816.7kbits/s speed=0.997x elapsed=0:09:27.90
[2026-06-03T08:47:56.341Z] [INFO] [FFMPEG] frame=10179 fps= 18 q=28.0 q=28.0 size=   56529KiB time=00:09:26.92 bitrate= 816.8kbits/s speed=0.997x elapsed=0:09:28.42
[2026-06-03T08:47:56.852Z] [INFO] [FFMPEG] frame=10187 fps= 18 q=28.0 q=28.0 size=   56553KiB time=00:09:27.36 bitrate= 816.6kbits/s speed=0.997x elapsed=0:09:28.94
[2026-06-03T08:47:57.367Z] [INFO] [FFMPEG] frame=10197 fps= 18 q=28.0 q=28.0 size=   56622KiB time=00:09:27.92 bitrate= 816.8kbits/s speed=0.997x elapsed=0:09:29.45
[2026-06-03T08:47:57.883Z] [INFO] [FFMPEG] frame=10206 fps= 18 q=28.0 q=28.0 size=   56648KiB time=00:09:28.44 bitrate= 816.4kbits/s speed=0.997x elapsed=0:09:29.97
[2026-06-03T08:47:58.394Z] [INFO] [FFMPEG] frame=10215 fps= 18 q=27.0 q=28.0 size=   56706KiB time=00:09:28.92 bitrate= 816.5kbits/s speed=0.997x elapsed=0:09:30.48
[2026-06-03T08:47:58.919Z] [INFO] [FFMPEG] frame=10225 fps= 18 q=28.0 q=28.0 size=   56732KiB time=00:09:29.48 bitrate= 816.1kbits/s speed=0.997x elapsed=0:09:31.00
[2026-06-03T08:47:59.426Z] [INFO] [FFMPEG] frame=10234 fps= 18 q=28.0 q=28.0 size=   56794KiB time=00:09:30.00 bitrate= 816.2kbits/s speed=0.997x elapsed=0:09:31.51
[2026-06-03T08:47:59.941Z] [INFO] [FFMPEG] frame=10243 fps= 18 q=26.0 q=28.0 size=   56842KiB time=00:09:30.48 bitrate= 816.2kbits/s speed=0.997x elapsed=0:09:32.02
[2026-06-03T08:48:00.468Z] [INFO] [FFMPEG] frame=10253 fps= 18 q=28.0 q=28.0 size=   57059KiB time=00:09:31.04 bitrate= 818.6kbits/s speed=0.997x elapsed=0:09:32.55
[2026-06-03T08:48:00.976Z] [INFO] [FFMPEG] frame=10262 fps= 18 q=28.0 q=28.0 size=   57079KiB time=00:09:31.52 bitrate= 818.2kbits/s speed=0.997x elapsed=0:09:33.06
[2026-06-03T08:48:01.487Z] [INFO] [FFMPEG] frame=10271 fps= 18 q=28.0 q=28.0 size=   57144KiB time=00:09:32.04 bitrate= 818.3kbits/s speed=0.997x elapsed=0:09:33.57
[2026-06-03T08:48:02.013Z] [INFO] [FFMPEG] frame=10280 fps= 18 q=27.0 q=28.0 size=   57158KiB time=00:09:32.52 bitrate= 817.9kbits/s speed=0.997x elapsed=0:09:34.10
[2026-06-03T08:48:02.524Z] [INFO] [FFMPEG] frame=10289 fps= 18 q=28.0 q=28.0 size=   57214KiB time=00:09:33.04 bitrate= 817.9kbits/s speed=0.997x elapsed=0:09:34.61
[2026-06-03T08:48:03.037Z] [INFO] [FFMPEG] frame=10299 fps= 18 q=26.0 q=28.0 size=   57271KiB time=00:09:33.60 bitrate= 817.9kbits/s speed=0.997x elapsed=0:09:35.12
[2026-06-03T08:48:03.561Z] [INFO] [FFMPEG] frame=10308 fps= 18 q=27.0 q=28.0 size=   57308KiB time=00:09:34.08 bitrate= 817.8kbits/s speed=0.997x elapsed=0:09:35.64
[2026-06-03T08:48:04.072Z] [INFO] [FFMPEG] frame=10318 fps= 18 q=27.0 q=28.0 size=   57352KiB time=00:09:34.64 bitrate= 817.6kbits/s speed=0.997x elapsed=0:09:36.15
[2026-06-03T08:48:04.584Z] [INFO] [FFMPEG] frame=10327 fps= 18 q=26.0 q=28.0 size=   57371KiB time=00:09:35.16 bitrate= 817.1kbits/s speed=0.997x elapsed=0:09:36.67
[2026-06-03T08:48:05.095Z] [INFO] [FFMPEG] frame=10336 fps= 18 q=27.0 q=28.0 size=   57431KiB time=00:09:35.64 bitrate= 817.3kbits/s speed=0.997x elapsed=0:09:37.18
[2026-06-03T08:48:05.625Z] [INFO] [FFMPEG] frame=10346 fps= 18 q=27.0 q=28.0 size=   57486KiB time=00:09:36.20 bitrate= 817.3kbits/s speed=0.997x elapsed=0:09:37.71
[2026-06-03T08:48:06.140Z] [INFO] [FFMPEG] frame=10355 fps= 18 q=28.0 q=28.0 size=   57545KiB time=00:09:36.68 bitrate= 817.5kbits/s speed=0.997x elapsed=0:09:38.22
[2026-06-03T08:48:06.648Z] [INFO] [FFMPEG] frame=10364 fps= 18 q=27.0 q=28.0 size=   57585KiB time=00:09:37.20 bitrate= 817.3kbits/s speed=0.997x elapsed=0:09:38.73
[2026-06-03T08:48:07.159Z] [INFO] [FFMPEG] frame=10373 fps= 18 q=28.0 q=28.0 size=   57627KiB time=00:09:37.72 bitrate= 817.1kbits/s speed=0.997x elapsed=0:09:39.24
[2026-06-03T08:48:07.684Z] [INFO] [FFMPEG] frame=10382 fps= 18 q=28.0 q=28.0 size=   57669KiB time=00:09:38.20 bitrate= 817.1kbits/s speed=0.997x elapsed=0:09:39.77
[2026-06-03T08:48:08.193Z] [INFO] [FFMPEG] frame=10392 fps= 18 q=26.0 q=28.0 size=   57723KiB time=00:09:38.76 bitrate= 817.0kbits/s speed=0.997x elapsed=0:09:40.28
[2026-06-03T08:48:08.718Z] [INFO] [FFMPEG] frame=10401 fps= 18 q=28.0 q=28.0 size=   57768KiB time=00:09:39.28 bitrate= 816.9kbits/s speed=0.997x elapsed=0:09:40.80
[2026-06-03T08:48:09.227Z] [INFO] [FFMPEG] frame=10410 fps= 18 q=26.0 q=28.0 size=   57805KiB time=00:09:39.76 bitrate= 816.8kbits/s speed=0.997x elapsed=0:09:41.31
[2026-06-03T08:48:09.736Z] [INFO] [FFMPEG] frame=10419 fps= 18 q=28.0 q=28.0 size=   57851KiB time=00:09:40.28 bitrate= 816.7kbits/s speed=0.997x elapsed=0:09:41.82
[2026-06-03T08:48:10.259Z] [INFO] [FFMPEG] frame=10429 fps= 18 q=27.0 q=28.0 size=   57927KiB time=00:09:40.80 bitrate= 817.0kbits/s speed=0.997x elapsed=0:09:42.34
[2026-06-03T08:48:10.771Z] [INFO] [FFMPEG] frame=10438 fps= 18 q=27.0 q=28.0 size=   57953KiB time=00:09:41.32 bitrate= 816.7kbits/s speed=0.997x elapsed=0:09:42.85
[2026-06-03T08:48:11.286Z] [INFO] [FFMPEG] frame=10447 fps= 18 q=28.0 q=28.0 size=   58031KiB time=00:09:41.80 bitrate= 817.1kbits/s speed=0.997x elapsed=0:09:43.37
[2026-06-03T08:48:11.799Z] [INFO] [FFMPEG] frame=10456 fps= 18 q=27.0 q=28.0 size=   58041KiB time=00:09:42.32 bitrate= 816.5kbits/s speed=0.997x elapsed=0:09:43.88
[2026-06-03T08:48:12.324Z] [INFO] [FFMPEG] frame=10466 fps= 18 q=28.0 q=28.0 size=   58094KiB time=00:09:42.88 bitrate= 816.5kbits/s speed=0.997x elapsed=0:09:44.41
[2026-06-03T08:48:12.836Z] [INFO] [FFMPEG] frame=10475 fps= 18 q=28.0 q=28.0 size=   58135KiB time=00:09:43.36 bitrate= 816.4kbits/s speed=0.997x elapsed=0:09:44.92
[2026-06-03T08:48:13.348Z] [INFO] [FFMPEG] frame=10485 fps= 18 q=27.0 q=28.0 size=   58201KiB time=00:09:43.92 bitrate= 816.5kbits/s speed=0.997x elapsed=0:09:45.43
[2026-06-03T08:48:13.862Z] [INFO] [FFMPEG] frame=10494 fps= 18 q=28.0 q=28.0 size=   58224KiB time=00:09:44.44 bitrate= 816.1kbits/s speed=0.997x elapsed=0:09:45.95
[2026-06-03T08:48:14.389Z] [INFO] [FFMPEG] frame=10503 fps= 18 q=28.0 q=28.0 size=   58406KiB time=00:09:44.92 bitrate= 818.0kbits/s speed=0.997x elapsed=0:09:46.47
[2026-06-03T08:48:14.902Z] [INFO] [FFMPEG] frame=10513 fps= 18 q=28.0 q=28.0 size=   58472KiB time=00:09:45.48 bitrate= 818.1kbits/s speed=0.997x elapsed=0:09:46.98
[2026-06-03T08:48:15.413Z] [INFO] [FFMPEG] frame=10521 fps= 18 q=28.0 q=28.0 size=   58521KiB time=00:09:45.92 bitrate= 818.2kbits/s speed=0.997x elapsed=0:09:47.50
[2026-06-03T08:48:15.926Z] [INFO] [FFMPEG] frame=10531 fps= 18 q=26.0 q=28.0 size=   58532KiB time=00:09:46.48 bitrate= 817.6kbits/s speed=0.997x elapsed=0:09:48.01
[2026-06-03T08:48:16.440Z] [INFO] [FFMPEG] frame=10540 fps= 18 q=28.0 q=28.0 size=   58598KiB time=00:09:47.00 bitrate= 817.8kbits/s speed=0.997x elapsed=0:09:48.52
[2026-06-03T08:48:16.967Z] [INFO] [FFMPEG] frame=10549 fps= 18 q=26.0 q=28.0 size=   58635KiB time=00:09:47.48 bitrate= 817.6kbits/s speed=0.997x elapsed=0:09:49.05
[2026-06-03T08:48:17.480Z] [INFO] [FFMPEG] frame=10559 fps= 18 q=28.0 q=28.0 size=   58706KiB time=00:09:48.04 bitrate= 817.8kbits/s speed=0.997x elapsed=0:09:49.56
[2026-06-03T08:48:17.991Z] [INFO] [FFMPEG] frame=10568 fps= 18 q=27.0 q=28.0 size=   58726KiB time=00:09:48.52 bitrate= 817.4kbits/s speed=0.997x elapsed=0:09:50.07
[2026-06-03T08:48:18.507Z] [INFO] [FFMPEG] frame=10577 fps= 18 q=28.0 q=28.0 size=   58794KiB time=00:09:49.04 bitrate= 817.7kbits/s speed=0.997x elapsed=0:09:50.59
[2026-06-03T08:48:19.018Z] [INFO] [FFMPEG] frame=10587 fps= 18 q=26.0 q=28.0 size=   58850KiB time=00:09:49.60 bitrate= 817.7kbits/s speed=0.997x elapsed=0:09:51.10
[2026-06-03T08:48:19.542Z] [INFO] [FFMPEG] frame=10596 fps= 18 q=28.0 q=28.0 size=   58893KiB time=00:09:50.08 bitrate= 817.6kbits/s speed=0.997x elapsed=0:09:51.62
[2026-06-03T08:48:20.057Z] [INFO] [FFMPEG] frame=10606 fps= 18 q=27.0 q=28.0 size=   58945KiB time=00:09:50.64 bitrate= 817.6kbits/s speed=0.997x elapsed=0:09:52.14
[2026-06-03T08:48:20.565Z] [INFO] [FFMPEG] frame=10614 fps= 18 q=28.0 q=28.0 size=   58990KiB time=00:09:51.08 bitrate= 817.6kbits/s speed=0.997x elapsed=0:09:52.65
[2026-06-03T08:48:21.081Z] [INFO] [FFMPEG] frame=10624 fps= 18 q=27.0 q=28.0 size=   59032KiB time=00:09:51.64 bitrate= 817.4kbits/s speed=0.997x elapsed=0:09:53.16
[2026-06-03T08:48:21.608Z] [INFO] [FFMPEG] frame=10633 fps= 18 q=28.0 q=28.0 size=   59079KiB time=00:09:52.16 bitrate= 817.3kbits/s speed=0.997x elapsed=0:09:53.69
[2026-06-03T08:48:22.122Z] [INFO] [FFMPEG] frame=10642 fps= 18 q=27.0 q=28.0 size=   59110KiB time=00:09:52.64 bitrate= 817.1kbits/s speed=0.997x elapsed=0:09:54.21
[2026-06-03T08:48:22.633Z] [INFO] [FFMPEG] frame=10652 fps= 18 q=28.0 q=28.0 size=   59157KiB time=00:09:53.20 bitrate= 817.0kbits/s speed=0.997x elapsed=0:09:54.72
[2026-06-03T08:48:23.146Z] [INFO] [FFMPEG] frame=10661 fps= 18 q=28.0 q=28.0 size=   59194KiB time=00:09:53.72 bitrate= 816.8kbits/s speed=0.997x elapsed=0:09:55.23
[2026-06-03T08:48:23.659Z] [INFO] [FFMPEG] frame=10670 fps= 18 q=27.0 q=28.0 size=   59216KiB time=00:09:54.20 bitrate= 816.4kbits/s speed=0.997x elapsed=0:09:55.74
[2026-06-03T08:48:24.182Z] [INFO] [FFMPEG] frame=10680 fps= 18 q=26.0 q=28.0 size=   59279KiB time=00:09:54.76 bitrate= 816.5kbits/s speed=0.997x elapsed=0:09:56.27
[2026-06-03T08:48:24.694Z] [INFO] [FFMPEG] frame=10688 fps= 18 q=27.0 q=28.0 size=   59302KiB time=00:09:55.20 bitrate= 816.2kbits/s speed=0.997x elapsed=0:09:56.78
[2026-06-03T08:48:25.206Z] [INFO] [FFMPEG] frame=10698 fps= 18 q=26.0 q=28.0 size=   59360KiB time=00:09:55.76 bitrate= 816.2kbits/s speed=0.997x elapsed=0:09:57.29
[2026-06-03T08:48:25.733Z] [INFO] [FFMPEG] frame=10707 fps= 18 q=28.0 q=28.0 size=   59396KiB time=00:09:56.28 bitrate= 816.0kbits/s speed=0.997x elapsed=0:09:57.82
[2026-06-03T08:48:26.243Z] [INFO] [FFMPEG] frame=10716 fps= 18 q=26.0 q=28.0 size=   59437KiB time=00:09:56.76 bitrate= 815.9kbits/s speed=0.997x elapsed=0:09:58.33
[2026-06-03T08:48:26.756Z] [INFO] [FFMPEG] frame=10726 fps= 18 q=27.0 q=28.0 size=   59490KiB time=00:09:57.32 bitrate= 815.9kbits/s speed=0.997x elapsed=0:09:58.84
[2026-06-03T08:48:27.271Z] [INFO] [FFMPEG] frame=10735 fps= 18 q=28.0 q=28.0 size=   59553KiB time=00:09:57.80 bitrate= 816.1kbits/s speed=0.997x elapsed=0:09:59.35
[2026-06-03T08:48:27.793Z] [INFO] [FFMPEG] frame=10744 fps= 18 q=27.0 q=28.0 size=   59589KiB time=00:09:58.32 bitrate= 815.9kbits/s speed=0.997x elapsed=0:09:59.88
[2026-06-03T08:48:28.305Z] [INFO] [FFMPEG] frame=10754 fps= 18 q=27.0 q=28.0 size=   59814KiB time=00:09:58.88 bitrate= 818.2kbits/s speed=0.997x elapsed=0:10:00.39
[2026-06-03T08:48:28.814Z] [INFO] [FFMPEG] frame=10762 fps= 18 q=27.0 q=28.0 size=   59835KiB time=00:09:59.32 bitrate= 817.9kbits/s speed=0.997x elapsed=0:10:00.90
[2026-06-03T08:48:29.329Z] [INFO] [FFMPEG] frame=10772 fps= 18 q=27.0 q=28.0 size=   59893KiB time=00:09:59.88 bitrate= 817.9kbits/s speed=0.997x elapsed=0:10:01.41
[2026-06-03T08:48:29.460Z] [INFO] [FFMPEG] [segment @ 0000022082052b80] Opening '//192.168.19.189/encova/cam01/2026/06/03/15-48-29.mp4' for writing
[2026-06-03T08:48:29.856Z] [INFO] [FFMPEG] frame=10781 fps= 18 q=27.0 q=28.0 size=   59928KiB time=00:10:00.36 bitrate= 817.7kbits/s speed=0.997x elapsed=0:10:01.94
[2026-06-03T08:48:30.367Z] [INFO] [FFMPEG] frame=10791 fps= 18 q=27.0 q=28.0 size=   59994KiB time=00:10:00.92 bitrate= 817.9kbits/s speed=0.997x elapsed=0:10:02.45
[2026-06-03T08:48:30.876Z] [INFO] [FFMPEG] frame=10800 fps= 18 q=28.0 q=28.0 size=   60017KiB time=00:10:01.44 bitrate= 817.5kbits/s speed=0.997x elapsed=0:10:02.96
[2026-06-03T08:48:31.403Z] [INFO] [FFMPEG] frame=10809 fps= 18 q=28.0 q=28.0 size=   60083KiB time=00:10:01.92 bitrate= 817.7kbits/s speed=0.997x elapsed=0:10:03.49
[2026-06-03T08:48:31.915Z] [INFO] [FFMPEG] frame=10819 fps= 18 q=28.0 q=28.0 size=   60131KiB time=00:10:02.48 bitrate= 817.6kbits/s speed=0.997x elapsed=0:10:04.00
[2026-06-03T08:48:32.429Z] [INFO] [FFMPEG] frame=10828 fps= 18 q=28.0 q=28.0 size=   60174KiB time=00:10:03.00 bitrate= 817.5kbits/s speed=0.997x elapsed=0:10:04.51
[2026-06-03T08:48:32.939Z] [INFO] [FFMPEG] frame=10837 fps= 18 q=26.0 q=28.0 size=   60195KiB time=00:10:03.48 bitrate= 817.1kbits/s speed=0.997x elapsed=0:10:05.02
[2026-06-03T08:48:33.456Z] [INFO] [FFMPEG] frame=10847 fps= 18 q=28.0 q=28.0 size=   60264KiB time=00:10:04.04 bitrate= 817.3kbits/s speed=0.998x elapsed=0:10:05.54
[2026-06-03T08:48:33.983Z] [INFO] [FFMPEG] frame=10856 fps= 18 q=28.0 q=28.0 size=   60279KiB time=00:10:04.52 bitrate= 816.9kbits/s speed=0.997x elapsed=0:10:06.07
[2026-06-03T08:48:34.496Z] [INFO] [FFMPEG] frame=10865 fps= 18 q=28.0 q=28.0 size=   60343KiB time=00:10:05.04 bitrate= 817.0kbits/s speed=0.997x elapsed=0:10:06.58
[2026-06-03T08:48:35.012Z] [INFO] [FFMPEG] frame=10874 fps= 18 q=28.0 q=28.0 size=   60357KiB time=00:10:05.52 bitrate= 816.6kbits/s speed=0.997x elapsed=0:10:07.10
[2026-06-03T08:48:35.526Z] [INFO] [FFMPEG] frame=10883 fps= 18 q=28.0 q=28.0 size=   60413KiB time=00:10:06.04 bitrate= 816.6kbits/s speed=0.997x elapsed=0:10:07.61
[2026-06-03T08:48:36.039Z] [INFO] [FFMPEG] frame=10893 fps= 18 q=28.0 q=28.0 size=   60469KiB time=00:10:06.60 bitrate= 816.6kbits/s speed=0.997x elapsed=0:10:08.12
[2026-06-03T08:48:36.553Z] [INFO] [FFMPEG] frame=10902 fps= 18 q=28.0 q=28.0 size=   60509KiB time=00:10:07.08 bitrate= 816.5kbits/s speed=0.997x elapsed=0:10:08.64
[2026-06-03T08:48:37.067Z] [INFO] [FFMPEG] frame=10912 fps= 18 q=27.0 q=28.0 size=   60556KiB time=00:10:07.64 bitrate= 816.4kbits/s speed=0.998x elapsed=0:10:09.15
[2026-06-03T08:48:37.580Z] [INFO] [FFMPEG] frame=10921 fps= 18 q=28.0 q=28.0 size=   60608KiB time=00:10:08.16 bitrate= 816.4kbits/s speed=0.998x elapsed=0:10:09.66
[2026-06-03T08:48:38.110Z] [INFO] [FFMPEG] frame=10930 fps= 18 q=27.0 q=28.0 size=   60649KiB time=00:10:08.64 bitrate= 816.3kbits/s speed=0.997x elapsed=0:10:10.19
[2026-06-03T08:48:38.622Z] [INFO] [FFMPEG] frame=10940 fps= 18 q=27.0 q=28.0 size=   60678KiB time=00:10:09.20 bitrate= 816.0kbits/s speed=0.998x elapsed=0:10:10.70
[2026-06-03T08:48:39.133Z] [INFO] [FFMPEG] frame=10948 fps= 18 q=27.0 q=28.0 size=   60729KiB time=00:10:09.64 bitrate= 816.0kbits/s speed=0.997x elapsed=0:10:11.22
[2026-06-03T08:48:39.645Z] [INFO] [FFMPEG] frame=10958 fps= 18 q=27.0 q=28.0 size=   60782KiB time=00:10:10.20 bitrate= 816.0kbits/s speed=0.997x elapsed=0:10:11.73
[2026-06-03T08:48:40.172Z] [INFO] [FFMPEG] frame=10968 fps= 18 q=27.0 q=28.0 size=   60830KiB time=00:10:10.76 bitrate= 815.9kbits/s speed=0.998x elapsed=0:10:12.25
[2026-06-03T08:48:40.680Z] [INFO] [FFMPEG] frame=10976 fps= 18 q=27.0 q=28.0 size=   60872KiB time=00:10:11.20 bitrate= 815.9kbits/s speed=0.997x elapsed=0:10:12.76
[2026-06-03T08:48:41.194Z] [INFO] [FFMPEG] frame=10986 fps= 18 q=27.0 q=28.0 size=   60907KiB time=00:10:11.76 bitrate= 815.6kbits/s speed=0.998x elapsed=0:10:13.28
[2026-06-03T08:48:41.706Z] [INFO] [FFMPEG] frame=10995 fps= 18 q=28.0 q=28.0 size=   60953KiB time=00:10:12.24 bitrate= 815.6kbits/s speed=0.997x elapsed=0:10:13.79
[2026-06-03T08:48:42.233Z] [INFO] [FFMPEG] frame=11004 fps= 18 q=27.0 q=28.0 size=   61166KiB time=00:10:12.76 bitrate= 817.7kbits/s speed=0.997x elapsed=0:10:14.32
[2026-06-03T08:48:42.742Z] [INFO] [FFMPEG] frame=11013 fps= 18 q=28.0 q=28.0 size=   61204KiB time=00:10:13.28 bitrate= 817.5kbits/s speed=0.997x elapsed=0:10:14.83
[2026-06-03T08:48:43.253Z] [INFO] [FFMPEG] frame=11023 fps= 18 q=27.0 q=28.0 size=   61278KiB time=00:10:13.80 bitrate= 817.8kbits/s speed=0.997x elapsed=0:10:15.34
[2026-06-03T08:48:43.779Z] [INFO] [FFMPEG] frame=11032 fps= 18 q=28.0 q=28.0 size=   61309KiB time=00:10:14.32 bitrate= 817.6kbits/s speed=0.997x elapsed=0:10:15.86
[2026-06-03T08:48:44.288Z] [INFO] [FFMPEG] frame=11042 fps= 18 q=27.0 q=28.0 size=   61373KiB time=00:10:14.84 bitrate= 817.7kbits/s speed=0.998x elapsed=0:10:16.37
[2026-06-03T08:48:44.803Z] [INFO] [FFMPEG] frame=11050 fps= 18 q=27.0 q=28.0 size=   61388KiB time=00:10:15.32 bitrate= 817.3kbits/s speed=0.997x elapsed=0:10:16.89
[2026-06-03T08:48:45.315Z] [INFO] [FFMPEG] frame=11060 fps= 18 q=28.0 q=28.0 size=   61448KiB time=00:10:15.88 bitrate= 817.3kbits/s speed=0.998x elapsed=0:10:17.40
[2026-06-03T08:48:45.845Z] [INFO] [FFMPEG] frame=11069 fps= 18 q=28.0 q=28.0 size=   61484KiB time=00:10:16.36 bitrate= 817.2kbits/s speed=0.997x elapsed=0:10:17.93
[2026-06-03T08:48:46.356Z] [INFO] [FFMPEG] frame=11079 fps= 18 q=28.0 q=28.0 size=   61571KiB time=00:10:16.92 bitrate= 817.6kbits/s speed=0.998x elapsed=0:10:18.44
[2026-06-03T08:48:46.863Z] [INFO] [FFMPEG] frame=11087 fps= 18 q=28.0 q=28.0 size=   61577KiB time=00:10:17.36 bitrate= 817.1kbits/s speed=0.997x elapsed=0:10:18.95
[2026-06-03T08:48:47.390Z] [INFO] [FFMPEG] frame=11097 fps= 18 q=28.0 q=28.0 size=   61639KiB time=00:10:17.92 bitrate= 817.2kbits/s speed=0.997x elapsed=0:10:19.47
[2026-06-03T08:48:47.901Z] [INFO] [FFMPEG] frame=11107 fps= 18 q=26.0 q=28.0 size=   61683KiB time=00:10:18.48 bitrate= 817.0kbits/s speed=0.998x elapsed=0:10:19.98
[2026-06-03T08:48:48.414Z] [INFO] [FFMPEG] frame=11116 fps= 18 q=28.0 q=28.0 size=   61743KiB time=00:10:18.96 bitrate= 817.2kbits/s speed=0.998x elapsed=0:10:20.50
[2026-06-03T08:48:48.937Z] [INFO] [FFMPEG] frame=11125 fps= 18 q=26.0 q=28.0 size=   61770KiB time=00:10:19.48 bitrate= 816.8kbits/s speed=0.998x elapsed=0:10:21.02
[2026-06-03T08:48:49.444Z] [INFO] [FFMPEG] frame=11134 fps= 18 q=28.0 q=28.0 size=   61832KiB time=00:10:20.00 bitrate= 817.0kbits/s speed=0.998x elapsed=0:10:21.53
[2026-06-03T08:48:49.956Z] [INFO] [FFMPEG] frame=11143 fps= 18 q=28.0 q=28.0 size=   61881KiB time=00:10:20.48 bitrate= 817.0kbits/s speed=0.997x elapsed=0:10:22.04
[2026-06-03T08:48:50.483Z] [INFO] [FFMPEG] frame=11153 fps= 18 q=28.0 q=28.0 size=   61917KiB time=00:10:21.04 bitrate= 816.7kbits/s speed=0.998x elapsed=0:10:22.57
[2026-06-03T08:48:50.997Z] [INFO] [FFMPEG] frame=11162 fps= 18 q=28.0 q=28.0 size=   61932KiB time=00:10:21.52 bitrate= 816.3kbits/s speed=0.997x elapsed=0:10:23.08
[2026-06-03T08:48:51.509Z] [INFO] [FFMPEG] frame=11171 fps= 18 q=28.0 q=28.0 size=   61987KiB time=00:10:22.04 bitrate= 816.3kbits/s speed=0.998x elapsed=0:10:23.59
[2026-06-03T08:48:52.018Z] [INFO] [FFMPEG] frame=11181 fps= 18 q=26.0 q=28.0 size=   62022KiB time=00:10:22.60 bitrate= 816.1kbits/s speed=0.998x elapsed=0:10:24.10
[2026-06-03T08:48:52.542Z] [INFO] [FFMPEG] frame=11190 fps= 18 q=28.0 q=28.0 size=   62069KiB time=00:10:23.08 bitrate= 816.1kbits/s speed=0.998x elapsed=0:10:24.62
[2026-06-03T08:48:53.053Z] [INFO] [FFMPEG] frame=11199 fps= 18 q=26.0 q=28.0 size=   62117KiB time=00:10:23.60 bitrate= 816.0kbits/s speed=0.998x elapsed=0:10:25.14
[2026-06-03T08:48:53.566Z] [INFO] [FFMPEG] frame=11209 fps= 18 q=28.0 q=28.0 size=   62161KiB time=00:10:24.16 bitrate= 815.9kbits/s speed=0.998x elapsed=0:10:25.65
[2026-06-03T08:48:54.093Z] [INFO] [FFMPEG] frame=11218 fps= 18 q=27.0 q=28.0 size=   62201KiB time=00:10:24.64 bitrate= 815.8kbits/s speed=0.998x elapsed=0:10:26.18
[2026-06-03T08:48:54.606Z] [INFO] [FFMPEG] frame=11227 fps= 18 q=26.0 q=28.0 size=   62241KiB time=00:10:25.16 bitrate= 815.6kbits/s speed=0.998x elapsed=0:10:26.69
[2026-06-03T08:48:55.114Z] [INFO] [FFMPEG] frame=11236 fps= 18 q=27.0 q=28.0 size=   62293KiB time=00:10:25.64 bitrate= 815.6kbits/s speed=0.998x elapsed=0:10:27.20
[2026-06-03T08:48:55.638Z] [INFO] [FFMPEG] frame=11246 fps= 18 q=27.0 q=28.0 size=   62309KiB time=00:10:26.20 bitrate= 815.1kbits/s speed=0.998x elapsed=0:10:27.72
[2026-06-03T08:48:56.150Z] [INFO] [FFMPEG] frame=11255 fps= 18 q=28.0 q=28.0 size=   62487KiB time=00:10:26.72 bitrate= 816.8kbits/s speed=0.998x elapsed=0:10:28.23
[2026-06-03T08:48:56.662Z] [INFO] [FFMPEG] frame=11264 fps= 18 q=27.0 q=28.0 size=   62526KiB time=00:10:27.20 bitrate= 816.7kbits/s speed=0.998x elapsed=0:10:28.74
[2026-06-03T08:48:57.177Z] [INFO] [FFMPEG] frame=11274 fps= 18 q=27.0 q=28.0 size=   62582KiB time=00:10:27.76 bitrate= 816.7kbits/s speed=0.998x elapsed=0:10:29.26
[2026-06-03T08:48:57.691Z] [INFO] [FFMPEG] frame=11282 fps= 18 q=28.0 q=28.0 size=   62624KiB time=00:10:28.20 bitrate= 816.6kbits/s speed=0.997x elapsed=0:10:29.77
[2026-06-03T08:48:58.204Z] [INFO] [FFMPEG] frame=11292 fps= 18 q=27.0 q=28.0 size=   62667KiB time=00:10:28.76 bitrate= 816.5kbits/s speed=0.998x elapsed=0:10:30.29
[2026-06-03T08:48:58.733Z] [INFO] [FFMPEG] frame=11302 fps= 18 q=27.0 q=28.0 size=   62720KiB time=00:10:29.32 bitrate= 816.4kbits/s speed=0.998x elapsed=0:10:30.82
[2026-06-03T08:48:59.249Z] [INFO] [FFMPEG] frame=11311 fps= 18 q=28.0 q=28.0 size=   62775KiB time=00:10:29.80 bitrate= 816.5kbits/s speed=0.998x elapsed=0:10:31.33
[2026-06-03T08:48:59.763Z] [INFO] [FFMPEG] frame=11320 fps= 18 q=27.0 q=28.0 size=   62784KiB time=00:10:30.32 bitrate= 816.0kbits/s speed=0.998x elapsed=0:10:31.85
[2026-06-03T08:49:00.274Z] [INFO] [FFMPEG] frame=11329 fps= 18 q=28.0 q=28.0 size=   62848KiB time=00:10:30.80 bitrate= 816.2kbits/s speed=0.998x elapsed=0:10:32.36
[2026-06-03T08:49:00.783Z] [INFO] [FFMPEG] frame=11338 fps= 18 q=27.0 q=28.0 size=   62882KiB time=00:10:31.32 bitrate= 816.0kbits/s speed=0.998x elapsed=0:10:32.87
[2026-06-03T08:49:01.306Z] [INFO] [FFMPEG] frame=11348 fps= 18 q=28.0 q=28.0 size=   62940KiB time=00:10:31.88 bitrate= 816.0kbits/s speed=0.998x elapsed=0:10:33.39
[2026-06-03T08:49:01.817Z] [INFO] [FFMPEG] frame=11356 fps= 18 q=27.0 q=28.0 size=   62972KiB time=00:10:32.32 bitrate= 815.8kbits/s speed=0.997x elapsed=0:10:33.90
[2026-06-03T08:49:02.330Z] [INFO] [FFMPEG] frame=11366 fps= 18 q=27.0 q=28.0 size=   63036KiB time=00:10:32.88 bitrate= 815.9kbits/s speed=0.998x elapsed=0:10:34.41
[2026-06-03T08:49:02.860Z] [INFO] [FFMPEG] frame=11376 fps= 18 q=28.0 q=28.0 size=   63071KiB time=00:10:33.44 bitrate= 815.7kbits/s speed=0.998x elapsed=0:10:34.94
[2026-06-03T08:49:03.371Z] [INFO] [FFMPEG] frame=11385 fps= 18 q=28.0 q=28.0 size=   63131KiB time=00:10:33.92 bitrate= 815.8kbits/s speed=0.998x elapsed=0:10:35.45
[2026-06-03T08:49:03.883Z] [INFO] [FFMPEG] frame=11394 fps= 18 q=28.0 q=28.0 size=   63163KiB time=00:10:34.44 bitrate= 815.6kbits/s speed=0.998x elapsed=0:10:35.97
[2026-06-03T08:49:04.394Z] [INFO] [FFMPEG] frame=11403 fps= 18 q=28.0 q=28.0 size=   63236KiB time=00:10:34.92 bitrate= 815.9kbits/s speed=0.998x elapsed=0:10:36.48
[2026-06-03T08:49:04.922Z] [INFO] [FFMPEG] frame=11413 fps= 18 q=28.0 q=28.0 size=   63249KiB time=00:10:35.48 bitrate= 815.3kbits/s speed=0.998x elapsed=0:10:37.00
[2026-06-03T08:49:05.434Z] [INFO] [FFMPEG] frame=11422 fps= 18 q=28.0 q=28.0 size=   63306KiB time=00:10:36.00 bitrate= 815.4kbits/s speed=0.998x elapsed=0:10:37.52
[2026-06-03T08:49:05.950Z] [INFO] [FFMPEG] frame=11431 fps= 18 q=26.0 q=28.0 size=   63343KiB time=00:10:36.48 bitrate= 815.3kbits/s speed=0.998x elapsed=0:10:38.03
[2026-06-03T08:49:06.461Z] [INFO] [FFMPEG] frame=11441 fps= 18 q=26.0 q=28.0 size=   63410KiB time=00:10:37.04 bitrate= 815.4kbits/s speed=0.998x elapsed=0:10:38.54
[2026-06-03T08:49:06.970Z] [INFO] [FFMPEG] frame=11450 fps= 18 q=27.0 q=28.0 size=   63430KiB time=00:10:37.52 bitrate= 815.1kbits/s speed=0.998x elapsed=0:10:39.05
[2026-06-03T08:49:07.494Z] [INFO] [FFMPEG] frame=11459 fps= 18 q=28.0 q=28.0 size=   63500KiB time=00:10:38.04 bitrate= 815.3kbits/s speed=0.998x elapsed=0:10:39.58
[2026-06-03T08:49:08.006Z] [INFO] [FFMPEG] frame=11468 fps= 18 q=27.0 q=28.0 size=   63564KiB time=00:10:38.52 bitrate= 815.5kbits/s speed=0.998x elapsed=0:10:40.09
[2026-06-03T08:49:08.518Z] [INFO] [FFMPEG] frame=11477 fps= 18 q=26.0 q=28.0 size=   63596KiB time=00:10:39.04 bitrate= 815.3kbits/s speed=0.998x elapsed=0:10:40.60
[2026-06-03T08:49:09.044Z] [INFO] [FFMPEG] frame=11487 fps= 18 q=28.0 q=28.0 size=   63643KiB time=00:10:39.60 bitrate= 815.1kbits/s speed=0.998x elapsed=0:10:41.13
[2026-06-03T08:49:09.559Z] [INFO] [FFMPEG] frame=11496 fps= 18 q=28.0 q=28.0 size=   63684KiB time=00:10:40.08 bitrate= 815.0kbits/s speed=0.998x elapsed=0:10:41.64
[2026-06-03T08:49:10.068Z] [INFO] [FFMPEG] frame=11506 fps= 18 q=27.0 q=28.0 size=   63875KiB time=00:10:40.64 bitrate= 816.8kbits/s speed=0.998x elapsed=0:10:42.15
[2026-06-03T08:49:10.583Z] [INFO] [FFMPEG] frame=11515 fps= 18 q=26.0 q=28.0 size=   63911KiB time=00:10:41.16 bitrate= 816.6kbits/s speed=0.998x elapsed=0:10:42.67
[2026-06-03T08:49:11.098Z] [INFO] [FFMPEG] frame=11524 fps= 18 q=27.0 q=28.0 size=   63955KiB time=00:10:41.64 bitrate= 816.5kbits/s speed=0.998x elapsed=0:10:43.18
[2026-06-03T08:49:11.613Z] [INFO] [FFMPEG] frame=11533 fps= 18 q=28.0 q=28.0 size=   64002KiB time=00:10:42.16 bitrate= 816.5kbits/s speed=0.998x elapsed=0:10:43.70
[2026-06-03T08:49:12.141Z] [INFO] [FFMPEG] frame=11543 fps= 18 q=26.0 q=28.0 size=   64049KiB time=00:10:42.68 bitrate= 816.4kbits/s speed=0.998x elapsed=0:10:44.22
[2026-06-03T08:49:12.654Z] [INFO] [FFMPEG] frame=11552 fps= 18 q=27.0 q=28.0 size=   64087KiB time=00:10:43.20 bitrate= 816.2kbits/s speed=0.998x elapsed=0:10:44.74
[2026-06-03T08:49:13.165Z] [INFO] [FFMPEG] frame=11561 fps= 18 q=28.0 q=28.0 size=   64132KiB time=00:10:43.72 bitrate= 816.1kbits/s speed=0.998x elapsed=0:10:45.25
[2026-06-03T08:49:13.677Z] [INFO] [FFMPEG] frame=11570 fps= 18 q=27.0 q=28.0 size=   64165KiB time=00:10:44.20 bitrate= 816.0kbits/s speed=0.998x elapsed=0:10:45.76
[2026-06-03T08:49:14.201Z] [INFO] [FFMPEG] frame=11580 fps= 18 q=26.0 q=28.0 size=   64250KiB time=00:10:44.76 bitrate= 816.3kbits/s speed=0.998x elapsed=0:10:46.28
[2026-06-03T08:49:14.715Z] [INFO] [FFMPEG] frame=11589 fps= 18 q=28.0 q=28.0 size=   64280KiB time=00:10:45.28 bitrate= 816.0kbits/s speed=0.998x elapsed=0:10:46.80
[2026-06-03T08:49:15.227Z] [INFO] [FFMPEG] frame=11598 fps= 18 q=26.0 q=28.0 size=   64313KiB time=00:10:45.76 bitrate= 815.9kbits/s speed=0.998x elapsed=0:10:47.31
[2026-06-03T08:49:15.742Z] [INFO] [FFMPEG] frame=11608 fps= 18 q=27.0 q=28.0 size=   64363KiB time=00:10:46.32 bitrate= 815.8kbits/s speed=0.998x elapsed=0:10:47.83
[2026-06-03T08:49:16.255Z] [INFO] [FFMPEG] frame=11617 fps= 18 q=28.0 q=28.0 size=   64421KiB time=00:10:46.80 bitrate= 815.9kbits/s speed=0.998x elapsed=0:10:48.34
[2026-06-03T08:49:16.767Z] [INFO] [FFMPEG] frame=11626 fps= 18 q=27.0 q=28.0 size=   64455KiB time=00:10:47.32 bitrate= 815.7kbits/s speed=0.998x elapsed=0:10:48.85
[2026-06-03T08:49:17.291Z] [INFO] [FFMPEG] frame=11636 fps= 18 q=28.0 q=28.0 size=   64518KiB time=00:10:47.88 bitrate= 815.8kbits/s speed=0.998x elapsed=0:10:49.37
[2026-06-03T08:49:17.805Z] [INFO] [FFMPEG] frame=11644 fps= 18 q=27.0 q=28.0 size=   64553KiB time=00:10:48.32 bitrate= 815.7kbits/s speed=0.998x elapsed=0:10:49.89
[2026-06-03T08:49:18.317Z] [INFO] [FFMPEG] frame=11654 fps= 18 q=27.0 q=28.0 size=   64637KiB time=00:10:48.88 bitrate= 816.0kbits/s speed=0.998x elapsed=0:10:50.40
[2026-06-03T08:49:18.832Z] [INFO] [FFMPEG] frame=11662 fps= 18 q=27.0 q=28.0 size=   64646KiB time=00:10:49.32 bitrate= 815.6kbits/s speed=0.998x elapsed=0:10:50.91
[2026-06-03T08:49:19.352Z] [INFO] [FFMPEG] frame=11673 fps= 18 q=28.0 q=28.0 size=   64708KiB time=00:10:49.92 bitrate= 815.6kbits/s speed=0.998x elapsed=0:10:51.43
[2026-06-03T08:49:19.866Z] [INFO] [FFMPEG] frame=11682 fps= 18 q=28.0 q=28.0 size=   64742KiB time=00:10:50.44 bitrate= 815.4kbits/s speed=0.998x elapsed=0:10:51.95
[2026-06-03T08:49:20.379Z] [INFO] [FFMPEG] frame=11691 fps= 18 q=28.0 q=28.0 size=   64807KiB time=00:10:50.92 bitrate= 815.6kbits/s speed=0.998x elapsed=0:10:52.46
[2026-06-03T08:49:20.906Z] [INFO] [FFMPEG] frame=11701 fps= 18 q=28.0 q=28.0 size=   64836KiB time=00:10:51.48 bitrate= 815.3kbits/s speed=0.998x elapsed=0:10:52.99
[2026-06-03T08:49:21.418Z] [INFO] [FFMPEG] frame=11710 fps= 18 q=28.0 q=28.0 size=   64891KiB time=00:10:52.00 bitrate= 815.3kbits/s speed=0.998x elapsed=0:10:53.50
[2026-06-03T08:49:21.931Z] [INFO] [FFMPEG] frame=11719 fps= 18 q=28.0 q=28.0 size=   64922KiB time=00:10:52.48 bitrate= 815.1kbits/s speed=0.998x elapsed=0:10:54.01
[2026-06-03T08:49:22.443Z] [INFO] [FFMPEG] frame=11728 fps= 18 q=28.0 q=28.0 size=   64983KiB time=00:10:53.00 bitrate= 815.2kbits/s speed=0.998x elapsed=0:10:54.53
[2026-06-03T08:49:22.968Z] [INFO] [FFMPEG] frame=11737 fps= 18 q=28.0 q=28.0 size=   65036KiB time=00:10:53.48 bitrate= 815.3kbits/s speed=0.998x elapsed=0:10:55.05
[2026-06-03T08:49:23.477Z] [INFO] [FFMPEG] frame=11747 fps= 18 q=28.0 q=28.0 size=   65082KiB time=00:10:54.04 bitrate= 815.2kbits/s speed=0.998x elapsed=0:10:55.56
[2026-06-03T08:49:23.988Z] [INFO] [FFMPEG] frame=11756 fps= 18 q=27.0 q=28.0 size=   65229KiB time=00:10:54.52 bitrate= 816.4kbits/s speed=0.998x elapsed=0:10:56.07
[2026-06-03T08:49:24.504Z] [INFO] [FFMPEG] frame=11765 fps= 18 q=28.0 q=28.0 size=   65290KiB time=00:10:55.04 bitrate= 816.5kbits/s speed=0.998x elapsed=0:10:56.59
[2026-06-03T08:49:25.030Z] [INFO] [FFMPEG] frame=11775 fps= 18 q=26.0 q=28.0 size=   65354KiB time=00:10:55.60 bitrate= 816.6kbits/s speed=0.998x elapsed=0:10:57.11
[2026-06-03T08:49:25.546Z] [INFO] [FFMPEG] frame=11784 fps= 18 q=28.0 q=28.0 size=   65392KiB time=00:10:56.08 bitrate= 816.5kbits/s speed=0.998x elapsed=0:10:57.63
[2026-06-03T08:49:26.056Z] [INFO] [FFMPEG] frame=11793 fps= 18 q=28.0 q=28.0 size=   65443KiB time=00:10:56.60 bitrate= 816.5kbits/s speed=0.998x elapsed=0:10:58.14
[2026-06-03T08:49:26.579Z] [INFO] [FFMPEG] frame=11803 fps= 18 q=26.0 q=28.0 size=   65478KiB time=00:10:57.16 bitrate= 816.2kbits/s speed=0.998x elapsed=0:10:58.66
[2026-06-03T08:49:27.089Z] [INFO] [FFMPEG] frame=11812 fps= 18 q=27.0 q=28.0 size=   65525KiB time=00:10:57.64 bitrate= 816.2kbits/s speed=0.998x elapsed=0:10:59.17
[2026-06-03T08:49:27.604Z] [INFO] [FFMPEG] frame=11821 fps= 18 q=28.0 q=28.0 size=   65585KiB time=00:10:58.16 bitrate= 816.3kbits/s speed=0.998x elapsed=0:10:59.69
[2026-06-03T08:49:28.114Z] [INFO] [FFMPEG] frame=11830 fps= 18 q=27.0 q=28.0 size=   65624KiB time=00:10:58.64 bitrate= 816.2kbits/s speed=0.998x elapsed=0:11:00.20
[2026-06-03T08:49:28.640Z] [INFO] [FFMPEG] frame=11840 fps= 18 q=27.0 q=28.0 size=   65663KiB time=00:10:59.20 bitrate= 816.0kbits/s speed=0.998x elapsed=0:11:00.72
[2026-06-03T08:49:29.152Z] [INFO] [FFMPEG] frame=11849 fps= 18 q=28.0 q=28.0 size=   65709KiB time=00:10:59.72 bitrate= 815.9kbits/s speed=0.998x elapsed=0:11:01.23
[2026-06-03T08:49:29.454Z] [INFO] [FFMPEG] [segment @ 0000022082052b80] Opening '//192.168.19.189/encova/cam01/2026/06/03/15-49-29.mp4' for writing
[2026-06-03T08:49:29.665Z] [INFO] [FFMPEG] frame=11858 fps= 18 q=27.0 q=28.0 size=   65742KiB time=00:11:00.20 bitrate= 815.8kbits/s speed=0.998x elapsed=0:11:01.75
[2026-06-03T08:49:30.178Z] [INFO] [FFMPEG] frame=11868 fps= 18 q=27.0 q=28.0 size=   65794KiB time=00:11:00.76 bitrate= 815.7kbits/s speed=0.998x elapsed=0:11:02.26
[2026-06-03T08:49:30.692Z] [INFO] [FFMPEG] frame=11876 fps= 18 q=28.0 q=28.0 size=   65836KiB time=00:11:01.20 bitrate= 815.7kbits/s speed=0.998x elapsed=0:11:02.77
[2026-06-03T08:49:31.219Z] [INFO] [FFMPEG] frame=11886 fps= 18 q=26.0 q=28.0 size=   65877KiB time=00:11:01.76 bitrate= 815.5kbits/s speed=0.998x elapsed=0:11:03.30
[2026-06-03T08:49:31.729Z] [INFO] [FFMPEG] frame=11895 fps= 18 q=28.0 q=28.0 size=   65914KiB time=00:11:02.28 bitrate= 815.3kbits/s speed=0.998x elapsed=0:11:03.81
[2026-06-03T08:49:32.240Z] [INFO] [FFMPEG] frame=11904 fps= 18 q=27.0 q=28.0 size=   65959KiB time=00:11:02.76 bitrate= 815.3kbits/s speed=0.998x elapsed=0:11:04.32
[2026-06-03T08:49:32.753Z] [INFO] [FFMPEG] frame=11914 fps= 18 q=28.0 q=28.0 size=   65998KiB time=00:11:03.32 bitrate= 815.1kbits/s speed=0.998x elapsed=0:11:04.84
[2026-06-03T08:49:33.278Z] [INFO] [FFMPEG] frame=11923 fps= 18 q=28.0 q=28.0 size=   66060KiB time=00:11:03.80 bitrate= 815.2kbits/s speed=0.998x elapsed=0:11:05.36
[2026-06-03T08:49:33.793Z] [INFO] [FFMPEG] frame=11932 fps= 18 q=27.0 q=28.0 size=   66076KiB time=00:11:04.32 bitrate= 814.8kbits/s speed=0.998x elapsed=0:11:05.88
[2026-06-03T08:49:34.306Z] [INFO] [FFMPEG] frame=11942 fps= 18 q=28.0 q=28.0 size=   66129KiB time=00:11:04.88 bitrate= 814.8kbits/s speed=0.998x elapsed=0:11:06.39
[2026-06-03T08:49:34.819Z] [INFO] [FFMPEG] frame=11951 fps= 18 q=27.0 q=28.0 size=   66163KiB time=00:11:05.36 bitrate= 814.6kbits/s speed=0.998x elapsed=0:11:06.90
[2026-06-03T08:49:35.331Z] [INFO] [FFMPEG] frame=11960 fps= 18 q=28.0 q=28.0 size=   66227KiB time=00:11:05.88 bitrate= 814.8kbits/s speed=0.998x elapsed=0:11:07.41
[2026-06-03T08:49:35.856Z] [INFO] [FFMPEG] frame=11969 fps= 18 q=28.0 q=28.0 size=   66262KiB time=00:11:06.36 bitrate= 814.6kbits/s speed=0.998x elapsed=0:11:07.94
[2026-06-03T08:49:36.368Z] [INFO] [FFMPEG] frame=11979 fps= 18 q=28.0 q=28.0 size=   66332KiB time=00:11:06.92 bitrate= 814.8kbits/s speed=0.998x elapsed=0:11:08.45
[2026-06-03T08:49:36.885Z] [INFO] [FFMPEG] frame=11988 fps= 18 q=28.0 q=28.0 size=   66350KiB time=00:11:07.44 bitrate= 814.4kbits/s speed=0.998x elapsed=0:11:08.97
[2026-06-03T08:49:37.398Z] [INFO] [FFMPEG] frame=11997 fps= 18 q=28.0 q=28.0 size=   66407KiB time=00:11:07.92 bitrate= 814.5kbits/s speed=0.998x elapsed=0:11:09.48
[2026-06-03T08:49:37.911Z] [INFO] [FFMPEG] frame=12007 fps= 18 q=28.0 q=28.0 size=   66604KiB time=00:11:08.48 bitrate= 816.2kbits/s speed=0.998x elapsed=0:11:09.99
[2026-06-03T08:49:38.423Z] [INFO] [FFMPEG] frame=12015 fps= 18 q=28.0 q=28.0 size=   66651KiB time=00:11:08.92 bitrate= 816.2kbits/s speed=0.998x elapsed=0:11:10.51
[2026-06-03T08:49:38.953Z] [INFO] [FFMPEG] frame=12025 fps= 18 q=28.0 q=28.0 size=   66686KiB time=00:11:09.48 bitrate= 816.0kbits/s speed=0.998x elapsed=0:11:11.04
[2026-06-03T08:49:39.468Z] [INFO] [FFMPEG] frame=12035 fps= 18 q=28.0 q=28.0 size=   66742KiB time=00:11:10.04 bitrate= 816.0kbits/s speed=0.998x elapsed=0:11:11.55
[2026-06-03T08:49:39.976Z] [INFO] [FFMPEG] frame=12044 fps= 18 q=28.0 q=28.0 size=   66762KiB time=00:11:10.52 bitrate= 815.7kbits/s speed=0.998x elapsed=0:11:12.06
[2026-06-03T08:49:40.491Z] [INFO] [FFMPEG] frame=12053 fps= 18 q=28.0 q=28.0 size=   66813KiB time=00:11:11.04 bitrate= 815.6kbits/s speed=0.998x elapsed=0:11:12.57
[2026-06-03T08:49:41.006Z] [INFO] [FFMPEG] frame=12062 fps= 18 q=28.0 q=28.0 size=   66848KiB time=00:11:11.52 bitrate= 815.5kbits/s speed=0.998x elapsed=0:11:13.09
[2026-06-03T08:49:41.531Z] [INFO] [FFMPEG] frame=12071 fps= 18 q=28.0 q=28.0 size=   66914KiB time=00:11:12.04 bitrate= 815.7kbits/s speed=0.998x elapsed=0:11:13.61
[2026-06-03T08:49:42.042Z] [INFO] [FFMPEG] frame=12081 fps= 18 q=26.0 q=28.0 size=   66952KiB time=00:11:12.60 bitrate= 815.4kbits/s speed=0.998x elapsed=0:11:14.12
[2026-06-03T08:49:42.551Z] [INFO] [FFMPEG] frame=12090 fps= 18 q=28.0 q=28.0 size=   66995KiB time=00:11:13.08 bitrate= 815.4kbits/s speed=0.998x elapsed=0:11:14.63
[2026-06-03T08:49:43.079Z] [INFO] [FFMPEG] frame=12100 fps= 18 q=27.0 q=28.0 size=   67045KiB time=00:11:13.64 bitrate= 815.3kbits/s speed=0.998x elapsed=0:11:15.16
[2026-06-03T08:49:43.590Z] [INFO] [FFMPEG] frame=12109 fps= 18 q=26.0 q=28.0 size=   67059KiB time=00:11:14.16 bitrate= 814.9kbits/s speed=0.998x elapsed=0:11:15.67
[2026-06-03T08:49:44.100Z] [INFO] [FFMPEG] frame=12118 fps= 18 q=27.0 q=28.0 size=   67097KiB time=00:11:14.64 bitrate= 814.7kbits/s speed=0.998x elapsed=0:11:16.18
[2026-06-03T08:49:44.611Z] [INFO] [FFMPEG] frame=12128 fps= 18 q=27.0 q=28.0 size=   67140KiB time=00:11:15.20 bitrate= 814.6kbits/s speed=0.998x elapsed=0:11:16.69
[2026-06-03T08:49:45.136Z] [INFO] [FFMPEG] frame=12137 fps= 18 q=28.0 q=28.0 size=   67194KiB time=00:11:15.72 bitrate= 814.6kbits/s speed=0.998x elapsed=0:11:17.22
[2026-06-03T08:49:45.644Z] [INFO] [FFMPEG] frame=12146 fps= 18 q=27.0 q=28.0 size=   67237KiB time=00:11:16.20 bitrate= 814.6kbits/s speed=0.998x elapsed=0:11:17.73
[2026-06-03T08:49:46.172Z] [INFO] [FFMPEG] frame=12155 fps= 18 q=28.0 q=28.0 size=   67274KiB time=00:11:16.72 bitrate= 814.4kbits/s speed=0.998x elapsed=0:11:18.26
[2026-06-03T08:49:46.685Z] [INFO] [FFMPEG] frame=12164 fps= 18 q=27.0 q=28.0 size=   67312KiB time=00:11:17.20 bitrate= 814.3kbits/s speed=0.998x elapsed=0:11:18.77
[2026-06-03T08:49:47.194Z] [INFO] [FFMPEG] frame=12174 fps= 18 q=27.0 q=28.0 size=   67350KiB time=00:11:17.76 bitrate= 814.1kbits/s speed=0.998x elapsed=0:11:19.28
[2026-06-03T08:49:47.717Z] [INFO] [FFMPEG] frame=12183 fps= 18 q=28.0 q=28.0 size=   67398KiB time=00:11:18.28 bitrate= 814.0kbits/s speed=0.998x elapsed=0:11:19.80
[2026-06-03T08:49:48.232Z] [INFO] [FFMPEG] frame=12192 fps= 18 q=27.0 q=28.0 size=   67430KiB time=00:11:18.76 bitrate= 813.8kbits/s speed=0.998x elapsed=0:11:20.32
[2026-06-03T08:49:48.746Z] [INFO] [FFMPEG] frame=12202 fps= 18 q=27.0 q=28.0 size=   67477KiB time=00:11:19.32 bitrate= 813.7kbits/s speed=0.998x elapsed=0:11:20.83
[2026-06-03T08:49:49.262Z] [INFO] [FFMPEG] frame=12211 fps= 18 q=28.0 q=28.0 size=   67528KiB time=00:11:19.80 bitrate= 813.8kbits/s speed=0.998x elapsed=0:11:21.34
[2026-06-03T08:49:49.772Z] [INFO] [FFMPEG] frame=12220 fps= 18 q=28.0 q=28.0 size=   67537KiB time=00:11:20.32 bitrate= 813.2kbits/s speed=0.998x elapsed=0:11:21.85
[2026-06-03T08:49:50.286Z] [INFO] [FFMPEG] frame=12230 fps= 18 q=28.0 q=28.0 size=   67600KiB time=00:11:20.88 bitrate= 813.3kbits/s speed=0.998x elapsed=0:11:22.37
[2026-06-03T08:49:50.813Z] [INFO] [FFMPEG] frame=12239 fps= 18 q=28.0 q=28.0 size=   67636KiB time=00:11:21.36 bitrate= 813.2kbits/s speed=0.998x elapsed=0:11:22.90
[2026-06-03T08:49:51.323Z] [INFO] [FFMPEG] frame=12248 fps= 18 q=27.0 q=28.0 size=   67685KiB time=00:11:21.88 bitrate= 813.2kbits/s speed=0.998x elapsed=0:11:23.41
[2026-06-03T08:49:51.840Z] [INFO] [FFMPEG] frame=12257 fps= 18 q=27.0 q=28.0 size=   67883KiB time=00:11:22.36 bitrate= 815.0kbits/s speed=0.998x elapsed=0:11:23.92
[2026-06-03T08:49:52.355Z] [INFO] [FFMPEG] frame=12267 fps= 18 q=28.0 q=28.0 size=   67928KiB time=00:11:22.92 bitrate= 814.8kbits/s speed=0.998x elapsed=0:11:24.44
[2026-06-03T08:49:52.869Z] [INFO] [FFMPEG] frame=12276 fps= 18 q=28.0 q=28.0 size=   67966KiB time=00:11:23.44 bitrate= 814.7kbits/s speed=0.998x elapsed=0:11:24.95
[2026-06-03T08:49:53.382Z] [INFO] [FFMPEG] frame=12285 fps= 18 q=27.0 q=28.0 size=   68036KiB time=00:11:23.92 bitrate= 814.9kbits/s speed=0.998x elapsed=0:11:25.47
[2026-06-03T08:49:53.894Z] [INFO] [FFMPEG] frame=12295 fps= 18 q=28.0 q=28.0 size=   68049KiB time=00:11:24.48 bitrate= 814.4kbits/s speed=0.998x elapsed=0:11:25.98
[2026-06-03T08:49:54.420Z] [INFO] [FFMPEG] frame=12303 fps= 18 q=28.0 q=28.0 size=   68104KiB time=00:11:24.92 bitrate= 814.6kbits/s speed=0.998x elapsed=0:11:26.50
[2026-06-03T08:49:54.933Z] [INFO] [FFMPEG] frame=12313 fps= 18 q=28.0 q=28.0 size=   68164KiB time=00:11:25.48 bitrate= 814.6kbits/s speed=0.998x elapsed=0:11:27.02
[2026-06-03T08:49:55.445Z] [INFO] [FFMPEG] frame=12323 fps= 18 q=28.0 q=28.0 size=   68209KiB time=00:11:26.04 bitrate= 814.5kbits/s speed=0.998x elapsed=0:11:27.53
[2026-06-03T08:49:55.956Z] [INFO] [FFMPEG] frame=12331 fps= 18 q=28.0 q=28.0 size=   68228KiB time=00:11:26.48 bitrate= 814.2kbits/s speed=0.998x elapsed=0:11:28.04
[2026-06-03T08:49:56.484Z] [INFO] [FFMPEG] frame=12341 fps= 18 q=28.0 q=28.0 size=   68288KiB time=00:11:27.04 bitrate= 814.2kbits/s speed=0.998x elapsed=0:11:28.57
[2026-06-03T08:49:56.996Z] [INFO] [FFMPEG] frame=12350 fps= 18 q=28.0 q=28.0 size=   68315KiB time=00:11:27.52 bitrate= 814.0kbits/s speed=0.998x elapsed=0:11:29.08
[2026-06-03T08:49:57.508Z] [INFO] [FFMPEG] frame=12359 fps= 18 q=28.0 q=28.0 size=   68378KiB time=00:11:28.04 bitrate= 814.1kbits/s speed=0.998x elapsed=0:11:29.59
[2026-06-03T08:49:58.020Z] [INFO] [FFMPEG] frame=12369 fps= 18 q=26.0 q=28.0 size=   68419KiB time=00:11:28.60 bitrate= 814.0kbits/s speed=0.998x elapsed=0:11:30.10
[2026-06-03T08:49:58.532Z] [INFO] [FFMPEG] frame=12377 fps= 18 q=26.0 q=28.0 size=   68460KiB time=00:11:29.04 bitrate= 813.9kbits/s speed=0.998x elapsed=0:11:30.61
[2026-06-03T08:49:59.060Z] [INFO] [FFMPEG] frame=12388 fps= 18 q=27.0 q=28.0 size=   68518KiB time=00:11:29.64 bitrate= 813.9kbits/s speed=0.998x elapsed=0:11:31.14
[2026-06-03T08:49:59.571Z] [INFO] [FFMPEG] frame=12396 fps= 18 q=28.0 q=28.0 size=   68527KiB time=00:11:30.08 bitrate= 813.5kbits/s speed=0.998x elapsed=0:11:31.65
[2026-06-03T08:50:00.087Z] [INFO] [FFMPEG] frame=12406 fps= 18 q=27.0 q=28.0 size=   68570KiB time=00:11:30.64 bitrate= 813.3kbits/s speed=0.998x elapsed=0:11:32.17
[2026-06-03T08:50:00.599Z] [INFO] [FFMPEG] frame=12415 fps= 18 q=26.0 q=28.0 size=   68613KiB time=00:11:31.16 bitrate= 813.2kbits/s speed=0.998x elapsed=0:11:32.68
[2026-06-03T08:50:01.112Z] [INFO] [FFMPEG] frame=12424 fps= 18 q=27.0 q=28.0 size=   68659KiB time=00:11:31.64 bitrate= 813.2kbits/s speed=0.998x elapsed=0:11:33.19
[2026-06-03T08:50:01.638Z] [INFO] [FFMPEG] frame=12434 fps= 18 q=27.0 q=28.0 size=   68710KiB time=00:11:32.20 bitrate= 813.2kbits/s speed=0.998x elapsed=0:11:33.72
[2026-06-03T08:50:02.151Z] [INFO] [FFMPEG] frame=12443 fps= 18 q=28.0 q=28.0 size=   68744KiB time=00:11:32.72 bitrate= 813.0kbits/s speed=0.998x elapsed=0:11:34.23
[2026-06-03T08:50:02.665Z] [INFO] [FFMPEG] frame=12452 fps= 18 q=27.0 q=28.0 size=   68792KiB time=00:11:33.20 bitrate= 813.0kbits/s speed=0.998x elapsed=0:11:34.75
[2026-06-03T08:50:03.179Z] [INFO] [FFMPEG] frame=12462 fps= 18 q=27.0 q=28.0 size=   68849KiB time=00:11:33.76 bitrate= 813.0kbits/s speed=0.998x elapsed=0:11:35.26
[2026-06-03T08:50:03.690Z] [INFO] [FFMPEG] frame=12471 fps= 18 q=28.0 q=28.0 size=   68884KiB time=00:11:34.28 bitrate= 812.8kbits/s speed=0.998x elapsed=0:11:35.77
[2026-06-03T08:50:04.219Z] [INFO] [FFMPEG] frame=12480 fps= 18 q=27.0 q=28.0 size=   68918KiB time=00:11:34.76 bitrate= 812.6kbits/s speed=0.998x elapsed=0:11:36.30
[2026-06-03T08:50:04.735Z] [INFO] [FFMPEG] frame=12490 fps= 18 q=27.0 q=28.0 size=   68966KiB time=00:11:35.32 bitrate= 812.5kbits/s speed=0.998x elapsed=0:11:36.82
[2026-06-03T08:50:05.245Z] [INFO] [FFMPEG] frame=12498 fps= 18 q=26.0 q=28.0 size=   68999KiB time=00:11:35.76 bitrate= 812.4kbits/s speed=0.998x elapsed=0:11:37.33
[2026-06-03T08:50:05.758Z] [INFO] [FFMPEG] frame=12508 fps= 18 q=27.0 q=28.0 size=   69195KiB time=00:11:36.32 bitrate= 814.1kbits/s speed=0.998x elapsed=0:11:37.84
[2026-06-03T08:50:06.271Z] [INFO] [FFMPEG] frame=12517 fps= 18 q=27.0 q=28.0 size=   69255KiB time=00:11:36.80 bitrate= 814.2kbits/s speed=0.998x elapsed=0:11:38.35
[2026-06-03T08:50:06.784Z] [INFO] [FFMPEG] frame=12526 fps= 18 q=28.0 q=28.0 size=   69294KiB time=00:11:37.32 bitrate= 814.0kbits/s speed=0.998x elapsed=0:11:38.87
[2026-06-03T08:50:07.312Z] [INFO] [FFMPEG] frame=12536 fps= 18 q=27.0 q=28.0 size=   69362KiB time=00:11:37.88 bitrate= 814.2kbits/s speed=0.998x elapsed=0:11:39.39
[2026-06-03T08:50:07.822Z] [INFO] [FFMPEG] frame=12545 fps= 18 q=27.0 q=28.0 size=   69400KiB time=00:11:38.36 bitrate= 814.1kbits/s speed=0.998x elapsed=0:11:39.90
[2026-06-03T08:50:08.334Z] [INFO] [FFMPEG] frame=12554 fps= 18 q=28.0 q=28.0 size=   69450KiB time=00:11:38.88 bitrate= 814.1kbits/s speed=0.998x elapsed=0:11:40.42
[2026-06-03T08:50:08.848Z] [INFO] [FFMPEG] frame=12563 fps= 18 q=28.0 q=28.0 size=   69487KiB time=00:11:39.36 bitrate= 813.9kbits/s speed=0.998x elapsed=0:11:40.93
[2026-06-03T08:50:09.374Z] [INFO] [FFMPEG] frame=12573 fps= 18 q=27.0 q=28.0 size=   69553KiB time=00:11:39.92 bitrate= 814.1kbits/s speed=0.998x elapsed=0:11:41.46
[2026-06-03T08:50:09.889Z] [INFO] [FFMPEG] frame=12582 fps= 18 q=28.0 q=28.0 size=   69577KiB time=00:11:40.44 bitrate= 813.7kbits/s speed=0.998x elapsed=0:11:41.97
[2026-06-03T08:50:10.397Z] [INFO] [FFMPEG] frame=12591 fps= 18 q=28.0 q=28.0 size=   69627KiB time=00:11:40.92 bitrate= 813.8kbits/s speed=0.998x elapsed=0:11:42.48
[2026-06-03T08:50:10.910Z] [INFO] [FFMPEG] frame=12601 fps= 18 q=28.0 q=28.0 size=   69665KiB time=00:11:41.48 bitrate= 813.6kbits/s speed=0.998x elapsed=0:11:42.99
[2026-06-03T08:50:11.438Z] [INFO] [FFMPEG] frame=12610 fps= 18 q=28.0 q=28.0 size=   69708KiB time=00:11:42.00 bitrate= 813.5kbits/s speed=0.998x elapsed=0:11:43.52
[2026-06-03T08:50:11.950Z] [INFO] [FFMPEG] frame=12619 fps= 18 q=28.0 q=28.0 size=   69745KiB time=00:11:42.48 bitrate= 813.3kbits/s speed=0.998x elapsed=0:11:44.03
[2026-06-03T08:50:12.463Z] [INFO] [FFMPEG] frame=12629 fps= 18 q=28.0 q=28.0 size=   69814KiB time=00:11:43.04 bitrate= 813.5kbits/s speed=0.998x elapsed=0:11:44.55
[2026-06-03T08:50:12.975Z] [INFO] [FFMPEG] frame=12638 fps= 18 q=28.0 q=28.0 size=   69830KiB time=00:11:43.52 bitrate= 813.1kbits/s speed=0.998x elapsed=0:11:45.06
[2026-06-03T08:50:13.491Z] [INFO] [FFMPEG] frame=12647 fps= 18 q=28.0 q=28.0 size=   69897KiB time=00:11:44.04 bitrate= 813.3kbits/s speed=0.998x elapsed=0:11:45.57
[2026-06-03T08:50:14.002Z] [INFO] [FFMPEG] frame=12656 fps= 18 q=28.0 q=28.0 size=   69911KiB time=00:11:44.52 bitrate= 812.9kbits/s speed=0.998x elapsed=0:11:46.08
[2026-06-03T08:50:14.531Z] [INFO] [FFMPEG] frame=12665 fps= 18 q=26.0 q=28.0 size=   69979KiB time=00:11:45.04 bitrate= 813.1kbits/s speed=0.998x elapsed=0:11:46.61
[2026-06-03T08:50:15.037Z] [INFO] [FFMPEG] frame=12675 fps= 18 q=28.0 q=28.0 size=   70020KiB time=00:11:45.60 bitrate= 812.9kbits/s speed=0.998x elapsed=0:11:47.12
[2026-06-03T08:50:15.550Z] [INFO] [FFMPEG] frame=12684 fps= 18 q=28.0 q=28.0 size=   70065KiB time=00:11:46.08 bitrate= 812.9kbits/s speed=0.998x elapsed=0:11:47.63
[2026-06-03T08:50:16.076Z] [INFO] [FFMPEG] frame=12694 fps= 18 q=27.0 q=28.0 size=   70113KiB time=00:11:46.64 bitrate= 812.8kbits/s speed=0.998x elapsed=0:11:48.16
[2026-06-03T08:50:16.588Z] [INFO] [FFMPEG] frame=12703 fps= 18 q=26.0 q=28.0 size=   70161KiB time=00:11:47.16 bitrate= 812.8kbits/s speed=0.998x elapsed=0:11:48.67
[2026-06-03T08:50:17.101Z] [INFO] [FFMPEG] frame=12712 fps= 18 q=27.0 q=28.0 size=   70195KiB time=00:11:47.64 bitrate= 812.6kbits/s speed=0.998x elapsed=0:11:49.18
[2026-06-03T08:50:17.613Z] [INFO] [FFMPEG] frame=12722 fps= 18 q=25.0 q=28.0 size=   70236KiB time=00:11:48.20 bitrate= 812.4kbits/s speed=0.998x elapsed=0:11:49.70
[2026-06-03T08:50:18.138Z] [INFO] [FFMPEG] frame=12731 fps= 18 q=28.0 q=28.0 size=   70286KiB time=00:11:48.72 bitrate= 812.4kbits/s speed=0.998x elapsed=0:11:50.22
[2026-06-03T08:50:18.648Z] [INFO] [FFMPEG] frame=12740 fps= 18 q=27.0 q=28.0 size=   70330KiB time=00:11:49.20 bitrate= 812.4kbits/s speed=0.998x elapsed=0:11:50.73
[2026-06-03T08:50:19.161Z] [INFO] [FFMPEG] frame=12749 fps= 18 q=28.0 q=28.0 size=   70372KiB time=00:11:49.72 bitrate= 812.3kbits/s speed=0.998x elapsed=0:11:51.24
[2026-06-03T08:50:19.675Z] [INFO] [FFMPEG] frame=12758 fps= 18 q=27.0 q=28.0 size=   70530KiB time=00:11:50.20 bitrate= 813.5kbits/s speed=0.998x elapsed=0:11:51.76
[2026-06-03T08:50:20.198Z] [INFO] [FFMPEG] frame=12768 fps= 18 q=26.0 q=28.0 size=   70579KiB time=00:11:50.76 bitrate= 813.5kbits/s speed=0.998x elapsed=0:11:52.28
[2026-06-03T08:50:20.708Z] [INFO] [FFMPEG] frame=12777 fps= 18 q=28.0 q=28.0 size=   70633KiB time=00:11:51.28 bitrate= 813.5kbits/s speed=0.998x elapsed=0:11:52.79
[2026-06-03T08:50:21.221Z] [INFO] [FFMPEG] frame=12786 fps= 18 q=27.0 q=28.0 size=   70669KiB time=00:11:51.76 bitrate= 813.4kbits/s speed=0.998x elapsed=0:11:53.30
[2026-06-03T08:50:21.747Z] [INFO] [FFMPEG] frame=12796 fps= 18 q=28.0 q=28.0 size=   70715KiB time=00:11:52.32 bitrate= 813.2kbits/s speed=0.998x elapsed=0:11:53.83
[2026-06-03T08:50:22.258Z] [INFO] [FFMPEG] frame=12805 fps= 18 q=27.0 q=28.0 size=   70774KiB time=00:11:52.80 bitrate= 813.4kbits/s speed=0.998x elapsed=0:11:54.34
[2026-06-03T08:50:22.771Z] [INFO] [FFMPEG] frame=12814 fps= 18 q=28.0 q=28.0 size=   70804KiB time=00:11:53.32 bitrate= 813.1kbits/s speed=0.998x elapsed=0:11:54.85
[2026-06-03T08:50:23.297Z] [INFO] [FFMPEG] frame=12824 fps= 18 q=27.0 q=28.0 size=   70856KiB time=00:11:53.88 bitrate= 813.1kbits/s speed=0.998x elapsed=0:11:55.38
[2026-06-03T08:50:23.810Z] [INFO] [FFMPEG] frame=12833 fps= 18 q=27.0 q=28.0 size=   70890KiB time=00:11:54.36 bitrate= 812.9kbits/s speed=0.998x elapsed=0:11:55.89
[2026-06-03T08:50:24.321Z] [INFO] [FFMPEG] frame=12842 fps= 18 q=28.0 q=28.0 size=   70937KiB time=00:11:54.88 bitrate= 812.9kbits/s speed=0.998x elapsed=0:11:56.40
[2026-06-03T08:50:24.832Z] [INFO] [FFMPEG] frame=12851 fps= 18 q=27.0 q=28.0 size=   70962KiB time=00:11:55.36 bitrate= 812.6kbits/s speed=0.998x elapsed=0:11:56.91
[2026-06-03T08:50:25.360Z] [INFO] [FFMPEG] frame=12861 fps= 18 q=28.0 q=28.0 size=   71029KiB time=00:11:55.92 bitrate= 812.8kbits/s speed=0.998x elapsed=0:11:57.44
[2026-06-03T08:50:25.872Z] [INFO] [FFMPEG] frame=12870 fps= 18 q=28.0 q=28.0 size=   71037KiB time=00:11:56.44 bitrate= 812.3kbits/s speed=0.998x elapsed=0:11:57.95
[2026-06-03T08:50:26.383Z] [INFO] [FFMPEG] frame=12879 fps= 18 q=27.0 q=28.0 size=   71098KiB time=00:11:56.92 bitrate= 812.4kbits/s speed=0.998x elapsed=0:11:58.47
[2026-06-03T08:50:26.892Z] [INFO] [FFMPEG] frame=12888 fps= 18 q=28.0 q=28.0 size=   71124KiB time=00:11:57.44 bitrate= 812.1kbits/s speed=0.998x elapsed=0:11:58.97
[2026-06-03T08:50:27.421Z] [INFO] [FFMPEG] frame=12898 fps= 18 q=28.0 q=28.0 size=   71180KiB time=00:11:58.00 bitrate= 812.1kbits/s speed=0.998x elapsed=0:11:59.50
[2026-06-03T08:50:27.931Z] [INFO] [FFMPEG] frame=12907 fps= 18 q=28.0 q=28.0 size=   71217KiB time=00:11:58.48 bitrate= 812.0kbits/s speed=0.998x elapsed=0:12:00.01
[2026-06-03T08:50:28.453Z] [INFO] [FFMPEG] frame=12916 fps= 18 q=28.0 q=28.0 size=   71260KiB time=00:11:59.00 bitrate= 811.9kbits/s speed=0.998x elapsed=0:12:00.54
[2026-06-03T08:50:28.965Z] [INFO] [FFMPEG] frame=12925 fps= 18 q=28.0 q=28.0 size=   71289KiB time=00:11:59.48 bitrate= 811.7kbits/s speed=0.998x elapsed=0:12:01.05
[2026-06-03T08:50:29.477Z] [INFO] [FFMPEG] frame=12935 fps= 18 q=28.0 q=28.0 size=   71356KiB time=00:12:00.04 bitrate= 811.8kbits/s speed=0.998x elapsed=0:12:01.56
[2026-06-03T08:50:29.507Z] [INFO] [FFMPEG] [segment @ 0000022082052b80] Opening '//192.168.19.189/encova/cam01/2026/06/03/15-50-29.mp4' for writing
[2026-06-03T08:50:29.990Z] [INFO] [FFMPEG] frame=12944 fps= 18 q=28.0 q=28.0 size=   71376KiB time=00:12:00.52 bitrate= 811.5kbits/s speed=0.998x elapsed=0:12:02.07
[2026-06-03T08:50:30.502Z] [INFO] [FFMPEG] frame=12953 fps= 18 q=28.0 q=28.0 size=   71448KiB time=00:12:01.04 bitrate= 811.7kbits/s speed=0.998x elapsed=0:12:02.58
[2026-06-03T08:50:31.018Z] [INFO] [FFMPEG] frame=12963 fps= 18 q=28.0 q=28.0 size=   71487KiB time=00:12:01.60 bitrate= 811.6kbits/s speed=0.998x elapsed=0:12:03.10
[2026-06-03T08:50:31.548Z] [INFO] [FFMPEG] frame=12972 fps= 18 q=24.0 q=28.0 size=   71524KiB time=00:12:02.08 bitrate= 811.4kbits/s speed=0.998x elapsed=0:12:03.63
[2026-06-03T08:50:32.077Z] [INFO] [FFMPEG] frame=12982 fps= 18 q=27.0 q=28.0 size=   71569KiB time=00:12:02.64 bitrate= 811.3kbits/s speed=0.998x elapsed=0:12:04.16
[2026-06-03T08:50:32.592Z] [INFO] [FFMPEG] frame=12991 fps= 18 q=28.0 q=28.0 size=   71614KiB time=00:12:03.16 bitrate= 811.2kbits/s speed=0.998x elapsed=0:12:04.67
[2026-06-03T08:50:33.103Z] [INFO] [FFMPEG] frame=13000 fps= 18 q=27.0 q=28.0 size=   71655KiB time=00:12:03.64 bitrate= 811.2kbits/s speed=0.998x elapsed=0:12:05.19
[2026-06-03T08:50:33.613Z] [INFO] [FFMPEG] frame=13010 fps= 18 q=27.0 q=28.0 size=   71871KiB time=00:12:04.20 bitrate= 813.0kbits/s speed=0.998x elapsed=0:12:05.70
[2026-06-03T08:50:34.136Z] [INFO] [FFMPEG] frame=13019 fps= 18 q=28.0 q=28.0 size=   71947KiB time=00:12:04.72 bitrate= 813.3kbits/s speed=0.998x elapsed=0:12:06.22
[2026-06-03T08:50:34.648Z] [INFO] [FFMPEG] frame=13028 fps= 18 q=27.0 q=28.0 size=   71976KiB time=00:12:05.20 bitrate= 813.1kbits/s speed=0.998x elapsed=0:12:06.73
[2026-06-03T08:50:35.171Z] [INFO] [FFMPEG] frame=13037 fps= 18 q=28.0 q=28.0 size=   72034KiB time=00:12:05.72 bitrate= 813.1kbits/s speed=0.998x elapsed=0:12:07.25
[2026-06-03T08:50:35.685Z] [INFO] [FFMPEG] frame=13046 fps= 18 q=27.0 q=28.0 size=   72074KiB time=00:12:06.20 bitrate= 813.0kbits/s speed=0.998x elapsed=0:12:07.77
[2026-06-03T08:50:36.198Z] [INFO] [FFMPEG] frame=13056 fps= 18 q=27.0 q=28.0 size=   72134KiB time=00:12:06.76 bitrate= 813.1kbits/s speed=0.998x elapsed=0:12:08.28
[2026-06-03T08:50:36.711Z] [INFO] [FFMPEG] frame=13065 fps= 18 q=28.0 q=28.0 size=   72179KiB time=00:12:07.28 bitrate= 813.0kbits/s speed=0.998x elapsed=0:12:08.79
[2026-06-03T08:50:37.221Z] [INFO] [FFMPEG] frame=13074 fps= 18 q=26.0 q=28.0 size=   72230KiB time=00:12:07.76 bitrate= 813.1kbits/s speed=0.998x elapsed=0:12:09.30
[2026-06-03T08:50:37.750Z] [INFO] [FFMPEG] frame=13084 fps= 18 q=27.0 q=28.0 size=   72276KiB time=00:12:08.32 bitrate= 812.9kbits/s speed=0.998x elapsed=0:12:09.83
[2026-06-03T08:50:38.261Z] [INFO] [FFMPEG] frame=13093 fps= 18 q=28.0 q=25.0 size=   72330KiB time=00:12:08.80 bitrate= 813.0kbits/s speed=0.998x elapsed=0:12:10.34
[2026-06-03T08:50:38.775Z] [INFO] [FFMPEG] frame=13102 fps= 18 q=28.0 q=28.0 size=   72358KiB time=00:12:09.32 bitrate= 812.7kbits/s speed=0.998x elapsed=0:12:10.86
[2026-06-03T08:50:39.283Z] [INFO] [FFMPEG] frame=13111 fps= 18 q=27.0 q=28.0 size=   72417KiB time=00:12:09.80 bitrate= 812.9kbits/s speed=0.998x elapsed=0:12:11.37
[2026-06-03T08:50:39.809Z] [INFO] [FFMPEG] frame=13120 fps= 18 q=27.0 q=28.0 size=   72451KiB time=00:12:10.32 bitrate= 812.7kbits/s speed=0.998x elapsed=0:12:11.89
[2026-06-03T08:50:40.321Z] [INFO] [FFMPEG] frame=13130 fps= 18 q=28.0 q=28.0 size=   72502KiB time=00:12:10.88 bitrate= 812.6kbits/s speed=0.998x elapsed=0:12:12.40
[2026-06-03T08:50:40.843Z] [INFO] [FFMPEG] frame=13139 fps= 18 q=28.0 q=28.0 size=   72535KiB time=00:12:11.36 bitrate= 812.5kbits/s speed=0.998x elapsed=0:12:12.93
[2026-06-03T08:50:41.355Z] [INFO] [FFMPEG] frame=13149 fps= 18 q=28.0 q=28.0 size=   72592KiB time=00:12:11.92 bitrate= 812.5kbits/s speed=0.998x elapsed=0:12:13.44
[2026-06-03T08:50:41.869Z] [INFO] [FFMPEG] frame=13158 fps= 18 q=28.0 q=28.0 size=   72617KiB time=00:12:12.44 bitrate= 812.2kbits/s speed=0.998x elapsed=0:12:13.95
[2026-06-03T08:50:42.388Z] [INFO] [FFMPEG] frame=13167 fps= 18 q=28.0 q=28.0 size=   72673KiB time=00:12:12.92 bitrate= 812.3kbits/s speed=0.998x elapsed=0:12:14.47
[2026-06-03T08:50:42.899Z] [INFO] [FFMPEG] frame=13177 fps= 18 q=26.0 q=28.0 size=   72698KiB time=00:12:13.48 bitrate= 811.9kbits/s speed=0.998x elapsed=0:12:14.98
[2026-06-03T08:50:43.410Z] [INFO] [FFMPEG] frame=13185 fps= 18 q=28.0 q=28.0 size=   72763KiB time=00:12:13.92 bitrate= 812.2kbits/s speed=0.998x elapsed=0:12:15.49
[2026-06-03T08:50:43.937Z] [INFO] [FFMPEG] frame=13195 fps= 18 q=28.0 q=28.0 size=   72780KiB time=00:12:14.48 bitrate= 811.8kbits/s speed=0.998x elapsed=0:12:16.02
[2026-06-03T08:50:44.448Z] [INFO] [FFMPEG] frame=13204 fps= 18 q=28.0 q=28.0 size=   72837KiB time=00:12:15.00 bitrate= 811.8kbits/s speed=0.998x elapsed=0:12:16.53
[2026-06-03T08:50:44.962Z] [INFO] [FFMPEG] frame=13213 fps= 18 q=28.0 q=28.0 size=   72862KiB time=00:12:15.48 bitrate= 811.6kbits/s speed=0.998x elapsed=0:12:17.04
[2026-06-03T08:50:45.472Z] [INFO] [FFMPEG] frame=13223 fps= 18 q=28.0 q=28.0 size=   72920KiB time=00:12:16.04 bitrate= 811.6kbits/s speed=0.998x elapsed=0:12:17.56
[2026-06-03T08:50:46.000Z] [INFO] [FFMPEG] frame=13232 fps= 18 q=28.0 q=28.0 size=   72952KiB time=00:12:16.52 bitrate= 811.4kbits/s speed=0.998x elapsed=0:12:18.08
[2026-06-03T08:50:46.512Z] [INFO] [FFMPEG] frame=13241 fps= 18 q=28.0 q=28.0 size=   73020KiB time=00:12:17.04 bitrate= 811.6kbits/s speed=0.998x elapsed=0:12:18.59
[2026-06-03T08:50:47.022Z] [INFO] [FFMPEG] frame=13251 fps= 18 q=26.0 q=28.0 size=   73035KiB time=00:12:17.60 bitrate= 811.1kbits/s speed=0.998x elapsed=0:12:19.10
[2026-06-03T08:50:47.546Z] [INFO] [FFMPEG] frame=13260 fps= 18 q=27.0 q=28.0 size=   73266KiB time=00:12:18.08 bitrate= 813.2kbits/s speed=0.998x elapsed=0:12:19.63
[2026-06-03T08:50:48.058Z] [INFO] [FFMPEG] frame=13269 fps= 18 q=26.0 q=28.0 size=   73308KiB time=00:12:18.60 bitrate= 813.1kbits/s speed=0.998x elapsed=0:12:20.14
[2026-06-03T08:50:48.571Z] [INFO] [FFMPEG] frame=13279 fps= 18 q=26.0 q=28.0 size=   73356KiB time=00:12:19.16 bitrate= 813.0kbits/s speed=0.998x elapsed=0:12:20.65
[2026-06-03T08:50:49.085Z] [INFO] [FFMPEG] frame=13288 fps= 18 q=27.0 q=28.0 size=   73407KiB time=00:12:19.64 bitrate= 813.0kbits/s speed=0.998x elapsed=0:12:21.17
[2026-06-03T08:50:49.597Z] [INFO] [FFMPEG] frame=13297 fps= 18 q=28.0 q=28.0 size=   73441KiB time=00:12:20.16 bitrate= 812.8kbits/s speed=0.998x elapsed=0:12:21.68
[2026-06-03T08:50:50.122Z] [INFO] [FFMPEG] frame=13306 fps= 18 q=27.0 q=28.0 size=   73497KiB time=00:12:20.64 bitrate= 812.9kbits/s speed=0.998x elapsed=0:12:22.20
[2026-06-03T08:50:50.630Z] [INFO] [FFMPEG] frame=13316 fps= 18 q=27.0 q=28.0 size=   73536KiB time=00:12:21.20 bitrate= 812.7kbits/s speed=0.998x elapsed=0:12:22.71
[2026-06-03T08:50:51.146Z] [INFO] [FFMPEG] frame=13325 fps= 18 q=28.0 q=28.0 size=   73578KiB time=00:12:21.72 bitrate= 812.6kbits/s speed=0.998x elapsed=0:12:23.23
[2026-06-03T08:50:51.658Z] [INFO] [FFMPEG] frame=13334 fps= 18 q=27.0 q=28.0 size=   73612KiB time=00:12:22.20 bitrate= 812.5kbits/s speed=0.998x elapsed=0:12:23.74
[2026-06-03T08:50:52.185Z] [INFO] [FFMPEG] frame=13344 fps= 18 q=27.0 q=28.0 size=   73688KiB time=00:12:22.76 bitrate= 812.7kbits/s speed=0.998x elapsed=0:12:24.27
[2026-06-03T08:50:52.693Z] [INFO] [FFMPEG] frame=13352 fps= 18 q=27.0 q=28.0 size=   73711KiB time=00:12:23.20 bitrate= 812.5kbits/s speed=0.998x elapsed=0:12:24.78
[2026-06-03T08:50:53.208Z] [INFO] [FFMPEG] frame=13362 fps= 18 q=27.0 q=28.0 size=   73740KiB time=00:12:23.76 bitrate= 812.2kbits/s speed=0.998x elapsed=0:12:25.29
[2026-06-03T08:50:53.722Z] [INFO] [FFMPEG] frame=13371 fps= 18 q=28.0 q=28.0 size=   73797KiB time=00:12:24.28 bitrate= 812.3kbits/s speed=0.998x elapsed=0:12:25.81
[2026-06-03T08:50:54.237Z] [INFO] [FFMPEG] frame=13380 fps= 18 q=27.0 q=28.0 size=   73833KiB time=00:12:24.76 bitrate= 812.1kbits/s speed=0.998x elapsed=0:12:26.32
[2026-06-03T08:50:54.767Z] [INFO] [FFMPEG] frame=13390 fps= 18 q=26.0 q=28.0 size=   73885KiB time=00:12:25.32 bitrate= 812.1kbits/s speed=0.998x elapsed=0:12:26.85
[2026-06-03T08:50:55.294Z] [INFO] [FFMPEG] frame=13399 fps= 18 q=28.0 q=28.0 size=   73939KiB time=00:12:25.80 bitrate= 812.2kbits/s speed=0.998x elapsed=0:12:27.38
[2026-06-03T08:50:55.802Z] [INFO] [FFMPEG] frame=13408 fps= 18 q=26.0 q=28.0 size=   73968KiB time=00:12:26.32 bitrate= 811.9kbits/s speed=0.998x elapsed=0:12:27.88
[2026-06-03T08:50:56.328Z] [INFO] [FFMPEG] frame=13418 fps= 18 q=28.0 q=28.0 size=   74026KiB time=00:12:26.88 bitrate= 811.9kbits/s speed=0.998x elapsed=0:12:28.41
[2026-06-03T08:50:56.841Z] [INFO] [FFMPEG] frame=13427 fps= 18 q=27.0 q=28.0 size=   74054KiB time=00:12:27.36 bitrate= 811.7kbits/s speed=0.998x elapsed=0:12:28.92
[2026-06-03T08:50:57.353Z] [INFO] [FFMPEG] frame=13437 fps= 18 q=28.0 q=28.0 size=   74125KiB time=00:12:27.92 bitrate= 811.9kbits/s speed=0.998x elapsed=0:12:29.44
[2026-06-03T08:50:57.864Z] [INFO] [FFMPEG] frame=13446 fps= 18 q=28.0 q=28.0 size=   74147KiB time=00:12:28.44 bitrate= 811.6kbits/s speed=0.998x elapsed=0:12:29.95
[2026-06-03T08:50:58.385Z] [INFO] [FFMPEG] frame=13455 fps= 18 q=28.0 q=28.0 size=   74205KiB time=00:12:28.92 bitrate= 811.7kbits/s speed=0.998x elapsed=0:12:30.47
[2026-06-03T08:50:58.898Z] [INFO] [FFMPEG] frame=13465 fps= 18 q=27.0 q=28.0 size=   74230KiB time=00:12:29.48 bitrate= 811.4kbits/s speed=0.998x elapsed=0:12:30.98
[2026-06-03T08:50:59.412Z] [INFO] [FFMPEG] frame=13474 fps= 18 q=28.0 q=28.0 size=   74295KiB time=00:12:30.00 bitrate= 811.5kbits/s speed=0.998x elapsed=0:12:31.50
[2026-06-03T08:50:59.924Z] [INFO] [FFMPEG] frame=13483 fps= 18 q=27.0 q=28.0 size=   74321KiB time=00:12:30.48 bitrate= 811.3kbits/s speed=0.998x elapsed=0:12:32.01
[2026-06-03T08:51:00.448Z] [INFO] [FFMPEG] frame=13493 fps= 18 q=28.0 q=28.0 size=   74392KiB time=00:12:31.04 bitrate= 811.4kbits/s speed=0.998x elapsed=0:12:32.53
[2026-06-03T08:51:00.958Z] [INFO] [FFMPEG] frame=13501 fps= 18 q=28.0 q=28.0 size=   74406KiB time=00:12:31.48 bitrate= 811.1kbits/s speed=0.998x elapsed=0:12:33.04
[2026-06-03T08:51:01.475Z] [INFO] [FFMPEG] frame=13511 fps= 18 q=28.0 q=28.0 size=   74631KiB time=00:12:32.04 bitrate= 813.0kbits/s speed=0.998x elapsed=0:12:33.56
[2026-06-03T08:51:01.988Z] [INFO] [FFMPEG] frame=13520 fps= 18 q=28.0 q=28.0 size=   74652KiB time=00:12:32.56 bitrate= 812.6kbits/s speed=0.998x elapsed=0:12:34.07
[2026-06-03T08:51:02.516Z] [INFO] [FFMPEG] frame=13529 fps= 18 q=28.0 q=28.0 size=   74717KiB time=00:12:33.04 bitrate= 812.8kbits/s speed=0.998x elapsed=0:12:34.60
[2026-06-03T08:51:03.027Z] [INFO] [FFMPEG] frame=13539 fps= 18 q=28.0 q=28.0 size=   74766KiB time=00:12:33.60 bitrate= 812.7kbits/s speed=0.998x elapsed=0:12:35.11
[2026-06-03T08:51:03.537Z] [INFO] [FFMPEG] frame=13548 fps= 18 q=28.0 q=28.0 size=   74802KiB time=00:12:34.08 bitrate= 812.6kbits/s speed=0.998x elapsed=0:12:35.62
[2026-06-03T08:51:04.050Z] [INFO] [FFMPEG] frame=13557 fps= 18 q=26.0 q=28.0 size=   74854KiB time=00:12:34.60 bitrate= 812.6kbits/s speed=0.998x elapsed=0:12:36.13
[2026-06-03T08:51:04.577Z] [INFO] [FFMPEG] frame=13567 fps= 18 q=26.0 q=28.0 size=   74906KiB time=00:12:35.16 bitrate= 812.6kbits/s speed=0.998x elapsed=0:12:36.66
[2026-06-03T08:51:05.088Z] [INFO] [FFMPEG] frame=13575 fps= 18 q=26.0 q=28.0 size=   74951KiB time=00:12:35.60 bitrate= 812.6kbits/s speed=0.998x elapsed=0:12:37.17
[2026-06-03T08:51:05.600Z] [INFO] [FFMPEG] frame=13585 fps= 18 q=26.0 q=28.0 size=   74999KiB time=00:12:36.16 bitrate= 812.5kbits/s speed=0.998x elapsed=0:12:37.68
[2026-06-03T08:51:06.124Z] [INFO] [FFMPEG] frame=13594 fps= 18 q=27.0 q=28.0 size=   75039KiB time=00:12:36.64 bitrate= 812.4kbits/s speed=0.998x elapsed=0:12:38.21
[2026-06-03T08:51:06.639Z] [INFO] [FFMPEG] frame=13604 fps= 18 q=27.0 q=28.0 size=   75081KiB time=00:12:37.20 bitrate= 812.3kbits/s speed=0.998x elapsed=0:12:38.72
[2026-06-03T08:51:07.151Z] [INFO] [FFMPEG] frame=13613 fps= 18 q=28.0 q=28.0 size=   75134KiB time=00:12:37.72 bitrate= 812.3kbits/s speed=0.998x elapsed=0:12:39.23
[2026-06-03T08:51:07.663Z] [INFO] [FFMPEG] frame=13622 fps= 18 q=27.0 q=28.0 size=   75182KiB time=00:12:38.20 bitrate= 812.3kbits/s speed=0.998x elapsed=0:12:39.75
[2026-06-03T08:51:08.188Z] [INFO] [FFMPEG] frame=13632 fps= 18 q=26.0 q=28.0 size=   75219KiB time=00:12:38.76 bitrate= 812.1kbits/s speed=0.998x elapsed=0:12:40.27
[2026-06-03T08:51:08.702Z] [INFO] [FFMPEG] frame=13641 fps= 18 q=28.0 q=28.0 size=   75268KiB time=00:12:39.28 bitrate= 812.1kbits/s speed=0.998x elapsed=0:12:40.79
[2026-06-03T08:51:09.211Z] [INFO] [FFMPEG] frame=13650 fps= 18 q=26.0 q=28.0 size=   75316KiB time=00:12:39.76 bitrate= 812.1kbits/s speed=0.998x elapsed=0:12:41.29
[2026-06-03T08:51:09.722Z] [INFO] [FFMPEG] frame=13659 fps= 18 q=28.0 q=28.0 size=   75369KiB time=00:12:40.28 bitrate= 812.1kbits/s speed=0.998x elapsed=0:12:41.81
[2026-06-03T08:51:10.237Z] [INFO] [FFMPEG] frame=13668 fps= 18 q=27.0 q=28.0 size=   75408KiB time=00:12:40.76 bitrate= 812.0kbits/s speed=0.998x elapsed=0:12:42.32
[2026-06-03T08:51:10.761Z] [INFO] [FFMPEG] frame=13678 fps= 18 q=26.0 q=28.0 size=   75454KiB time=00:12:41.32 bitrate= 811.9kbits/s speed=0.998x elapsed=0:12:42.84
[2026-06-03T08:51:11.273Z] [INFO] [FFMPEG] frame=13687 fps= 18 q=27.0 q=28.0 size=   75512KiB time=00:12:41.80 bitrate= 812.0kbits/s speed=0.998x elapsed=0:12:43.36
[2026-06-03T08:51:11.785Z] [INFO] [FFMPEG] frame=13696 fps= 18 q=27.0 q=28.0 size=   75539KiB time=00:12:42.32 bitrate= 811.8kbits/s speed=0.998x elapsed=0:12:43.87
[2026-06-03T08:51:12.313Z] [INFO] [FFMPEG] frame=13706 fps= 18 q=27.0 q=28.0 size=   75597KiB time=00:12:42.88 bitrate= 811.8kbits/s speed=0.998x elapsed=0:12:44.40
[2026-06-03T08:51:12.826Z] [INFO] [FFMPEG] frame=13715 fps= 18 q=28.0 q=28.0 size=   75637KiB time=00:12:43.36 bitrate= 811.7kbits/s speed=0.998x elapsed=0:12:44.91
[2026-06-03T08:51:13.335Z] [INFO] [FFMPEG] frame=13724 fps= 18 q=28.0 q=28.0 size=   75689KiB time=00:12:43.88 bitrate= 811.7kbits/s speed=0.998x elapsed=0:12:45.42
[2026-06-03T08:51:13.846Z] [INFO] [FFMPEG] frame=13734 fps= 18 q=28.0 q=28.0 size=   75719KiB time=00:12:44.40 bitrate= 811.5kbits/s speed=0.998x elapsed=0:12:45.93
[2026-06-03T08:51:14.372Z] [INFO] [FFMPEG] frame=13743 fps= 18 q=28.0 q=28.0 size=   75785KiB time=00:12:44.92 bitrate= 811.6kbits/s speed=0.998x elapsed=0:12:46.46
[2026-06-03T08:51:14.886Z] [INFO] [FFMPEG] frame=13752 fps= 18 q=28.0 q=28.0 size=   75954KiB time=00:12:45.44 bitrate= 812.9kbits/s speed=0.998x elapsed=0:12:46.97
[2026-06-03T08:51:15.398Z] [INFO] [FFMPEG] frame=13761 fps= 18 q=28.0 q=28.0 size=   76019KiB time=00:12:45.92 bitrate= 813.1kbits/s speed=0.998x elapsed=0:12:47.48
[2026-06-03T08:51:15.921Z] [INFO] [FFMPEG] frame=13771 fps= 18 q=27.0 q=28.0 size=   76052KiB time=00:12:46.48 bitrate= 812.8kbits/s speed=0.998x elapsed=0:12:48.00
[2026-06-03T08:51:16.433Z] [INFO] [FFMPEG] frame=13780 fps= 18 q=28.0 q=28.0 size=   76112KiB time=00:12:47.00 bitrate= 812.9kbits/s speed=0.998x elapsed=0:12:48.52
[2026-06-03T08:51:16.946Z] [INFO] [FFMPEG] frame=13789 fps= 18 q=26.0 q=28.0 size=   76134KiB time=00:12:47.48 bitrate= 812.6kbits/s speed=0.998x elapsed=0:12:49.03
[2026-06-03T08:51:17.460Z] [INFO] [FFMPEG] frame=13799 fps= 18 q=28.0 q=28.0 size=   76193KiB time=00:12:48.04 bitrate= 812.7kbits/s speed=0.998x elapsed=0:12:49.54
[2026-06-03T08:51:17.972Z] [INFO] [FFMPEG] frame=13807 fps= 18 q=28.0 q=28.0 size=   76238KiB time=00:12:48.48 bitrate= 812.7kbits/s speed=0.998x elapsed=0:12:50.05
[2026-06-03T08:51:18.501Z] [INFO] [FFMPEG] frame=13817 fps= 18 q=28.0 q=28.0 size=   76283KiB time=00:12:49.04 bitrate= 812.6kbits/s speed=0.998x elapsed=0:12:50.58
[2026-06-03T08:51:19.009Z] [INFO] [FFMPEG] frame=13826 fps= 18 q=28.0 q=28.0 size=   76294KiB time=00:12:49.56 bitrate= 812.2kbits/s speed=0.998x elapsed=0:12:51.09
[2026-06-03T08:51:19.519Z] [INFO] [FFMPEG] frame=13835 fps= 18 q=28.0 q=28.0 size=   76357KiB time=00:12:50.04 bitrate= 812.3kbits/s speed=0.998x elapsed=0:12:51.60
[2026-06-03T08:51:20.047Z] [INFO] [FFMPEG] frame=13845 fps= 18 q=26.0 q=28.0 size=   76418KiB time=00:12:50.60 bitrate= 812.4kbits/s speed=0.998x elapsed=0:12:52.13
[2026-06-03T08:51:20.561Z] [INFO] [FFMPEG] frame=13854 fps= 18 q=27.0 q=28.0 size=   76462KiB time=00:12:51.08 bitrate= 812.3kbits/s speed=0.998x elapsed=0:12:52.64
[2026-06-03T08:51:21.075Z] [INFO] [FFMPEG] frame=13863 fps= 18 q=28.0 q=28.0 size=   76508KiB time=00:12:51.60 bitrate= 812.3kbits/s speed=0.998x elapsed=0:12:53.16
[2026-06-03T08:51:21.583Z] [INFO] [FFMPEG] frame=13873 fps= 18 q=26.0 q=28.0 size=   76551KiB time=00:12:52.16 bitrate= 812.1kbits/s speed=0.998x elapsed=0:12:53.67
[2026-06-03T08:51:22.110Z] [INFO] [FFMPEG] frame=13882 fps= 18 q=27.0 q=28.0 size=   76601KiB time=00:12:52.64 bitrate= 812.2kbits/s speed=0.998x elapsed=0:12:54.19
[2026-06-03T08:51:22.625Z] [INFO] [FFMPEG] frame=13891 fps= 18 q=26.0 q=28.0 size=   76648KiB time=00:12:53.16 bitrate= 812.1kbits/s speed=0.998x elapsed=0:12:54.71
[2026-06-03T08:51:23.138Z] [INFO] [FFMPEG] frame=13900 fps= 18 q=27.0 q=28.0 size=   76683KiB time=00:12:53.64 bitrate= 812.0kbits/s speed=0.998x elapsed=0:12:55.22
[2026-06-03T08:51:23.649Z] [INFO] [FFMPEG] frame=13910 fps= 18 q=27.0 q=28.0 size=   76720KiB time=00:12:54.20 bitrate= 811.8kbits/s speed=0.998x elapsed=0:12:55.73
[2026-06-03T08:51:24.163Z] [INFO] [FFMPEG] frame=13919 fps= 18 q=28.0 q=28.0 size=   76773KiB time=00:12:54.72 bitrate= 811.8kbits/s speed=0.998x elapsed=0:12:56.25
[2026-06-03T08:51:24.676Z] [INFO] [FFMPEG] frame=13928 fps= 18 q=27.0 q=28.0 size=   76822KiB time=00:12:55.20 bitrate= 811.8kbits/s speed=0.998x elapsed=0:12:56.76
[2026-06-03T08:51:25.197Z] [INFO] [FFMPEG] frame=13938 fps= 18 q=27.0 q=28.0 size=   76862KiB time=00:12:55.76 bitrate= 811.7kbits/s speed=0.998x elapsed=0:12:57.28
[2026-06-03T08:51:25.708Z] [INFO] [FFMPEG] frame=13946 fps= 18 q=27.0 q=28.0 size=   76890KiB time=00:12:56.20 bitrate= 811.5kbits/s speed=0.998x elapsed=0:12:57.79
[2026-06-03T08:51:26.233Z] [INFO] [FFMPEG] frame=13956 fps= 18 q=26.0 q=28.0 size=   76955KiB time=00:12:56.76 bitrate= 811.6kbits/s speed=0.998x elapsed=0:12:58.32
[2026-06-03T08:51:26.744Z] [INFO] [FFMPEG] frame=13966 fps= 18 q=26.0 q=28.0 size=   76983KiB time=00:12:57.32 bitrate= 811.3kbits/s speed=0.998x elapsed=0:12:58.83
[2026-06-03T08:51:27.256Z] [INFO] [FFMPEG] frame=13975 fps= 18 q=28.0 q=28.0 size=   77047KiB time=00:12:57.80 bitrate= 811.5kbits/s speed=0.998x elapsed=0:12:59.34
[2026-06-03T08:51:27.770Z] [INFO] [FFMPEG] frame=13984 fps= 18 q=27.0 q=28.0 size=   77082KiB time=00:12:58.32 bitrate= 811.3kbits/s speed=0.998x elapsed=0:12:59.85
[2026-06-03T08:51:28.283Z] [INFO] [FFMPEG] frame=13993 fps= 18 q=28.0 q=28.0 size=   77143KiB time=00:12:58.88 bitrate= 811.4kbits/s speed=0.998x elapsed=0:13:00.37
[2026-06-03T08:51:28.808Z] [INFO] [FFMPEG] frame=14003 fps= 18 q=27.0 q=28.0 size=   77323KiB time=00:12:59.36 bitrate= 812.8kbits/s speed=0.998x elapsed=0:13:00.89
[2026-06-03T08:51:29.319Z] [INFO] [FFMPEG] frame=14012 fps= 18 q=28.0 q=28.0 size=   77377KiB time=00:12:59.88 bitrate= 812.8kbits/s speed=0.998x elapsed=0:13:01.40
[2026-06-03T08:51:29.455Z] [INFO] [FFMPEG] [segment @ 0000022082052b80] Opening '//192.168.19.189/encova/cam01/2026/06/03/15-51-29.mp4' for writing
[2026-06-03T08:51:29.844Z] [INFO] [FFMPEG] frame=14021 fps= 18 q=28.0 q=28.0 size=   77404KiB time=00:13:00.36 bitrate= 812.6kbits/s speed=0.998x elapsed=0:13:01.93
[2026-06-03T08:51:30.353Z] [INFO] [FFMPEG] frame=14031 fps= 18 q=27.0 q=28.0 size=   77476KiB time=00:13:00.92 bitrate= 812.7kbits/s speed=0.998x elapsed=0:13:02.44
[2026-06-03T08:51:30.864Z] [INFO] [FFMPEG] frame=14040 fps= 18 q=28.0 q=28.0 size=   77498KiB time=00:13:01.44 bitrate= 812.4kbits/s speed=0.998x elapsed=0:13:02.95
[2026-06-03T08:51:31.386Z] [INFO] [FFMPEG] frame=14049 fps= 18 q=28.0 q=28.0 size=   77556KiB time=00:13:01.92 bitrate= 812.5kbits/s speed=0.998x elapsed=0:13:03.47
[2026-06-03T08:51:31.901Z] [INFO] [FFMPEG] frame=14059 fps= 18 q=27.0 q=28.0 size=   77611KiB time=00:13:02.48 bitrate= 812.5kbits/s speed=0.998x elapsed=0:13:03.98
[2026-06-03T08:51:32.412Z] [INFO] [FFMPEG] frame=14067 fps= 18 q=27.0 q=28.0 size=   77644KiB time=00:13:02.92 bitrate= 812.4kbits/s speed=0.998x elapsed=0:13:04.49
[2026-06-03T08:51:32.924Z] [INFO] [FFMPEG] frame=14077 fps= 18 q=28.0 q=28.0 size=   77673KiB time=00:13:03.48 bitrate= 812.1kbits/s speed=0.998x elapsed=0:13:05.01
[2026-06-03T08:51:33.440Z] [INFO] [FFMPEG] frame=14086 fps= 18 q=28.0 q=28.0 size=   77734KiB time=00:13:04.00 bitrate= 812.2kbits/s speed=0.998x elapsed=0:13:05.52
[2026-06-03T08:51:33.957Z] [INFO] [FFMPEG] frame=14095 fps= 18 q=26.0 q=28.0 size=   77790KiB time=00:13:04.48 bitrate= 812.3kbits/s speed=0.998x elapsed=0:13:06.04
[2026-06-03T08:51:34.483Z] [INFO] [FFMPEG] frame=14105 fps= 18 q=28.0 q=28.0 size=   77849KiB time=00:13:05.04 bitrate= 812.4kbits/s speed=0.998x elapsed=0:13:06.57
[2026-06-03T08:51:34.995Z] [INFO] [FFMPEG] frame=14114 fps= 18 q=28.0 q=28.0 size=   77872KiB time=00:13:05.56 bitrate= 812.1kbits/s speed=0.998x elapsed=0:13:07.08
[2026-06-03T08:51:35.505Z] [INFO] [FFMPEG] frame=14123 fps= 18 q=28.0 q=28.0 size=   77935KiB time=00:13:06.04 bitrate= 812.2kbits/s speed=0.998x elapsed=0:13:07.59
[2026-06-03T08:51:36.018Z] [INFO] [FFMPEG] frame=14133 fps= 18 q=26.0 q=28.0 size=   77993KiB time=00:13:06.60 bitrate= 812.2kbits/s speed=0.998x elapsed=0:13:08.10
[2026-06-03T08:51:36.545Z] [INFO] [FFMPEG] frame=14142 fps= 18 q=28.0 q=28.0 size=   78016KiB time=00:13:07.08 bitrate= 812.0kbits/s speed=0.998x elapsed=0:13:08.63
[2026-06-03T08:51:37.058Z] [INFO] [FFMPEG] frame=14151 fps= 18 q=26.0 q=28.0 size=   78051KiB time=00:13:07.60 bitrate= 811.8kbits/s speed=0.998x elapsed=0:13:09.14
[2026-06-03T08:51:37.570Z] [INFO] [FFMPEG] frame=14160 fps= 18 q=28.0 q=28.0 size=   78100KiB time=00:13:08.08 bitrate= 811.8kbits/s speed=0.998x elapsed=0:13:09.65
[2026-06-03T08:51:38.084Z] [INFO] [FFMPEG] frame=14170 fps= 18 q=27.0 q=28.0 size=   78152KiB time=00:13:08.60 bitrate= 811.8kbits/s speed=0.998x elapsed=0:13:10.17
[2026-06-03T08:51:38.610Z] [INFO] [FFMPEG] frame=14180 fps= 18 q=27.0 q=28.0 size=   78198KiB time=00:13:09.20 bitrate= 811.7kbits/s speed=0.998x elapsed=0:13:10.69
[2026-06-03T08:51:39.118Z] [INFO] [FFMPEG] frame=14188 fps= 18 q=27.0 q=28.0 size=   78244KiB time=00:13:09.64 bitrate= 811.7kbits/s speed=0.998x elapsed=0:13:11.20
[2026-06-03T08:51:39.629Z] [INFO] [FFMPEG] frame=14198 fps= 18 q=27.0 q=28.0 size=   78292KiB time=00:13:10.20 bitrate= 811.7kbits/s speed=0.998x elapsed=0:13:11.71
[2026-06-03T08:51:40.154Z] [INFO] [FFMPEG] frame=14207 fps= 18 q=28.0 q=28.0 size=   78349KiB time=00:13:10.72 bitrate= 811.7kbits/s speed=0.998x elapsed=0:13:12.24
[2026-06-03T08:51:40.665Z] [INFO] [FFMPEG] frame=14216 fps= 18 q=27.0 q=28.0 size=   78389KiB time=00:13:11.20 bitrate= 811.6kbits/s speed=0.998x elapsed=0:13:12.75
[2026-06-03T08:51:41.181Z] [INFO] [FFMPEG] frame=14226 fps= 18 q=26.0 q=28.0 size=   78430KiB time=00:13:11.76 bitrate= 811.5kbits/s speed=0.998x elapsed=0:13:13.26
[2026-06-03T08:51:41.694Z] [INFO] [FFMPEG] frame=14234 fps= 18 q=27.0 q=28.0 size=   78466KiB time=00:13:12.20 bitrate= 811.4kbits/s speed=0.998x elapsed=0:13:13.78
[2026-06-03T08:51:42.206Z] [INFO] [FFMPEG] frame=14244 fps= 18 q=27.0 q=28.0 size=   78508KiB time=00:13:12.76 bitrate= 811.3kbits/s speed=0.998x elapsed=0:13:14.29
[2026-06-03T08:51:42.721Z] [INFO] [FFMPEG] frame=14254 fps= 18 q=27.0 q=28.0 size=   78739KiB time=00:13:13.32 bitrate= 813.1kbits/s speed=0.998x elapsed=0:13:14.80
[2026-06-03T08:51:43.248Z] [INFO] [FFMPEG] frame=14262 fps= 18 q=27.0 q=28.0 size=   78797KiB time=00:13:13.76 bitrate= 813.2kbits/s speed=0.998x elapsed=0:13:15.33
[2026-06-03T08:51:43.761Z] [INFO] [FFMPEG] frame=14272 fps= 18 q=27.0 q=28.0 size=   78831KiB time=00:13:14.32 bitrate= 813.0kbits/s speed=0.998x elapsed=0:13:15.84
[2026-06-03T08:51:44.274Z] [INFO] [FFMPEG] frame=14281 fps= 18 q=28.0 q=28.0 size=   78888KiB time=00:13:14.80 bitrate= 813.1kbits/s speed=0.998x elapsed=0:13:16.36
[2026-06-03T08:51:44.788Z] [INFO] [FFMPEG] frame=14290 fps= 18 q=26.0 q=28.0 size=   78913KiB time=00:13:15.32 bitrate= 812.8kbits/s speed=0.998x elapsed=0:13:16.87
[2026-06-03T08:51:45.300Z] [INFO] [FFMPEG] frame=14300 fps= 18 q=27.0 q=28.0 size=   78971KiB time=00:13:15.88 bitrate= 812.8kbits/s speed=0.998x elapsed=0:13:17.38
[2026-06-03T08:51:45.814Z] [INFO] [FFMPEG] frame=14309 fps= 18 q=28.0 q=28.0 size=   78987KiB time=00:13:16.36 bitrate= 812.5kbits/s speed=0.998x elapsed=0:13:17.90
[2026-06-03T08:51:46.344Z] [INFO] [FFMPEG] frame=14319 fps= 18 q=27.0 q=28.0 size=   79064KiB time=00:13:16.92 bitrate= 812.7kbits/s speed=0.998x elapsed=0:13:18.43
[2026-06-03T08:51:46.852Z] [INFO] [FFMPEG] frame=14328 fps= 18 q=28.0 q=28.0 size=   79100KiB time=00:13:17.44 bitrate= 812.6kbits/s speed=0.998x elapsed=0:13:18.93
[2026-06-03T08:51:47.363Z] [INFO] [FFMPEG] frame=14337 fps= 18 q=27.0 q=28.0 size=   79162KiB time=00:13:17.92 bitrate= 812.7kbits/s speed=0.998x elapsed=0:13:19.45
[2026-06-03T08:51:47.887Z] [INFO] [FFMPEG] frame=14346 fps= 18 q=27.0 q=28.0 size=   79179KiB time=00:13:18.44 bitrate= 812.4kbits/s speed=0.998x elapsed=0:13:19.97
[2026-06-03T08:51:48.400Z] [INFO] [FFMPEG] frame=14355 fps= 18 q=28.0 q=28.0 size=   79248KiB time=00:13:18.92 bitrate= 812.6kbits/s speed=0.998x elapsed=0:13:20.48
[2026-06-03T08:51:48.922Z] [INFO] [FFMPEG] frame=14365 fps= 18 q=26.0 q=28.0 size=   79306KiB time=00:13:19.48 bitrate= 812.6kbits/s speed=0.998x elapsed=0:13:21.01
[2026-06-03T08:51:49.437Z] [INFO] [FFMPEG] frame=14374 fps= 18 q=28.0 q=28.0 size=   79348KiB time=00:13:20.00 bitrate= 812.5kbits/s speed=0.998x elapsed=0:13:21.52
[2026-06-03T08:51:49.944Z] [INFO] [FFMPEG] frame=14383 fps= 18 q=28.0 q=28.0 size=   79374KiB time=00:13:20.48 bitrate= 812.3kbits/s speed=0.998x elapsed=0:13:22.03
[2026-06-03T08:51:50.469Z] [INFO] [FFMPEG] frame=14393 fps= 18 q=26.0 q=28.0 size=   79437KiB time=00:13:21.04 bitrate= 812.4kbits/s speed=0.998x elapsed=0:13:22.55
[2026-06-03T08:51:50.979Z] [INFO] [FFMPEG] frame=14402 fps= 18 q=27.0 q=28.0 size=   79450KiB time=00:13:21.56 bitrate= 812.0kbits/s speed=0.998x elapsed=0:13:23.06
[2026-06-03T08:51:51.487Z] [INFO] [FFMPEG] frame=14411 fps= 18 q=28.0 q=28.0 size=   79510KiB time=00:13:22.04 bitrate= 812.1kbits/s speed=0.998x elapsed=0:13:23.57
[2026-06-03T08:51:52.012Z] [INFO] [FFMPEG] frame=14421 fps= 18 q=26.0 q=28.0 size=   79574KiB time=00:13:22.60 bitrate= 812.2kbits/s speed=0.998x elapsed=0:13:24.09
[2026-06-03T08:51:52.522Z] [INFO] [FFMPEG] frame=14429 fps= 18 q=26.0 q=28.0 size=   79606KiB time=00:13:23.04 bitrate= 812.1kbits/s speed=0.998x elapsed=0:13:24.61
[2026-06-03T08:51:53.049Z] [INFO] [FFMPEG] frame=14439 fps= 18 q=28.0 q=28.0 size=   79659KiB time=00:13:23.60 bitrate= 812.0kbits/s speed=0.998x elapsed=0:13:25.13
[2026-06-03T08:51:53.577Z] [INFO] [FFMPEG] frame=14449 fps= 18 q=26.0 q=28.0 size=   79687KiB time=00:13:24.16 bitrate= 811.8kbits/s speed=0.998x elapsed=0:13:25.66
[2026-06-03T08:51:54.090Z] [INFO] [FFMPEG] frame=14458 fps= 18 q=27.0 q=28.0 size=   79741KiB time=00:13:24.64 bitrate= 811.8kbits/s speed=0.998x elapsed=0:13:26.17
[2026-06-03T08:51:54.603Z] [INFO] [FFMPEG] frame=14467 fps= 18 q=26.0 q=28.0 size=   79792KiB time=00:13:25.16 bitrate= 811.8kbits/s speed=0.998x elapsed=0:13:26.69
[2026-06-03T08:51:55.116Z] [INFO] [FFMPEG] frame=14476 fps= 18 q=27.0 q=28.0 size=   79824KiB time=00:13:25.64 bitrate= 811.7kbits/s speed=0.998x elapsed=0:13:27.20
[2026-06-03T08:51:55.627Z] [INFO] [FFMPEG] frame=14486 fps= 18 q=27.0 q=28.0 size=   79853KiB time=00:13:26.20 bitrate= 811.4kbits/s speed=0.998x elapsed=0:13:27.71
[2026-06-03T08:51:56.154Z] [INFO] [FFMPEG] frame=14495 fps= 18 q=28.0 q=28.0 size=   79903KiB time=00:13:26.72 bitrate= 811.4kbits/s speed=0.998x elapsed=0:13:28.24
[2026-06-03T08:51:56.669Z] [INFO] [FFMPEG] frame=14504 fps= 18 q=27.0 q=28.0 size=   80122KiB time=00:13:27.20 bitrate= 813.1kbits/s speed=0.998x elapsed=0:13:28.75
[2026-06-03T08:51:57.179Z] [INFO] [FFMPEG] frame=14514 fps= 18 q=27.0 q=28.0 size=   80164KiB time=00:13:27.76 bitrate= 813.0kbits/s speed=0.998x elapsed=0:13:29.26
[2026-06-03T08:51:57.701Z] [INFO] [FFMPEG] frame=14523 fps= 18 q=28.0 q=28.0 size=   80212KiB time=00:13:28.28 bitrate= 813.0kbits/s speed=0.998x elapsed=0:13:29.78
[2026-06-03T08:51:58.214Z] [INFO] [FFMPEG] frame=14532 fps= 18 q=27.0 q=28.0 size=   80244KiB time=00:13:28.76 bitrate= 812.8kbits/s speed=0.998x elapsed=0:13:30.30
[2026-06-03T08:51:58.725Z] [INFO] [FFMPEG] frame=14542 fps= 18 q=27.0 q=28.0 size=   80294KiB time=00:13:29.32 bitrate= 812.7kbits/s speed=0.998x elapsed=0:13:30.81
[2026-06-03T08:51:59.240Z] [INFO] [FFMPEG] frame=14550 fps= 18 q=27.0 q=28.0 size=   80337KiB time=00:13:29.76 bitrate= 812.7kbits/s speed=0.998x elapsed=0:13:31.32
[2026-06-03T08:51:59.765Z] [INFO] [FFMPEG] frame=14560 fps= 18 q=26.0 q=28.0 size=   80355KiB time=00:13:30.32 bitrate= 812.4kbits/s speed=0.998x elapsed=0:13:31.85
[2026-06-03T08:52:00.280Z] [INFO] [FFMPEG] frame=14569 fps= 18 q=27.0 q=28.0 size=   80414KiB time=00:13:30.80 bitrate= 812.5kbits/s speed=0.998x elapsed=0:13:32.36
[2026-06-03T08:52:00.786Z] [INFO] [FFMPEG] frame=14578 fps= 18 q=26.0 q=28.0 size=   80451KiB time=00:13:31.32 bitrate= 812.3kbits/s speed=0.998x elapsed=0:13:32.87
[2026-06-03T08:52:01.310Z] [INFO] [FFMPEG] frame=14588 fps= 18 q=27.0 q=28.0 size=   80504KiB time=00:13:31.88 bitrate= 812.3kbits/s speed=0.998x elapsed=0:13:33.39
[2026-06-03T08:52:01.817Z] [INFO] [FFMPEG] frame=14597 fps= 18 q=27.0 q=28.0 size=   80541KiB time=00:13:32.36 bitrate= 812.2kbits/s speed=0.998x elapsed=0:13:33.90
[2026-06-03T08:52:02.344Z] [INFO] [FFMPEG] frame=14607 fps= 18 q=28.0 q=28.0 size=   80604KiB time=00:13:32.92 bitrate= 812.3kbits/s speed=0.998x elapsed=0:13:34.43
[2026-06-03T08:52:02.853Z] [INFO] [FFMPEG] frame=14616 fps= 18 q=27.0 q=28.0 size=   80625KiB time=00:13:33.44 bitrate= 812.0kbits/s speed=0.998x elapsed=0:13:34.94
[2026-06-03T08:52:03.373Z] [INFO] [FFMPEG] frame=14625 fps= 18 q=27.0 q=28.0 size=   80685KiB time=00:13:33.92 bitrate= 812.1kbits/s speed=0.998x elapsed=0:13:35.46
[2026-06-03T08:52:03.880Z] [INFO] [FFMPEG] frame=14634 fps= 18 q=28.0 q=28.0 size=   80704KiB time=00:13:34.44 bitrate= 811.8kbits/s speed=0.998x elapsed=0:13:35.96
[2026-06-03T08:52:04.404Z] [INFO] [FFMPEG] frame=14643 fps= 18 q=28.0 q=28.0 size=   80756KiB time=00:13:34.92 bitrate= 811.8kbits/s speed=0.998x elapsed=0:13:36.49
[2026-06-03T08:52:04.914Z] [INFO] [FFMPEG] frame=14653 fps= 18 q=26.0 q=28.0 size=   80810KiB time=00:13:35.48 bitrate= 811.8kbits/s speed=0.998x elapsed=0:13:37.00
[2026-06-03T08:52:05.424Z] [INFO] [FFMPEG] frame=14661 fps= 18 q=28.0 q=28.0 size=   80839KiB time=00:13:35.92 bitrate= 811.6kbits/s speed=0.998x elapsed=0:13:37.51
[2026-06-03T08:52:05.948Z] [INFO] [FFMPEG] frame=14671 fps= 18 q=27.0 q=28.0 size=   80874KiB time=00:13:36.48 bitrate= 811.4kbits/s speed=0.998x elapsed=0:13:38.03
[2026-06-03T08:52:06.468Z] [INFO] [FFMPEG] frame=14681 fps= 18 q=26.0 q=28.0 size=   80946KiB time=00:13:37.04 bitrate= 811.6kbits/s speed=0.998x elapsed=0:13:38.55
[2026-06-03T08:52:06.980Z] [INFO] [FFMPEG] frame=14690 fps= 18 q=27.0 q=28.0 size=   80969KiB time=00:13:37.56 bitrate= 811.3kbits/s speed=0.998x elapsed=0:13:39.06
[2026-06-03T08:52:07.496Z] [INFO] [FFMPEG] frame=14699 fps= 18 q=28.0 q=28.0 size=   81045KiB time=00:13:38.04 bitrate= 811.6kbits/s speed=0.998x elapsed=0:13:39.58
[2026-06-03T08:52:08.005Z] [INFO] [FFMPEG] frame=14709 fps= 18 q=26.0 q=28.0 size=   81109KiB time=00:13:38.60 bitrate= 811.7kbits/s speed=0.998x elapsed=0:13:40.09
[2026-06-03T08:52:08.532Z] [INFO] [FFMPEG] frame=14718 fps= 18 q=28.0 q=28.0 size=   81158KiB time=00:13:39.08 bitrate= 811.7kbits/s speed=0.998x elapsed=0:13:40.61
[2026-06-03T08:52:09.043Z] [INFO] [FFMPEG] frame=14727 fps= 18 q=26.0 q=28.0 size=   81206KiB time=00:13:39.60 bitrate= 811.7kbits/s speed=0.998x elapsed=0:13:41.13
[2026-06-03T08:52:09.557Z] [INFO] [FFMPEG] frame=14736 fps= 18 q=28.0 q=28.0 size=   81239KiB time=00:13:40.08 bitrate= 811.5kbits/s speed=0.998x elapsed=0:13:41.64
[2026-06-03T08:52:10.067Z] [INFO] [FFMPEG] frame=14745 fps= 18 q=26.0 q=28.0 size=   81294KiB time=00:13:40.60 bitrate= 811.6kbits/s speed=0.998x elapsed=0:13:42.15
[2026-06-03T08:52:10.592Z] [INFO] [FFMPEG] frame=14755 fps= 18 q=28.0 q=28.0 size=   81474KiB time=00:13:41.16 bitrate= 812.8kbits/s speed=0.998x elapsed=0:13:42.68
[2026-06-03T08:52:11.106Z] [INFO] [FFMPEG] frame=14764 fps= 18 q=27.0 q=28.0 size=   81524KiB time=00:13:41.64 bitrate= 812.8kbits/s speed=0.998x elapsed=0:13:43.19
[2026-06-03T08:52:11.618Z] [INFO] [FFMPEG] frame=14774 fps= 18 q=27.0 q=28.0 size=   81556KiB time=00:13:42.20 bitrate= 812.6kbits/s speed=0.998x elapsed=0:13:43.70
[2026-06-03T08:52:12.129Z] [INFO] [FFMPEG] frame=14782 fps= 18 q=27.0 q=28.0 size=   81606KiB time=00:13:42.64 bitrate= 812.6kbits/s speed=0.998x elapsed=0:13:44.21
[2026-06-03T08:52:12.644Z] [INFO] [FFMPEG] frame=14792 fps= 18 q=27.0 q=28.0 size=   81651KiB time=00:13:43.20 bitrate= 812.5kbits/s speed=0.998x elapsed=0:13:44.73
[2026-06-03T08:52:13.170Z] [INFO] [FFMPEG] frame=14802 fps= 18 q=27.0 q=28.0 size=   81735KiB time=00:13:43.76 bitrate= 812.8kbits/s speed=0.998x elapsed=0:13:45.25
[2026-06-03T08:52:13.687Z] [INFO] [FFMPEG] frame=14810 fps= 18 q=27.0 q=28.0 size=   81747KiB time=00:13:44.20 bitrate= 812.5kbits/s speed=0.998x elapsed=0:13:45.77
[2026-06-03T08:52:14.195Z] [INFO] [FFMPEG] frame=14820 fps= 18 q=26.0 q=28.0 size=   81780KiB time=00:13:44.76 bitrate= 812.3kbits/s speed=0.998x elapsed=0:13:46.28
[2026-06-03T08:52:14.707Z] [INFO] [FFMPEG] frame=14829 fps= 18 q=26.0 q=28.0 size=   81828KiB time=00:13:45.28 bitrate= 812.3kbits/s speed=0.998x elapsed=0:13:46.79
[2026-06-03T08:52:15.220Z] [INFO] [FFMPEG] frame=14838 fps= 18 q=27.0 q=28.0 size=   81864KiB time=00:13:45.76 bitrate= 812.1kbits/s speed=0.998x elapsed=0:13:47.30
[2026-06-03T08:52:15.748Z] [INFO] [FFMPEG] frame=14848 fps= 18 q=26.0 q=28.0 size=   81908KiB time=00:13:46.32 bitrate= 812.0kbits/s speed=0.998x elapsed=0:13:47.83
[2026-06-03T08:52:16.262Z] [INFO] [FFMPEG] frame=14857 fps= 18 q=28.0 q=28.0 size=   81971KiB time=00:13:46.80 bitrate= 812.2kbits/s speed=0.998x elapsed=0:13:48.34
[2026-06-03T08:52:16.775Z] [INFO] [FFMPEG] frame=14866 fps= 18 q=27.0 q=28.0 size=   82004KiB time=00:13:47.32 bitrate= 812.0kbits/s speed=0.998x elapsed=0:13:48.86
[2026-06-03T08:52:17.284Z] [INFO] [FFMPEG] frame=14876 fps= 18 q=27.0 q=28.0 size=   82055KiB time=00:13:47.84 bitrate= 812.0kbits/s speed=0.998x elapsed=0:13:49.37
[2026-06-03T08:52:17.798Z] [INFO] [FFMPEG] frame=14884 fps= 18 q=27.0 q=28.0 size=   82091KiB time=00:13:48.32 bitrate= 811.9kbits/s speed=0.998x elapsed=0:13:49.88
[2026-06-03T08:52:18.325Z] [INFO] [FFMPEG] frame=14895 fps= 18 q=28.0 q=28.0 size=   82161KiB time=00:13:48.92 bitrate= 812.0kbits/s speed=0.998x elapsed=0:13:50.41
[2026-06-03T08:52:18.840Z] [INFO] [FFMPEG] frame=14903 fps= 18 q=28.0 q=28.0 size=   82182KiB time=00:13:49.36 bitrate= 811.8kbits/s speed=0.998x elapsed=0:13:50.92
[2026-06-03T08:52:19.351Z] [INFO] [FFMPEG] frame=14913 fps= 18 q=27.0 q=28.0 size=   82248KiB time=00:13:49.92 bitrate= 811.9kbits/s speed=0.998x elapsed=0:13:51.43
[2026-06-03T08:52:19.876Z] [INFO] [FFMPEG] frame=14922 fps= 18 q=28.0 q=28.0 size=   82264KiB time=00:13:50.44 bitrate= 811.5kbits/s speed=0.998x elapsed=0:13:51.96
[2026-06-03T08:52:20.390Z] [INFO] [FFMPEG] frame=14931 fps= 18 q=28.0 q=28.0 size=   82311KiB time=00:13:50.92 bitrate= 811.5kbits/s speed=0.998x elapsed=0:13:52.47
[2026-06-03T08:52:20.906Z] [INFO] [FFMPEG] frame=14941 fps= 18 q=27.0 q=28.0 size=   82371KiB time=00:13:51.48 bitrate= 811.5kbits/s speed=0.998x elapsed=0:13:52.99
[2026-06-03T08:52:21.418Z] [INFO] [FFMPEG] frame=14950 fps= 18 q=28.0 q=28.0 size=   82401KiB time=00:13:52.00 bitrate= 811.3kbits/s speed=0.998x elapsed=0:13:53.50
[2026-06-03T08:52:21.926Z] [INFO] [FFMPEG] frame=14959 fps= 18 q=28.0 q=28.0 size=   82424KiB time=00:13:52.48 bitrate= 811.1kbits/s speed=0.998x elapsed=0:13:54.01
[2026-06-03T08:52:22.453Z] [INFO] [FFMPEG] frame=14969 fps= 18 q=28.0 q=28.0 size=   82486KiB time=00:13:53.04 bitrate= 811.2kbits/s speed=0.998x elapsed=0:13:54.54
[2026-06-03T08:52:22.965Z] [INFO] [FFMPEG] frame=14977 fps= 18 q=28.0 q=28.0 size=   82511KiB time=00:13:53.48 bitrate= 811.0kbits/s speed=0.998x elapsed=0:13:55.05
[2026-06-03T08:52:23.479Z] [INFO] [FFMPEG] frame=14987 fps= 18 q=28.0 q=28.0 size=   82583KiB time=00:13:54.04 bitrate= 811.1kbits/s speed=0.998x elapsed=0:13:55.56
[2026-06-03T08:52:23.990Z] [INFO] [FFMPEG] frame=14996 fps= 18 q=27.0 q=28.0 size=   82604KiB time=00:13:54.56 bitrate= 810.8kbits/s speed=0.998x elapsed=0:13:56.07
[2026-06-03T08:52:24.503Z] [INFO] [FFMPEG] frame=15005 fps= 18 q=28.0 q=28.0 size=   82788KiB time=00:13:55.04 bitrate= 812.2kbits/s speed=0.998x elapsed=0:13:56.59
[2026-06-03T08:52:25.030Z] [INFO] [FFMPEG] frame=15015 fps= 18 q=26.0 q=28.0 size=   82839KiB time=00:13:55.60 bitrate= 812.1kbits/s speed=0.998x elapsed=0:13:57.11
[2026-06-03T08:52:25.543Z] [INFO] [FFMPEG] frame=15024 fps= 18 q=27.0 q=28.0 size=   82879KiB time=00:13:56.08 bitrate= 812.1kbits/s speed=0.998x elapsed=0:13:57.63
[2026-06-03T08:52:26.056Z] [INFO] [FFMPEG] frame=15033 fps= 18 q=26.0 q=28.0 size=   82938KiB time=00:13:56.60 bitrate= 812.1kbits/s speed=0.998x elapsed=0:13:58.14
[2026-06-03T08:52:26.567Z] [INFO] [FFMPEG] frame=15043 fps= 18 q=26.0 q=28.0 size=   82958KiB time=00:13:57.16 bitrate= 811.8kbits/s speed=0.998x elapsed=0:13:58.65
[2026-06-03T08:52:27.083Z] [INFO] [FFMPEG] frame=15051 fps= 18 q=26.0 q=28.0 size=   83012KiB time=00:13:57.60 bitrate= 811.9kbits/s speed=0.998x elapsed=0:13:59.17
[2026-06-03T08:52:27.597Z] [INFO] [FFMPEG] frame=15061 fps= 18 q=26.0 q=28.0 size=   83063KiB time=00:13:58.16 bitrate= 811.8kbits/s speed=0.998x elapsed=0:13:59.68
[2026-06-03T08:52:28.113Z] [INFO] [FFMPEG] frame=15070 fps= 18 q=27.0 q=28.0 size=   83119KiB time=00:13:58.64 bitrate= 811.9kbits/s speed=0.998x elapsed=0:14:00.20
[2026-06-03T08:52:28.641Z] [INFO] [FFMPEG] frame=15080 fps= 18 q=27.0 q=28.0 size=   83168KiB time=00:13:59.20 bitrate= 811.9kbits/s speed=0.998x elapsed=0:14:00.72
[2026-06-03T08:52:29.153Z] [INFO] [FFMPEG] frame=15089 fps= 18 q=26.0 q=28.0 size=   83213KiB time=00:13:59.72 bitrate= 811.8kbits/s speed=0.998x elapsed=0:14:01.24
[2026-06-03T08:52:29.444Z] [INFO] [FFMPEG] [segment @ 0000022082052b80] Opening '//192.168.19.189/encova/cam01/2026/06/03/15-52-29.mp4' for writing
[2026-06-03T08:52:29.664Z] [INFO] [FFMPEG] frame=15098 fps= 18 q=27.0 q=28.0 size=   83251KiB time=00:14:00.20 bitrate= 811.7kbits/s speed=0.998x elapsed=0:14:01.75
[2026-06-03T08:52:30.175Z] [INFO] [FFMPEG] frame=15108 fps= 18 q=27.0 q=28.0 size=   83305KiB time=00:14:00.76 bitrate= 811.7kbits/s speed=0.998x elapsed=0:14:02.26
[2026-06-03T08:52:30.702Z] [INFO] [FFMPEG] frame=15117 fps= 18 q=28.0 q=28.0 size=   83340KiB time=00:14:01.28 bitrate= 811.5kbits/s speed=0.998x elapsed=0:14:02.78
[2026-06-03T08:52:31.215Z] [INFO] [FFMPEG] frame=15126 fps= 18 q=27.0 q=28.0 size=   83412KiB time=00:14:01.76 bitrate= 811.8kbits/s speed=0.998x elapsed=0:14:03.30
[2026-06-03T08:52:31.722Z] [INFO] [FFMPEG] frame=15136 fps= 18 q=27.0 q=28.0 size=   83450KiB time=00:14:02.32 bitrate= 811.6kbits/s speed=0.998x elapsed=0:14:03.81
[2026-06-03T08:52:32.236Z] [INFO] [FFMPEG] frame=15144 fps= 18 q=26.0 q=28.0 size=   83494KiB time=00:14:02.76 bitrate= 811.6kbits/s speed=0.998x elapsed=0:14:04.32
[2026-06-03T08:52:32.765Z] [INFO] [FFMPEG] frame=15154 fps= 18 q=27.0 q=28.0 size=   83531KiB time=00:14:03.32 bitrate= 811.4kbits/s speed=0.998x elapsed=0:14:04.85
[2026-06-03T08:52:33.278Z] [INFO] [FFMPEG] frame=15164 fps= 18 q=27.0 q=28.0 size=   83584KiB time=00:14:03.88 bitrate= 811.4kbits/s speed=0.998x elapsed=0:14:05.36
[2026-06-03T08:52:33.792Z] [INFO] [FFMPEG] frame=15172 fps= 18 q=26.0 q=28.0 size=   83614KiB time=00:14:04.32 bitrate= 811.3kbits/s speed=0.998x elapsed=0:14:05.88
[2026-06-03T08:52:34.303Z] [INFO] [FFMPEG] frame=15182 fps= 18 q=28.0 q=28.0 size=   83680KiB time=00:14:04.88 bitrate= 811.4kbits/s speed=0.998x elapsed=0:14:06.39
[2026-06-03T08:52:34.818Z] [INFO] [FFMPEG] frame=15191 fps= 18 q=28.0 q=28.0 size=   83710KiB time=00:14:05.36 bitrate= 811.2kbits/s speed=0.998x elapsed=0:14:06.90
[2026-06-03T08:52:35.330Z] [INFO] [FFMPEG] frame=15201 fps= 18 q=27.0 q=28.0 size=   83788KiB time=00:14:05.92 bitrate= 811.4kbits/s speed=0.998x elapsed=0:14:07.41
[2026-06-03T08:52:35.859Z] [INFO] [FFMPEG] frame=15210 fps= 18 q=27.0 q=28.0 size=   83813KiB time=00:14:06.44 bitrate= 811.2kbits/s speed=0.998x elapsed=0:14:07.94
[2026-06-03T08:52:36.372Z] [INFO] [FFMPEG] frame=15219 fps= 18 q=26.0 q=28.0 size=   83875KiB time=00:14:06.92 bitrate= 811.3kbits/s speed=0.998x elapsed=0:14:08.45
[2026-06-03T08:52:36.887Z] [INFO] [FFMPEG] frame=15228 fps= 18 q=28.0 q=28.0 size=   83899KiB time=00:14:07.44 bitrate= 811.0kbits/s speed=0.998x elapsed=0:14:08.97
[2026-06-03T08:52:37.403Z] [INFO] [FFMPEG] frame=15237 fps= 18 q=28.0 q=28.0 size=   83972KiB time=00:14:07.92 bitrate= 811.3kbits/s speed=0.998x elapsed=0:14:09.49
[2026-06-03T08:52:37.912Z] [INFO] [FFMPEG] frame=15247 fps= 18 q=27.0 q=28.0 size=   84003KiB time=00:14:08.48 bitrate= 811.0kbits/s speed=0.998x elapsed=0:14:09.99
[2026-06-03T08:52:38.425Z] [INFO] [FFMPEG] frame=15256 fps= 18 q=28.0 q=28.0 size=   84188KiB time=00:14:09.00 bitrate= 812.3kbits/s speed=0.998x elapsed=0:14:10.51
[2026-06-03T08:52:38.950Z] [INFO] [FFMPEG] frame=15265 fps= 18 q=26.0 q=28.0 size=   84222KiB time=00:14:09.48 bitrate= 812.2kbits/s speed=0.998x elapsed=0:14:11.03
[2026-06-03T08:52:39.463Z] [INFO] [FFMPEG] frame=15275 fps= 18 q=28.0 q=28.0 size=   84291KiB time=00:14:10.04 bitrate= 812.3kbits/s speed=0.998x elapsed=0:14:11.55
[2026-06-03T08:52:39.973Z] [INFO] [FFMPEG] frame=15283 fps= 18 q=28.0 q=28.0 size=   84330KiB time=00:14:10.48 bitrate= 812.3kbits/s speed=0.998x elapsed=0:14:12.06
[2026-06-03T08:52:40.490Z] [INFO] [FFMPEG] frame=15293 fps= 18 q=28.0 q=28.0 size=   84383KiB time=00:14:11.04 bitrate= 812.3kbits/s speed=0.998x elapsed=0:14:12.57
[2026-06-03T08:52:41.004Z] [INFO] [FFMPEG] frame=15303 fps= 18 q=28.0 q=28.0 size=   84422KiB time=00:14:11.60 bitrate= 812.1kbits/s speed=0.998x elapsed=0:14:13.09
[2026-06-03T08:52:41.528Z] [INFO] [FFMPEG] frame=15312 fps= 18 q=28.0 q=28.0 size=   84461KiB time=00:14:12.08 bitrate= 812.0kbits/s speed=0.998x elapsed=0:14:13.61
[2026-06-03T08:52:42.042Z] [INFO] [FFMPEG] frame=15321 fps= 18 q=26.0 q=28.0 size=   84519KiB time=00:14:12.60 bitrate= 812.1kbits/s speed=0.998x elapsed=0:14:14.12
[2026-06-03T08:52:42.553Z] [INFO] [FFMPEG] frame=15330 fps= 18 q=28.0 q=28.0 size=   84562KiB time=00:14:13.08 bitrate= 812.0kbits/s speed=0.998x elapsed=0:14:14.64
[2026-06-03T08:52:43.069Z] [INFO] [FFMPEG] frame=15339 fps= 18 q=26.0 q=28.0 size=   84604KiB time=00:14:13.60 bitrate= 811.9kbits/s speed=0.998x elapsed=0:14:15.15
[2026-06-03T08:52:43.584Z] [INFO] [FFMPEG] frame=15349 fps= 18 q=26.0 q=28.0 size=   84654KiB time=00:14:14.16 bitrate= 811.9kbits/s speed=0.998x elapsed=0:14:15.67
[2026-06-03T08:52:44.110Z] [INFO] [FFMPEG] frame=15358 fps= 18 q=27.0 q=28.0 size=   84698KiB time=00:14:14.64 bitrate= 811.9kbits/s speed=0.998x elapsed=0:14:16.19
[2026-06-03T08:52:44.622Z] [INFO] [FFMPEG] frame=15368 fps= 18 q=27.0 q=28.0 size=   84745KiB time=00:14:15.20 bitrate= 811.8kbits/s speed=0.998x elapsed=0:14:16.71
[2026-06-03T08:52:45.135Z] [INFO] [FFMPEG] frame=15377 fps= 18 q=28.0 q=28.0 size=   84786KiB time=00:14:15.72 bitrate= 811.7kbits/s speed=0.998x elapsed=0:14:17.22
[2026-06-03T08:52:45.646Z] [INFO] [FFMPEG] frame=15386 fps= 18 q=27.0 q=28.0 size=   84828KiB time=00:14:16.20 bitrate= 811.6kbits/s speed=0.998x elapsed=0:14:17.73
[2026-06-03T08:52:46.161Z] [INFO] [FFMPEG] frame=15396 fps= 18 q=27.0 q=28.0 size=   84892KiB time=00:14:16.76 bitrate= 811.7kbits/s speed=0.998x elapsed=0:14:18.24
[2026-06-03T08:52:46.675Z] [INFO] [FFMPEG] frame=15404 fps= 18 q=27.0 q=28.0 size=   84914KiB time=00:14:17.20 bitrate= 811.5kbits/s speed=0.998x elapsed=0:14:18.76
[2026-06-03T08:52:47.203Z] [INFO] [FFMPEG] frame=15414 fps= 18 q=27.0 q=28.0 size=   84964KiB time=00:14:17.76 bitrate= 811.4kbits/s speed=0.998x elapsed=0:14:19.29
[2026-06-03T08:52:47.718Z] [INFO] [FFMPEG] frame=15424 fps= 18 q=26.0 q=28.0 size=   85013KiB time=00:14:18.32 bitrate= 811.4kbits/s speed=0.998x elapsed=0:14:19.80
[2026-06-03T08:52:48.230Z] [INFO] [FFMPEG] frame=15432 fps= 18 q=27.0 q=28.0 size=   85045KiB time=00:14:18.76 bitrate= 811.3kbits/s speed=0.998x elapsed=0:14:20.31
[2026-06-03T08:52:48.742Z] [INFO] [FFMPEG] frame=15442 fps= 18 q=27.0 q=28.0 size=   85095KiB time=00:14:19.32 bitrate= 811.2kbits/s speed=0.998x elapsed=0:14:20.83
[2026-06-03T08:52:49.256Z] [INFO] [FFMPEG] frame=15451 fps= 18 q=27.0 q=28.0 size=   85156KiB time=00:14:19.80 bitrate= 811.3kbits/s speed=0.998x elapsed=0:14:21.34
[2026-06-03T08:52:49.768Z] [INFO] [FFMPEG] frame=15460 fps= 18 q=27.0 q=28.0 size=   85190KiB time=00:14:20.32 bitrate= 811.2kbits/s speed=0.998x elapsed=0:14:21.85
[2026-06-03T08:52:50.283Z] [INFO] [FFMPEG] frame=15469 fps= 18 q=28.0 q=28.0 size=   85250KiB time=00:14:20.80 bitrate= 811.3kbits/s speed=0.998x elapsed=0:14:22.37
[2026-06-03T08:52:50.811Z] [INFO] [FFMPEG] frame=15479 fps= 18 q=27.0 q=28.0 size=   85278KiB time=00:14:21.36 bitrate= 811.0kbits/s speed=0.998x elapsed=0:14:22.89
[2026-06-03T08:52:51.322Z] [INFO] [FFMPEG] frame=15488 fps= 18 q=28.0 q=28.0 size=   85341KiB time=00:14:21.88 bitrate= 811.1kbits/s speed=0.998x elapsed=0:14:23.41
[2026-06-03T08:52:51.832Z] [INFO] [FFMPEG] frame=15497 fps= 18 q=28.0 q=28.0 size=   85375KiB time=00:14:22.36 bitrate= 811.0kbits/s speed=0.998x elapsed=0:14:23.91
[2026-06-03T08:52:52.357Z] [INFO] [FFMPEG] frame=15507 fps= 18 q=27.0 q=28.0 size=   85563KiB time=00:14:22.92 bitrate= 812.3kbits/s speed=0.998x elapsed=0:14:24.44
[2026-06-03T08:52:52.870Z] [INFO] [FFMPEG] frame=15516 fps= 18 q=27.0 q=28.0 size=   85587KiB time=00:14:23.44 bitrate= 812.0kbits/s speed=0.998x elapsed=0:14:24.95
[2026-06-03T08:52:53.382Z] [INFO] [FFMPEG] frame=15525 fps= 18 q=28.0 q=28.0 size=   85649KiB time=00:14:23.92 bitrate= 812.2kbits/s speed=0.998x elapsed=0:14:25.46
[2026-06-03T08:52:53.894Z] [INFO] [FFMPEG] frame=15535 fps= 18 q=28.0 q=28.0 size=   85683KiB time=00:14:24.48 bitrate= 812.0kbits/s speed=0.998x elapsed=0:14:25.98
[2026-06-03T08:52:54.421Z] [INFO] [FFMPEG] frame=15543 fps= 18 q=28.0 q=28.0 size=   85731KiB time=00:14:24.92 bitrate= 812.0kbits/s speed=0.998x elapsed=0:14:26.50
[2026-06-03T08:52:54.928Z] [INFO] [FFMPEG] frame=15553 fps= 18 q=28.0 q=28.0 size=   85766KiB time=00:14:25.48 bitrate= 811.8kbits/s speed=0.998x elapsed=0:14:27.01
[2026-06-03T08:52:55.454Z] [INFO] [FFMPEG] frame=15563 fps= 18 q=28.0 q=28.0 size=   85837KiB time=00:14:26.04 bitrate= 811.9kbits/s speed=0.998x elapsed=0:14:27.54
[2026-06-03T08:52:55.966Z] [INFO] [FFMPEG] frame=15571 fps= 18 q=28.0 q=28.0 size=   85863KiB time=00:14:26.48 bitrate= 811.8kbits/s speed=0.998x elapsed=0:14:28.05
[2026-06-03T08:52:56.480Z] [INFO] [FFMPEG] frame=15581 fps= 18 q=28.0 q=28.0 size=   85932KiB time=00:14:27.04 bitrate= 811.9kbits/s speed=0.998x elapsed=0:14:28.56
[2026-06-03T08:52:56.990Z] [INFO] [FFMPEG] frame=15590 fps= 18 q=28.0 q=28.0 size=   85951KiB time=00:14:27.56 bitrate= 811.6kbits/s speed=0.998x elapsed=0:14:29.07
[2026-06-03T08:52:57.503Z] [INFO] [FFMPEG] frame=15599 fps= 18 q=28.0 q=28.0 size=   86012KiB time=00:14:28.04 bitrate= 811.7kbits/s speed=0.998x elapsed=0:14:29.59
[2026-06-03T08:52:58.032Z] [INFO] [FFMPEG] frame=15609 fps= 18 q=26.0 q=28.0 size=   86054KiB time=00:14:28.60 bitrate= 811.6kbits/s speed=0.998x elapsed=0:14:30.11
[2026-06-03T08:52:58.547Z] [INFO] [FFMPEG] frame=15618 fps= 18 q=28.0 q=28.0 size=   86097KiB time=00:14:29.08 bitrate= 811.6kbits/s speed=0.998x elapsed=0:14:30.63
[2026-06-03T08:52:59.057Z] [INFO] [FFMPEG] frame=15627 fps= 18 q=28.0 q=28.0 size=   86146KiB time=00:14:29.60 bitrate= 811.5kbits/s speed=0.998x elapsed=0:14:31.14
[2026-06-03T08:52:59.569Z] [INFO] [FFMPEG] frame=15636 fps= 18 q=28.0 q=28.0 size=   86168KiB time=00:14:30.08 bitrate= 811.3kbits/s speed=0.998x elapsed=0:14:31.65
[2026-06-03T08:53:00.081Z] [INFO] [FFMPEG] frame=15645 fps= 18 q=26.0 q=28.0 size=   86220KiB time=00:14:30.60 bitrate= 811.3kbits/s speed=0.998x elapsed=0:14:32.16
[2026-06-03T08:53:00.608Z] [INFO] [FFMPEG] frame=15655 fps= 18 q=26.0 q=28.0 size=   86270KiB time=00:14:31.16 bitrate= 811.2kbits/s speed=0.998x elapsed=0:14:32.69
[2026-06-03T08:53:01.122Z] [INFO] [FFMPEG] frame=15665 fps= 18 q=28.0 q=28.0 size=   86306KiB time=00:14:31.68 bitrate= 811.1kbits/s speed=0.998x elapsed=0:14:33.20
[2026-06-03T08:53:01.634Z] [INFO] [FFMPEG] frame=15674 fps= 18 q=27.0 q=28.0 size=   86349KiB time=00:14:32.20 bitrate= 811.0kbits/s speed=0.998x elapsed=0:14:33.72
[2026-06-03T08:53:02.151Z] [INFO] [FFMPEG] frame=15683 fps= 18 q=26.0 q=28.0 size=   86390KiB time=00:14:32.72 bitrate= 810.9kbits/s speed=0.998x elapsed=0:14:34.23
[2026-06-03T08:53:02.664Z] [INFO] [FFMPEG] frame=15692 fps= 18 q=27.0 q=28.0 size=   86437KiB time=00:14:33.20 bitrate= 810.9kbits/s speed=0.998x elapsed=0:14:34.75
[2026-06-03T08:53:03.173Z] [INFO] [FFMPEG] frame=15702 fps= 18 q=27.0 q=28.0 size=   86474KiB time=00:14:33.76 bitrate= 810.7kbits/s speed=0.998x elapsed=0:14:35.26
[2026-06-03T08:53:03.702Z] [INFO] [FFMPEG] frame=15711 fps= 18 q=28.0 q=28.0 size=   86518KiB time=00:14:34.28 bitrate= 810.7kbits/s speed=0.998x elapsed=0:14:35.78
[2026-06-03T08:53:04.210Z] [INFO] [FFMPEG] frame=15720 fps= 18 q=27.0 q=28.0 size=   86559KiB time=00:14:34.76 bitrate= 810.6kbits/s speed=0.998x elapsed=0:14:36.29
[2026-06-03T08:53:04.723Z] [INFO] [FFMPEG] frame=15730 fps= 18 q=27.0 q=28.0 size=   86601KiB time=00:14:35.32 bitrate= 810.5kbits/s speed=0.998x elapsed=0:14:36.81
[2026-06-03T08:53:05.237Z] [INFO] [FFMPEG] frame=15738 fps= 18 q=26.0 q=28.0 size=   86637KiB time=00:14:35.76 bitrate= 810.4kbits/s speed=0.998x elapsed=0:14:37.32
[2026-06-03T08:53:05.759Z] [INFO] [FFMPEG] frame=15748 fps= 18 q=27.0 q=28.0 size=   86675KiB time=00:14:36.32 bitrate= 810.3kbits/s speed=0.998x elapsed=0:14:37.84
[2026-06-03T08:53:06.267Z] [INFO] [FFMPEG] frame=15757 fps= 18 q=28.0 q=28.0 size=   86887KiB time=00:14:36.80 bitrate= 811.8kbits/s speed=0.998x elapsed=0:14:38.35
[2026-06-03T08:53:06.792Z] [INFO] [FFMPEG] frame=15766 fps= 18 q=27.0 q=28.0 size=   86917KiB time=00:14:37.32 bitrate= 811.6kbits/s speed=0.998x elapsed=0:14:38.87
[2026-06-03T08:53:07.305Z] [INFO] [FFMPEG] frame=15776 fps= 18 q=28.0 q=28.0 size=   86980KiB time=00:14:37.88 bitrate= 811.7kbits/s speed=0.998x elapsed=0:14:39.39
[2026-06-03T08:53:07.818Z] [INFO] [FFMPEG] frame=15785 fps= 18 q=28.0 q=28.0 size=   87009KiB time=00:14:38.36 bitrate= 811.5kbits/s speed=0.998x elapsed=0:14:39.90
[2026-06-03T08:53:08.330Z] [INFO] [FFMPEG] frame=15795 fps= 18 q=28.0 q=28.0 size=   87079KiB time=00:14:38.92 bitrate= 811.6kbits/s speed=0.998x elapsed=0:14:40.41
[2026-06-03T08:53:08.846Z] [INFO] [FFMPEG] frame=15804 fps= 18 q=27.0 q=28.0 size=   87085KiB time=00:14:39.44 bitrate= 811.2kbits/s speed=0.998x elapsed=0:14:40.93
[2026-06-03T08:53:09.374Z] [INFO] [FFMPEG] frame=15813 fps= 18 q=28.0 q=28.0 size=   87144KiB time=00:14:39.92 bitrate= 811.3kbits/s speed=0.998x elapsed=0:14:41.46
[2026-06-03T08:53:09.888Z] [INFO] [FFMPEG] frame=15822 fps= 18 q=27.0 q=28.0 size=   87179KiB time=00:14:40.44 bitrate= 811.2kbits/s speed=0.998x elapsed=0:14:41.97
[2026-06-03T08:53:10.402Z] [INFO] [FFMPEG] frame=15831 fps= 18 q=28.0 q=28.0 size=   87241KiB time=00:14:40.92 bitrate= 811.3kbits/s speed=0.998x elapsed=0:14:42.49
[2026-06-03T08:53:10.912Z] [INFO] [FFMPEG] frame=15841 fps= 18 q=27.0 q=28.0 size=   87269KiB time=00:14:41.48 bitrate= 811.0kbits/s speed=0.998x elapsed=0:14:42.99
[2026-06-03T08:53:11.423Z] [INFO] [FFMPEG] frame=15850 fps= 18 q=28.0 q=28.0 size=   87328KiB time=00:14:42.00 bitrate= 811.1kbits/s speed=0.998x elapsed=0:14:43.51
[2026-06-03T08:53:11.948Z] [INFO] [FFMPEG] frame=15859 fps= 18 q=26.0 q=28.0 size=   87352KiB time=00:14:42.48 bitrate= 810.9kbits/s speed=0.998x elapsed=0:14:44.03
[2026-06-03T08:53:12.459Z] [INFO] [FFMPEG] frame=15869 fps= 18 q=28.0 q=28.0 size=   87420KiB time=00:14:43.04 bitrate= 811.0kbits/s speed=0.998x elapsed=0:14:44.54
[2026-06-03T08:53:12.970Z] [INFO] [FFMPEG] frame=15877 fps= 18 q=27.0 q=28.0 size=   87433KiB time=00:14:43.48 bitrate= 810.7kbits/s speed=0.998x elapsed=0:14:45.05
[2026-06-03T08:53:13.493Z] [INFO] [FFMPEG] frame=15887 fps= 18 q=26.0 q=28.0 size=   87493KiB time=00:14:44.04 bitrate= 810.8kbits/s speed=0.998x elapsed=0:14:45.58
[2026-06-03T08:53:14.004Z] [INFO] [FFMPEG] frame=15897 fps= 18 q=28.0 q=28.0 size=   87537KiB time=00:14:44.60 bitrate= 810.6kbits/s speed=0.998x elapsed=0:14:46.09
[2026-06-03T08:53:14.530Z] [INFO] [FFMPEG] frame=15906 fps= 18 q=28.0 q=28.0 size=   87585KiB time=00:14:45.08 bitrate= 810.7kbits/s speed=0.998x elapsed=0:14:46.61
[2026-06-03T08:53:15.044Z] [INFO] [FFMPEG] frame=15915 fps= 18 q=28.0 q=28.0 size=   87633KiB time=00:14:45.60 bitrate= 810.6kbits/s speed=0.998x elapsed=0:14:47.13
[2026-06-03T08:53:15.555Z] [INFO] [FFMPEG] frame=15924 fps= 18 q=28.0 q=28.0 size=   87664KiB time=00:14:46.08 bitrate= 810.5kbits/s speed=0.998x elapsed=0:14:47.64
[2026-06-03T08:53:16.064Z] [INFO] [FFMPEG] frame=15933 fps= 18 q=28.0 q=28.0 size=   87717KiB time=00:14:46.60 bitrate= 810.5kbits/s speed=0.998x elapsed=0:14:48.15
[2026-06-03T08:53:16.592Z] [INFO] [FFMPEG] frame=15943 fps= 18 q=26.0 q=28.0 size=   87759KiB time=00:14:47.16 bitrate= 810.4kbits/s speed=0.998x elapsed=0:14:48.67
[2026-06-03T08:53:17.107Z] [INFO] [FFMPEG] frame=15952 fps= 18 q=27.0 q=28.0 size=   87793KiB time=00:14:47.64 bitrate= 810.2kbits/s speed=0.998x elapsed=0:14:49.19
[2026-06-03T08:53:17.616Z] [INFO] [FFMPEG] frame=15962 fps= 18 q=27.0 q=28.0 size=   87843KiB time=00:14:48.20 bitrate= 810.2kbits/s speed=0.998x elapsed=0:14:49.70
[2026-06-03T08:53:18.129Z] [INFO] [FFMPEG] frame=15970 fps= 18 q=27.0 q=28.0 size=   87884KiB time=00:14:48.64 bitrate= 810.2kbits/s speed=0.998x elapsed=0:14:50.21
[2026-06-03T08:53:18.652Z] [INFO] [FFMPEG] frame=15980 fps= 18 q=27.0 q=28.0 size=   87926KiB time=00:14:49.20 bitrate= 810.0kbits/s speed=0.998x elapsed=0:14:50.74
[2026-06-03T08:53:19.166Z] [INFO] [FFMPEG] frame=15990 fps= 18 q=27.0 q=28.0 size=   87972KiB time=00:14:49.76 bitrate= 810.0kbits/s speed=0.998x elapsed=0:14:51.25
[2026-06-03T08:53:19.681Z] [INFO] [FFMPEG] frame=15998 fps= 18 q=27.0 q=28.0 size=   88016KiB time=00:14:50.20 bitrate= 810.0kbits/s speed=0.998x elapsed=0:14:51.76
[2026-06-03T08:53:20.196Z] [INFO] [FFMPEG] frame=16008 fps= 18 q=27.0 q=28.0 size=   88222KiB time=00:14:50.76 bitrate= 811.3kbits/s speed=0.998x elapsed=0:14:52.28
[2026-06-03T08:53:20.706Z] [INFO] [FFMPEG] frame=16017 fps= 18 q=28.0 q=28.0 size=   88259KiB time=00:14:51.28 bitrate= 811.2kbits/s speed=0.998x elapsed=0:14:52.79
[2026-06-03T08:53:21.232Z] [INFO] [FFMPEG] frame=16026 fps= 18 q=27.0 q=28.0 size=   88303KiB time=00:14:51.76 bitrate= 811.2kbits/s speed=0.998x elapsed=0:14:53.32
[2026-06-03T08:53:21.746Z] [INFO] [FFMPEG] frame=16036 fps= 18 q=27.0 q=28.0 size=   88348KiB time=00:14:52.32 bitrate= 811.1kbits/s speed=0.998x elapsed=0:14:53.83
[2026-06-03T08:53:22.258Z] [INFO] [FFMPEG] frame=16045 fps= 18 q=27.0 q=28.0 size=   88402KiB time=00:14:52.80 bitrate= 811.1kbits/s speed=0.998x elapsed=0:14:54.34
[2026-06-03T08:53:22.769Z] [INFO] [FFMPEG] frame=16054 fps= 18 q=27.0 q=28.0 size=   88438KiB time=00:14:53.32 bitrate= 811.0kbits/s speed=0.998x elapsed=0:14:54.85
[2026-06-03T08:53:23.293Z] [INFO] [FFMPEG] frame=16064 fps= 18 q=27.0 q=28.0 size=   88500KiB time=00:14:53.88 bitrate= 811.1kbits/s speed=0.998x elapsed=0:14:55.38
[2026-06-03T08:53:23.803Z] [INFO] [FFMPEG] frame=16072 fps= 18 q=26.0 q=28.0 size=   88514KiB time=00:14:54.32 bitrate= 810.8kbits/s speed=0.998x elapsed=0:14:55.89
[2026-06-03T08:53:24.328Z] [INFO] [FFMPEG] frame=16083 fps= 18 q=27.0 q=28.0 size=   88575KiB time=00:14:54.92 bitrate= 810.8kbits/s speed=0.998x elapsed=0:14:56.41
[2026-06-03T08:53:24.839Z] [INFO] [FFMPEG] frame=16092 fps= 18 q=27.0 q=28.0 size=   88610KiB time=00:14:55.44 bitrate= 810.7kbits/s speed=0.998x elapsed=0:14:56.92
[2026-06-03T08:53:25.348Z] [INFO] [FFMPEG] frame=16101 fps= 18 q=27.0 q=28.0 size=   88672KiB time=00:14:55.92 bitrate= 810.8kbits/s speed=0.998x elapsed=0:14:57.43
[2026-06-03T08:53:25.861Z] [INFO] [FFMPEG] frame=16110 fps= 18 q=28.0 q=28.0 size=   88698KiB time=00:14:56.44 bitrate= 810.6kbits/s speed=0.998x elapsed=0:14:57.94
[2026-06-03T08:53:26.377Z] [INFO] [FFMPEG] frame=16119 fps= 18 q=28.0 q=28.0 size=   88769KiB time=00:14:56.92 bitrate= 810.8kbits/s speed=0.998x elapsed=0:14:58.46
[2026-06-03T08:53:26.892Z] [INFO] [FFMPEG] frame=16128 fps= 18 q=27.0 q=28.0 size=   88800KiB time=00:14:57.44 bitrate= 810.6kbits/s speed=0.998x elapsed=0:14:58.97
[2026-06-03T08:53:27.421Z] [INFO] [FFMPEG] frame=16138 fps= 18 q=28.0 q=28.0 size=   88881KiB time=00:14:58.00 bitrate= 810.8kbits/s speed=0.998x elapsed=0:14:59.50
[2026-06-03T08:53:27.933Z] [INFO] [FFMPEG] frame=16147 fps= 18 q=27.0 q=28.0 size=   88907KiB time=00:14:58.48 bitrate= 810.6kbits/s speed=0.998x elapsed=0:15:00.02
[2026-06-03T08:53:28.447Z] [INFO] [FFMPEG] frame=16157 fps= 18 q=26.0 q=28.0 size=   88983KiB time=00:14:59.04 bitrate= 810.8kbits/s speed=0.998x elapsed=0:15:00.53
[2026-06-03T08:53:28.959Z] [INFO] [FFMPEG] frame=16165 fps= 18 q=27.0 q=28.0 size=   88999KiB time=00:14:59.48 bitrate= 810.6kbits/s speed=0.998x elapsed=0:15:01.04
[2026-06-03T08:53:29.471Z] [INFO] [FFMPEG] frame=16175 fps= 18 q=28.0 q=28.0 size=   89065KiB time=00:15:00.04 bitrate= 810.7kbits/s speed=0.998x elapsed=0:15:01.55
[2026-06-03T08:53:29.487Z] [INFO] [FFMPEG] [segment @ 0000022082052b80] Opening '//192.168.19.189/encova/cam01/2026/06/03/15-53-29.mp4' for writing
[2026-06-03T08:53:30.001Z] [INFO] [FFMPEG] frame=16184 fps= 18 q=28.0 q=28.0 size=   89115KiB time=00:15:00.56 bitrate= 810.6kbits/s speed=0.998x elapsed=0:15:02.08
[2026-06-03T08:53:30.509Z] [INFO] [FFMPEG] frame=16193 fps= 18 q=28.0 q=28.0 size=   89156KiB time=00:15:01.04 bitrate= 810.6kbits/s speed=0.998x elapsed=0:15:02.59
[2026-06-03T08:53:31.023Z] [INFO] [FFMPEG] frame=16203 fps= 18 q=28.0 q=28.0 size=   89216KiB time=00:15:01.60 bitrate= 810.6kbits/s speed=0.998x elapsed=0:15:03.11
[2026-06-03T08:53:31.535Z] [INFO] [FFMPEG] frame=16212 fps= 18 q=27.0 q=28.0 size=   89257KiB time=00:15:02.08 bitrate= 810.6kbits/s speed=0.998x elapsed=0:15:03.62
[2026-06-03T08:53:32.050Z] [INFO] [FFMPEG] frame=16221 fps= 18 q=28.0 q=28.0 size=   89304KiB time=00:15:02.60 bitrate= 810.5kbits/s speed=0.998x elapsed=0:15:04.13
[2026-06-03T08:53:32.577Z] [INFO] [FFMPEG] frame=16231 fps= 18 q=26.0 q=28.0 size=   89359KiB time=00:15:03.16 bitrate= 810.5kbits/s speed=0.998x elapsed=0:15:04.66
[2026-06-03T08:53:33.090Z] [INFO] [FFMPEG] frame=16239 fps= 18 q=28.0 q=28.0 size=   89402KiB time=00:15:03.60 bitrate= 810.5kbits/s speed=0.998x elapsed=0:15:05.17
[2026-06-03T08:53:33.599Z] [INFO] [FFMPEG] frame=16249 fps= 18 q=28.0 q=28.0 size=   89457KiB time=00:15:04.16 bitrate= 810.5kbits/s speed=0.998x elapsed=0:15:05.68
[2026-06-03T08:53:34.111Z] [INFO] [FFMPEG] frame=16258 fps= 18 q=27.0 q=28.0 size=   89641KiB time=00:15:04.64 bitrate= 811.7kbits/s speed=0.998x elapsed=0:15:06.19
[2026-06-03T08:53:34.637Z] [INFO] [FFMPEG] frame=16268 fps= 18 q=27.0 q=28.0 size=   89678KiB time=00:15:05.20 bitrate= 811.6kbits/s speed=0.998x elapsed=0:15:06.72
[2026-06-03T08:53:35.153Z] [INFO] [FFMPEG] frame=16277 fps= 18 q=26.0 q=28.0 size=   89746KiB time=00:15:05.72 bitrate= 811.7kbits/s speed=0.998x elapsed=0:15:07.24
[2026-06-03T08:53:35.663Z] [INFO] [FFMPEG] frame=16286 fps= 18 q=27.0 q=28.0 size=   89777KiB time=00:15:06.20 bitrate= 811.6kbits/s speed=0.998x elapsed=0:15:07.75
[2026-06-03T08:53:36.174Z] [INFO] [FFMPEG] frame=16296 fps= 18 q=26.0 q=28.0 size=   89816KiB time=00:15:06.76 bitrate= 811.4kbits/s speed=0.998x elapsed=0:15:08.26
[2026-06-03T08:53:36.701Z] [INFO] [FFMPEG] frame=16305 fps= 18 q=28.0 q=28.0 size=   89871KiB time=00:15:07.28 bitrate= 811.5kbits/s speed=0.998x elapsed=0:15:08.78
[2026-06-03T08:53:37.210Z] [INFO] [FFMPEG] frame=16314 fps= 18 q=27.0 q=28.0 size=   89913KiB time=00:15:07.76 bitrate= 811.4kbits/s speed=0.998x elapsed=0:15:09.29
[2026-06-03T08:53:37.724Z] [INFO] [FFMPEG] frame=16323 fps= 18 q=28.0 q=28.0 size=   89964KiB time=00:15:08.28 bitrate= 811.4kbits/s speed=0.998x elapsed=0:15:09.81
[2026-06-03T08:53:38.240Z] [INFO] [FFMPEG] frame=16332 fps= 18 q=27.0 q=28.0 size=   90003KiB time=00:15:08.76 bitrate= 811.3kbits/s speed=0.998x elapsed=0:15:10.32
[2026-06-03T08:53:38.763Z] [INFO] [FFMPEG] frame=16342 fps= 18 q=26.0 q=28.0 size=   90051KiB time=00:15:09.32 bitrate= 811.3kbits/s speed=0.998x elapsed=0:15:10.85
[2026-06-03T08:53:39.274Z] [INFO] [FFMPEG] frame=16352 fps= 18 q=27.0 q=28.0 size=   90108KiB time=00:15:09.88 bitrate= 811.3kbits/s speed=0.998x elapsed=0:15:11.36
[2026-06-03T08:53:39.788Z] [INFO] [FFMPEG] frame=16360 fps= 18 q=26.0 q=28.0 size=   90128KiB time=00:15:10.32 bitrate= 811.1kbits/s speed=0.998x elapsed=0:15:11.87
[2026-06-03T08:53:40.301Z] [INFO] [FFMPEG] frame=16370 fps= 18 q=27.0 q=28.0 size=   90185KiB time=00:15:10.88 bitrate= 811.1kbits/s speed=0.998x elapsed=0:15:12.38
[2026-06-03T08:53:40.814Z] [INFO] [FFMPEG] frame=16379 fps= 18 q=28.0 q=28.0 size=   90218KiB time=00:15:11.36 bitrate= 811.0kbits/s speed=0.998x elapsed=0:15:12.90
[2026-06-03T08:53:41.334Z] [INFO] [FFMPEG] frame=16389 fps= 18 q=27.0 q=28.0 size=   90282KiB time=00:15:11.92 bitrate= 811.0kbits/s speed=0.998x elapsed=0:15:13.42
[2026-06-03T08:53:41.848Z] [INFO] [FFMPEG] frame=16398 fps= 18 q=28.0 q=28.0 size=   90314KiB time=00:15:12.44 bitrate= 810.8kbits/s speed=0.998x elapsed=0:15:13.93
[2026-06-03T08:53:42.361Z] [INFO] [FFMPEG] frame=16407 fps= 18 q=28.0 q=28.0 size=   90380KiB time=00:15:12.92 bitrate= 811.0kbits/s speed=0.998x elapsed=0:15:14.44
[2026-06-03T08:53:42.886Z] [INFO] [FFMPEG] frame=16416 fps= 18 q=27.0 q=28.0 size=   90406KiB time=00:15:13.44 bitrate= 810.8kbits/s speed=0.998x elapsed=0:15:14.97
[2026-06-03T08:53:43.397Z] [INFO] [FFMPEG] frame=16425 fps= 18 q=27.0 q=28.0 size=   90464KiB time=00:15:13.92 bitrate= 810.9kbits/s speed=0.998x elapsed=0:15:15.48
[2026-06-03T08:53:43.907Z] [INFO] [FFMPEG] frame=16435 fps= 18 q=26.0 q=28.0 size=   90483KiB time=00:15:14.48 bitrate= 810.6kbits/s speed=0.998x elapsed=0:15:15.99
[2026-06-03T08:53:44.435Z] [INFO] [FFMPEG] frame=16444 fps= 18 q=28.0 q=28.0 size=   90538KiB time=00:15:15.00 bitrate= 810.6kbits/s speed=0.998x elapsed=0:15:16.52
[2026-06-03T08:53:44.948Z] [INFO] [FFMPEG] frame=16453 fps= 18 q=26.0 q=28.0 size=   90598KiB time=00:15:15.48 bitrate= 810.7kbits/s speed=0.998x elapsed=0:15:17.03
[2026-06-03T08:53:45.458Z] [INFO] [FFMPEG] frame=16463 fps= 18 q=28.0 q=28.0 size=   90642KiB time=00:15:16.04 bitrate= 810.6kbits/s speed=0.998x elapsed=0:15:17.54
[2026-06-03T08:53:45.975Z] [INFO] [FFMPEG] frame=16472 fps= 18 q=24.0 q=28.0 size=   90647KiB time=00:15:16.56 bitrate= 810.2kbits/s speed=0.998x elapsed=0:15:18.06
[2026-06-03T08:53:46.487Z] [INFO] [FFMPEG] frame=16481 fps= 18 q=26.0 q=28.0 size=   90710KiB time=00:15:17.04 bitrate= 810.3kbits/s speed=0.998x elapsed=0:15:18.57
[2026-06-03T08:53:47.002Z] [INFO] [FFMPEG] frame=16490 fps= 18 q=28.0 q=28.0 size=   90737KiB time=00:15:17.56 bitrate= 810.1kbits/s speed=0.998x elapsed=0:15:19.08
[2026-06-03T08:53:47.517Z] [INFO] [FFMPEG] frame=16499 fps= 18 q=28.0 q=28.0 size=   90794KiB time=00:15:18.04 bitrate= 810.2kbits/s speed=0.998x elapsed=0:15:19.60
[2026-06-03T08:53:48.043Z] [INFO] [FFMPEG] frame=16509 fps= 18 q=28.0 q=28.0 size=   91025KiB time=00:15:18.60 bitrate= 811.7kbits/s speed=0.998x elapsed=0:15:20.13
[2026-06-03T08:53:48.557Z] [INFO] [FFMPEG] frame=16518 fps= 18 q=28.0 q=28.0 size=   91070KiB time=00:15:19.08 bitrate= 811.7kbits/s speed=0.998x elapsed=0:15:20.64
[2026-06-03T08:53:49.067Z] [INFO] [FFMPEG] frame=16527 fps= 18 q=26.0 q=28.0 size=   91118KiB time=00:15:19.60 bitrate= 811.7kbits/s speed=0.998x elapsed=0:15:21.15
[2026-06-03T08:53:49.582Z] [INFO] [FFMPEG] frame=16537 fps= 18 q=26.0 q=28.0 size=   91172KiB time=00:15:20.16 bitrate= 811.7kbits/s speed=0.998x elapsed=0:15:21.66
[2026-06-03T08:53:50.108Z] [INFO] [FFMPEG] frame=16546 fps= 18 q=27.0 q=28.0 size=   91209KiB time=00:15:20.64 bitrate= 811.6kbits/s speed=0.998x elapsed=0:15:22.19
[2026-06-03T08:53:50.622Z] [INFO] [FFMPEG] frame=16556 fps= 18 q=27.0 q=28.0 size=   91255KiB time=00:15:21.20 bitrate= 811.5kbits/s speed=0.998x elapsed=0:15:22.70
[2026-06-03T08:53:51.133Z] [INFO] [FFMPEG] frame=16565 fps= 18 q=28.0 q=28.0 size=   91293KiB time=00:15:21.72 bitrate= 811.4kbits/s speed=0.998x elapsed=0:15:23.22
[2026-06-03T08:53:51.644Z] [INFO] [FFMPEG] frame=16574 fps= 18 q=27.0 q=28.0 size=   91336KiB time=00:15:22.20 bitrate= 811.3kbits/s speed=0.998x elapsed=0:15:23.73
[2026-06-03T08:53:52.172Z] [INFO] [FFMPEG] frame=16584 fps= 18 q=27.0 q=28.0 size=   91412KiB time=00:15:22.76 bitrate= 811.5kbits/s speed=0.998x elapsed=0:15:24.25
[2026-06-03T08:53:52.684Z] [INFO] [FFMPEG] frame=16592 fps= 18 q=27.0 q=28.0 size=   91423KiB time=00:15:23.20 bitrate= 811.2kbits/s speed=0.998x elapsed=0:15:24.77
[2026-06-03T08:53:53.195Z] [INFO] [FFMPEG] frame=16602 fps= 18 q=27.0 q=28.0 size=   91450KiB time=00:15:23.76 bitrate= 811.0kbits/s speed=0.998x elapsed=0:15:25.28
[2026-06-03T08:53:53.707Z] [INFO] [FFMPEG] frame=16611 fps= 18 q=26.0 q=28.0 size=   91505KiB time=00:15:24.28 bitrate= 811.0kbits/s speed=0.998x elapsed=0:15:25.79
[2026-06-03T08:53:54.234Z] [INFO] [FFMPEG] frame=16620 fps= 18 q=27.0 q=28.0 size=   91539KiB time=00:15:24.76 bitrate= 810.9kbits/s speed=0.998x elapsed=0:15:26.32
[2026-06-03T08:53:54.744Z] [INFO] [FFMPEG] frame=16630 fps= 18 q=27.0 q=28.0 size=   91589KiB time=00:15:25.32 bitrate= 810.9kbits/s speed=0.998x elapsed=0:15:26.83
[2026-06-03T08:53:55.254Z] [INFO] [FFMPEG] frame=16638 fps= 18 q=27.0 q=28.0 size=   91622KiB time=00:15:25.76 bitrate= 810.8kbits/s speed=0.998x elapsed=0:15:27.34
[2026-06-03T08:53:55.768Z] [INFO] [FFMPEG] frame=16648 fps= 18 q=27.0 q=28.0 size=   91669KiB time=00:15:26.32 bitrate= 810.7kbits/s speed=0.998x elapsed=0:15:27.85
[2026-06-03T08:53:56.295Z] [INFO] [FFMPEG] frame=16658 fps= 18 q=27.0 q=28.0 size=   91721KiB time=00:15:26.88 bitrate= 810.7kbits/s speed=0.998x elapsed=0:15:28.38
[2026-06-03T08:53:56.808Z] [INFO] [FFMPEG] frame=16666 fps= 18 q=27.0 q=28.0 size=   91737KiB time=00:15:27.32 bitrate= 810.4kbits/s speed=0.998x elapsed=0:15:28.89
[2026-06-03T08:53:57.322Z] [INFO] [FFMPEG] frame=16677 fps= 18 q=28.0 q=28.0 size=   91794KiB time=00:15:27.92 bitrate= 810.4kbits/s speed=0.998x elapsed=0:15:29.40
[2026-06-03T08:53:57.837Z] [INFO] [FFMPEG] frame=16686 fps= 18 q=28.0 q=28.0 size=   91824KiB time=00:15:28.44 bitrate= 810.2kbits/s speed=0.998x elapsed=0:15:29.92
[2026-06-03T08:53:58.348Z] [INFO] [FFMPEG] frame=16695 fps= 18 q=28.0 q=28.0 size=   91891KiB time=00:15:28.92 bitrate= 810.4kbits/s speed=0.998x elapsed=0:15:30.43
[2026-06-03T08:53:58.875Z] [INFO] [FFMPEG] frame=16704 fps= 18 q=27.0 q=28.0 size=   91919KiB time=00:15:29.44 bitrate= 810.2kbits/s speed=0.998x elapsed=0:15:30.96
[2026-06-03T08:53:59.388Z] [INFO] [FFMPEG] frame=16713 fps= 18 q=27.0 q=28.0 size=   91984KiB time=00:15:29.92 bitrate= 810.3kbits/s speed=0.998x elapsed=0:15:31.47
[2026-06-03T08:53:59.899Z] [INFO] [FFMPEG] frame=16723 fps= 18 q=26.0 q=28.0 size=   92002KiB time=00:15:30.48 bitrate= 810.0kbits/s speed=0.998x elapsed=0:15:31.98
[2026-06-03T08:54:00.410Z] [INFO] [FFMPEG] frame=16731 fps= 18 q=27.0 q=28.0 size=   92065KiB time=00:15:30.92 bitrate= 810.2kbits/s speed=0.998x elapsed=0:15:32.49
[2026-06-03T08:54:00.927Z] [INFO] [FFMPEG] frame=16741 fps= 18 q=28.0 q=28.0 size=   92103KiB time=00:15:31.48 bitrate= 810.0kbits/s speed=0.998x elapsed=0:15:33.01
[2026-06-03T08:54:01.444Z] [INFO] [FFMPEG] frame=16751 fps= 18 q=28.0 q=28.0 size=   92137KiB time=00:15:32.04 bitrate= 809.8kbits/s speed=0.998x elapsed=0:15:33.53
[2026-06-03T08:54:01.968Z] [INFO] [FFMPEG] frame=16759 fps= 18 q=27.0 q=28.0 size=   92374KiB time=00:15:32.48 bitrate= 811.5kbits/s speed=0.998x elapsed=0:15:34.05
[2026-06-03T08:54:02.481Z] [INFO] [FFMPEG] frame=16769 fps= 18 q=28.0 q=28.0 size=   92422KiB time=00:15:33.04 bitrate= 811.5kbits/s speed=0.998x elapsed=0:15:34.56
[2026-06-03T08:54:02.990Z] [INFO] [FFMPEG] frame=16778 fps= 18 q=27.0 q=28.0 size=   92442KiB time=00:15:33.56 bitrate= 811.2kbits/s speed=0.998x elapsed=0:15:35.07
[2026-06-03T08:54:03.506Z] [INFO] [FFMPEG] frame=16787 fps= 18 q=28.0 q=28.0 size=   92511KiB time=00:15:34.04 bitrate= 811.4kbits/s speed=0.998x elapsed=0:15:35.59
[2026-06-03T08:54:04.020Z] [INFO] [FFMPEG] frame=16797 fps= 18 q=28.0 q=28.0 size=   92550KiB time=00:15:34.60 bitrate= 811.2kbits/s speed=0.998x elapsed=0:15:36.10
[2026-06-03T08:54:04.548Z] [INFO] [FFMPEG] frame=16806 fps= 18 q=28.0 q=28.0 size=   92587KiB time=00:15:35.08 bitrate= 811.1kbits/s speed=0.998x elapsed=0:15:36.63
[2026-06-03T08:54:05.070Z] [INFO] [FFMPEG] frame=16815 fps= 18 q=26.0 q=28.0 size=   92631KiB time=00:15:35.60 bitrate= 811.1kbits/s speed=0.998x elapsed=0:15:37.15
[2026-06-03T08:54:05.581Z] [INFO] [FFMPEG] frame=16825 fps= 18 q=26.0 q=28.0 size=   92679KiB time=00:15:36.16 bitrate= 811.0kbits/s speed=0.998x elapsed=0:15:37.66
[2026-06-03T08:54:06.108Z] [INFO] [FFMPEG] frame=16833 fps= 18 q=26.0 q=28.0 size=   92715KiB time=00:15:36.60 bitrate= 810.9kbits/s speed=0.998x elapsed=0:15:38.19
[2026-06-03T08:54:06.625Z] [INFO] [FFMPEG] frame=16844 fps= 18 q=27.0 q=28.0 size=   92757KiB time=00:15:37.20 bitrate= 810.8kbits/s speed=0.998x elapsed=0:15:38.71
[2026-06-03T08:54:07.139Z] [INFO] [FFMPEG] frame=16853 fps= 18 q=28.0 q=28.0 size=   92821KiB time=00:15:37.72 bitrate= 810.9kbits/s speed=0.998x elapsed=0:15:39.22
[2026-06-03T08:54:07.654Z] [INFO] [FFMPEG] frame=16862 fps= 18 q=27.0 q=28.0 size=   92842KiB time=00:15:38.20 bitrate= 810.7kbits/s speed=0.998x elapsed=0:15:39.74
[2026-06-03T08:54:08.167Z] [INFO] [FFMPEG] frame=16872 fps= 18 q=27.0 q=28.0 size=   92902KiB time=00:15:38.76 bitrate= 810.7kbits/s speed=0.998x elapsed=0:15:40.25
[2026-06-03T08:54:08.680Z] [INFO] [FFMPEG] frame=16880 fps= 18 q=27.0 q=28.0 size=   92940KiB time=00:15:39.20 bitrate= 810.6kbits/s speed=0.998x elapsed=0:15:40.76
[2026-06-03T08:54:09.191Z] [INFO] [FFMPEG] frame=16890 fps= 18 q=26.0 q=28.0 size=   92981KiB time=00:15:39.76 bitrate= 810.5kbits/s speed=0.998x elapsed=0:15:41.27
[2026-06-03T08:54:09.718Z] [INFO] [FFMPEG] frame=16900 fps= 18 q=27.0 q=28.0 size=   93028KiB time=00:15:40.32 bitrate= 810.5kbits/s speed=0.998x elapsed=0:15:41.80
[2026-06-03T08:54:10.234Z] [INFO] [FFMPEG] frame=16908 fps= 18 q=27.0 q=28.0 size=   93073KiB time=00:15:40.76 bitrate= 810.5kbits/s speed=0.998x elapsed=0:15:42.32
[2026-06-03T08:54:10.749Z] [INFO] [FFMPEG] frame=16918 fps= 18 q=27.0 q=28.0 size=   93117KiB time=00:15:41.32 bitrate= 810.4kbits/s speed=0.998x elapsed=0:15:42.83
[2026-06-03T08:54:11.263Z] [INFO] [FFMPEG] frame=16927 fps= 18 q=28.0 q=28.0 size=   93178KiB time=00:15:41.80 bitrate= 810.5kbits/s speed=0.998x elapsed=0:15:43.35
[2026-06-03T08:54:11.778Z] [INFO] [FFMPEG] frame=16936 fps= 18 q=26.0 q=28.0 size=   93193KiB time=00:15:42.32 bitrate= 810.2kbits/s speed=0.998x elapsed=0:15:43.86
[2026-06-03T08:54:12.283Z] [INFO] [FFMPEG] frame=16946 fps= 18 q=27.0 q=28.0 size=   93249KiB time=00:15:42.88 bitrate= 810.2kbits/s speed=0.998x elapsed=0:15:44.37
[2026-06-03T08:54:12.799Z] [INFO] [FFMPEG] frame=16954 fps= 18 q=27.0 q=28.0 size=   93278KiB time=00:15:43.32 bitrate= 810.0kbits/s speed=0.998x elapsed=0:15:44.88
[2026-06-03T08:54:13.327Z] [INFO] [FFMPEG] frame=16965 fps= 18 q=28.0 q=28.0 size=   93349KiB time=00:15:43.92 bitrate= 810.2kbits/s speed=0.998x elapsed=0:15:45.41
[2026-06-03T08:54:13.838Z] [INFO] [FFMPEG] frame=16974 fps= 18 q=28.0 q=28.0 size=   93380KiB time=00:15:44.44 bitrate= 810.0kbits/s speed=0.998x elapsed=0:15:45.92
[2026-06-03T08:54:14.348Z] [INFO] [FFMPEG] frame=16983 fps= 18 q=28.0 q=28.0 size=   93451KiB time=00:15:44.92 bitrate= 810.2kbits/s speed=0.998x elapsed=0:15:46.43
[2026-06-03T08:54:14.862Z] [INFO] [FFMPEG] frame=16992 fps= 18 q=28.0 q=28.0 size=   93463KiB time=00:15:45.44 bitrate= 809.8kbits/s speed=0.998x elapsed=0:15:46.95
[2026-06-03T08:54:15.390Z] [INFO] [FFMPEG] frame=17001 fps= 18 q=27.0 q=28.0 size=   93501KiB time=00:15:45.92 bitrate= 809.7kbits/s speed=0.998x elapsed=0:15:47.47
[2026-06-03T08:54:15.901Z] [INFO] [FFMPEG] frame=17011 fps= 18 q=26.0 q=28.0 size=   93664KiB time=00:15:46.48 bitrate= 810.7kbits/s speed=0.998x elapsed=0:15:47.98
[2026-06-03T08:54:16.411Z] [INFO] [FFMPEG] frame=17020 fps= 18 q=28.0 q=28.0 size=   93734KiB time=00:15:47.00 bitrate= 810.8kbits/s speed=0.998x elapsed=0:15:48.49
[2026-06-03T08:54:16.923Z] [INFO] [FFMPEG] frame=17029 fps= 18 q=28.0 q=28.0 size=   93788KiB time=00:15:47.48 bitrate= 810.9kbits/s speed=0.998x elapsed=0:15:49.01
[2026-06-03T08:54:17.438Z] [INFO] [FFMPEG] frame=17039 fps= 18 q=28.0 q=28.0 size=   93838KiB time=00:15:48.04 bitrate= 810.8kbits/s speed=0.998x elapsed=0:15:49.52
[2026-06-03T08:54:17.966Z] [INFO] [FFMPEG] frame=17047 fps= 18 q=28.0 q=28.0 size=   93890KiB time=00:15:48.48 bitrate= 810.9kbits/s speed=0.998x elapsed=0:15:50.05
[2026-06-03T08:54:18.479Z] [INFO] [FFMPEG] frame=17057 fps= 18 q=26.0 q=28.0 size=   93939KiB time=00:15:49.04 bitrate= 810.9kbits/s speed=0.998x elapsed=0:15:50.56
[2026-06-03T08:54:18.990Z] [INFO] [FFMPEG] frame=17066 fps= 18 q=27.0 q=28.0 size=   93962KiB time=00:15:49.56 bitrate= 810.6kbits/s speed=0.998x elapsed=0:15:51.07
[2026-06-03T08:54:19.513Z] [INFO] [FFMPEG] frame=17075 fps= 18 q=28.0 q=28.0 size=   94026KiB time=00:15:50.04 bitrate= 810.8kbits/s speed=0.998x elapsed=0:15:51.60
[2026-06-03T08:54:20.022Z] [INFO] [FFMPEG] frame=17085 fps= 18 q=26.0 q=28.0 size=   94092KiB time=00:15:50.60 bitrate= 810.9kbits/s speed=0.998x elapsed=0:15:52.11
[2026-06-03T08:54:20.533Z] [INFO] [FFMPEG] frame=17094 fps= 18 q=28.0 q=28.0 size=   94142KiB time=00:15:51.08 bitrate= 810.9kbits/s speed=0.998x elapsed=0:15:52.62
[2026-06-03T08:54:21.049Z] [INFO] [FFMPEG] frame=17103 fps= 18 q=28.0 q=28.0 size=   94172KiB time=00:15:51.60 bitrate= 810.7kbits/s speed=0.998x elapsed=0:15:53.13
[2026-06-03T08:54:21.576Z] [INFO] [FFMPEG] frame=17113 fps= 18 q=26.0 q=28.0 size=   94225KiB time=00:15:52.16 bitrate= 810.7kbits/s speed=0.998x elapsed=0:15:53.66
[2026-06-03T08:54:22.084Z] [INFO] [FFMPEG] frame=17122 fps= 18 q=27.0 q=28.0 size=   94277KiB time=00:15:52.64 bitrate= 810.7kbits/s speed=0.998x elapsed=0:15:54.17
[2026-06-03T08:54:22.601Z] [INFO] [FFMPEG] frame=17132 fps= 18 q=27.0 q=28.0 size=   94329KiB time=00:15:53.20 bitrate= 810.7kbits/s speed=0.998x elapsed=0:15:54.68
[2026-06-03T08:54:23.111Z] [INFO] [FFMPEG] frame=17140 fps= 18 q=27.0 q=28.0 size=   94367KiB time=00:15:53.64 bitrate= 810.6kbits/s speed=0.998x elapsed=0:15:55.19
[2026-06-03T08:54:23.634Z] [INFO] [FFMPEG] frame=17150 fps= 18 q=27.0 q=28.0 size=   94401KiB time=00:15:54.20 bitrate= 810.5kbits/s speed=0.998x elapsed=0:15:55.72
[2026-06-03T08:54:24.150Z] [INFO] [FFMPEG] frame=17159 fps= 18 q=28.0 q=28.0 size=   94446KiB time=00:15:54.72 bitrate= 810.4kbits/s speed=0.998x elapsed=0:15:56.23
[2026-06-03T08:54:24.659Z] [INFO] [FFMPEG] frame=17168 fps= 18 q=27.0 q=28.0 size=   94494KiB time=00:15:55.20 bitrate= 810.4kbits/s speed=0.998x elapsed=0:15:56.74
[2026-06-03T08:54:25.187Z] [INFO] [FFMPEG] frame=17178 fps= 18 q=26.0 q=28.0 size=   94531KiB time=00:15:55.76 bitrate= 810.2kbits/s speed=0.998x elapsed=0:15:57.27
[2026-06-03T08:54:25.702Z] [INFO] [FFMPEG] frame=17187 fps= 18 q=26.0 q=28.0 size=   94580KiB time=00:15:56.28 bitrate= 810.2kbits/s speed=0.998x elapsed=0:15:57.78
[2026-06-03T08:54:26.213Z] [INFO] [FFMPEG] frame=17196 fps= 18 q=27.0 q=28.0 size=   94612KiB time=00:15:56.76 bitrate= 810.1kbits/s speed=0.998x elapsed=0:15:58.30
[2026-06-03T08:54:26.720Z] [INFO] [FFMPEG] frame=17205 fps= 18 q=28.0 q=28.0 size=   94661KiB time=00:15:57.28 bitrate= 810.1kbits/s speed=0.998x elapsed=0:15:58.80
[2026-06-03T08:54:27.248Z] [INFO] [FFMPEG] frame=17215 fps= 18 q=27.0 q=28.0 size=   94718KiB time=00:15:57.80 bitrate= 810.1kbits/s speed=0.998x elapsed=0:15:59.33
[2026-06-03T08:54:27.763Z] [INFO] [FFMPEG] frame=17224 fps= 18 q=26.0 q=28.0 size=   94753KiB time=00:15:58.32 bitrate= 810.0kbits/s speed=0.998x elapsed=0:15:59.85
[2026-06-03T08:54:28.278Z] [INFO] [FFMPEG] frame=17233 fps= 18 q=27.0 q=25.0 size=   94805KiB time=00:15:58.80 bitrate= 810.0kbits/s speed=0.998x elapsed=0:16:00.36
[2026-06-03T08:54:28.792Z] [INFO] [FFMPEG] frame=17242 fps= 18 q=26.0 q=28.0 size=   94831KiB time=00:15:59.32 bitrate= 809.8kbits/s speed=0.998x elapsed=0:16:00.87
[2026-06-03T08:54:29.304Z] [INFO] [FFMPEG] frame=17252 fps= 18 q=27.0 q=28.0 size=   95013KiB time=00:15:59.88 bitrate= 810.9kbits/s speed=0.998x elapsed=0:16:01.39
[2026-06-03T08:54:29.444Z] [INFO] [FFMPEG] [segment @ 0000022082052b80] Opening '//192.168.19.189/encova/cam01/2026/06/03/15-54-29.mp4' for writing
[2026-06-03T08:54:29.818Z] [INFO] [FFMPEG] frame=17261 fps= 18 q=27.0 q=28.0 size=   95043KiB time=00:16:00.36 bitrate= 810.7kbits/s speed=0.998x elapsed=0:16:01.90
[2026-06-03T08:54:30.333Z] [INFO] [FFMPEG] frame=17271 fps= 18 q=28.0 q=28.0 size=   95107KiB time=00:16:00.92 bitrate= 810.8kbits/s speed=0.998x elapsed=0:16:02.42
[2026-06-03T08:54:30.845Z] [INFO] [FFMPEG] frame=17280 fps= 18 q=28.0 q=28.0 size=   95134KiB time=00:16:01.44 bitrate= 810.6kbits/s speed=0.998x elapsed=0:16:02.93
[2026-06-03T08:54:31.374Z] [INFO] [FFMPEG] frame=17289 fps= 18 q=28.0 q=28.0 size=   95208KiB time=00:16:01.92 bitrate= 810.8kbits/s speed=0.998x elapsed=0:16:03.46
[2026-06-03T08:54:31.890Z] [INFO] [FFMPEG] frame=17298 fps= 18 q=27.0 q=28.0 size=   95213KiB time=00:16:02.44 bitrate= 810.4kbits/s speed=0.998x elapsed=0:16:03.97
[2026-06-03T08:54:32.401Z] [INFO] [FFMPEG] frame=17307 fps= 18 q=28.0 q=28.0 size=   95277KiB time=00:16:02.92 bitrate= 810.6kbits/s speed=0.998x elapsed=0:16:04.48
[2026-06-03T08:54:32.915Z] [INFO] [FFMPEG] frame=17317 fps= 18 q=28.0 q=28.0 size=   95307KiB time=00:16:03.48 bitrate= 810.4kbits/s speed=0.998x elapsed=0:16:05.00
[2026-06-03T08:54:33.423Z] [INFO] [FFMPEG] frame=17326 fps= 18 q=28.0 q=28.0 size=   95369KiB time=00:16:04.00 bitrate= 810.4kbits/s speed=0.998x elapsed=0:16:05.51
[2026-06-03T08:54:33.952Z] [INFO] [FFMPEG] frame=17335 fps= 18 q=26.0 q=28.0 size=   95392KiB time=00:16:04.48 bitrate= 810.2kbits/s speed=0.998x elapsed=0:16:06.03
[2026-06-03T08:54:34.463Z] [INFO] [FFMPEG] frame=17345 fps= 18 q=28.0 q=28.0 size=   95460KiB time=00:16:05.04 bitrate= 810.3kbits/s speed=0.998x elapsed=0:16:06.55
[2026-06-03T08:54:34.976Z] [INFO] [FFMPEG] frame=17354 fps= 18 q=28.0 q=28.0 size=   95474KiB time=00:16:05.56 bitrate= 810.0kbits/s speed=0.998x elapsed=0:16:07.06
[2026-06-03T08:54:35.492Z] [INFO] [FFMPEG] frame=17363 fps= 18 q=28.0 q=28.0 size=   95535KiB time=00:16:06.04 bitrate= 810.1kbits/s speed=0.998x elapsed=0:16:07.58
[2026-06-03T08:54:36.003Z] [INFO] [FFMPEG] frame=17373 fps= 18 q=26.0 q=28.0 size=   95586KiB time=00:16:06.60 bitrate= 810.1kbits/s speed=0.998x elapsed=0:16:08.09
[2026-06-03T08:54:36.530Z] [INFO] [FFMPEG] frame=17382 fps= 18 q=28.0 q=28.0 size=   95626KiB time=00:16:07.08 bitrate= 810.0kbits/s speed=0.998x elapsed=0:16:08.61
[2026-06-03T08:54:37.043Z] [INFO] [FFMPEG] frame=17391 fps= 18 q=28.0 q=28.0 size=   95671KiB time=00:16:07.60 bitrate= 810.0kbits/s speed=0.998x elapsed=0:16:09.13
[2026-06-03T08:54:37.558Z] [INFO] [FFMPEG] frame=17401 fps= 18 q=26.0 q=28.0 size=   95717KiB time=00:16:08.16 bitrate= 809.9kbits/s speed=0.998x elapsed=0:16:09.64
[2026-06-03T08:54:38.072Z] [INFO] [FFMPEG] frame=17409 fps= 18 q=26.0 q=28.0 size=   95759KiB time=00:16:08.60 bitrate= 809.9kbits/s speed=0.998x elapsed=0:16:10.16
[2026-06-03T08:54:38.587Z] [INFO] [FFMPEG] frame=17419 fps= 18 q=26.0 q=28.0 size=   95813KiB time=00:16:09.16 bitrate= 809.9kbits/s speed=0.998x elapsed=0:16:10.67
[2026-06-03T08:54:39.096Z] [INFO] [FFMPEG] frame=17428 fps= 18 q=27.0 q=28.0 size=   95853KiB time=00:16:09.64 bitrate= 809.8kbits/s speed=0.998x elapsed=0:16:11.18
[2026-06-03T08:54:39.610Z] [INFO] [FFMPEG] frame=17438 fps= 18 q=27.0 q=28.0 size=   95882KiB time=00:16:10.20 bitrate= 809.6kbits/s speed=0.998x elapsed=0:16:11.69
[2026-06-03T08:54:40.137Z] [INFO] [FFMPEG] frame=17447 fps= 18 q=26.0 q=28.0 size=   95948KiB time=00:16:10.72 bitrate= 809.7kbits/s speed=0.998x elapsed=0:16:12.22
[2026-06-03T08:54:40.651Z] [INFO] [FFMPEG] frame=17456 fps= 18 q=27.0 q=28.0 size=   95976KiB time=00:16:11.20 bitrate= 809.6kbits/s speed=0.998x elapsed=0:16:12.73
[2026-06-03T08:54:41.161Z] [INFO] [FFMPEG] frame=17466 fps= 18 q=27.0 q=28.0 size=   96028KiB time=00:16:11.76 bitrate= 809.5kbits/s speed=0.998x elapsed=0:16:13.24
[2026-06-03T08:54:41.687Z] [INFO] [FFMPEG] frame=17474 fps= 18 q=26.0 q=28.0 size=   96067KiB time=00:16:12.20 bitrate= 809.5kbits/s speed=0.998x elapsed=0:16:13.77
[2026-06-03T08:54:42.196Z] [INFO] [FFMPEG] frame=17484 fps= 18 q=26.0 q=28.0 size=   96115KiB time=00:16:12.76 bitrate= 809.4kbits/s speed=0.998x elapsed=0:16:14.28
[2026-06-03T08:54:42.710Z] [INFO] [FFMPEG] frame=17493 fps= 18 q=26.0 q=28.0 size=   96165KiB time=00:16:13.28 bitrate= 809.4kbits/s speed=0.998x elapsed=0:16:14.79
[2026-06-03T08:54:43.223Z] [INFO] [FFMPEG] frame=17502 fps= 18 q=27.0 q=28.0 size=   96362KiB time=00:16:13.76 bitrate= 810.7kbits/s speed=0.998x elapsed=0:16:15.31
[2026-06-03T08:54:43.736Z] [INFO] [FFMPEG] frame=17512 fps= 18 q=27.0 q=28.0 size=   96393KiB time=00:16:14.32 bitrate= 810.5kbits/s speed=0.998x elapsed=0:16:15.82
[2026-06-03T08:54:44.263Z] [INFO] [FFMPEG] frame=17521 fps= 18 q=28.0 q=28.0 size=   96457KiB time=00:16:14.80 bitrate= 810.6kbits/s speed=0.998x elapsed=0:16:16.35
[2026-06-03T08:54:44.776Z] [INFO] [FFMPEG] frame=17530 fps= 18 q=26.0 q=28.0 size=   96490KiB time=00:16:15.32 bitrate= 810.4kbits/s speed=0.998x elapsed=0:16:16.86
[2026-06-03T08:54:45.289Z] [INFO] [FFMPEG] frame=17540 fps= 18 q=27.0 q=28.0 size=   96546KiB time=00:16:15.88 bitrate= 810.5kbits/s speed=0.998x elapsed=0:16:17.37
[2026-06-03T08:54:45.803Z] [INFO] [FFMPEG] frame=17549 fps= 18 q=28.0 q=28.0 size=   96580KiB time=00:16:16.36 bitrate= 810.3kbits/s speed=0.998x elapsed=0:16:17.89
[2026-06-03T08:54:46.313Z] [INFO] [FFMPEG] frame=17558 fps= 18 q=27.0 q=28.0 size=   96630KiB time=00:16:16.88 bitrate= 810.3kbits/s speed=0.998x elapsed=0:16:18.40
[2026-06-03T08:54:46.842Z] [INFO] [FFMPEG] frame=17567 fps= 18 q=28.0 q=28.0 size=   96663KiB time=00:16:17.36 bitrate= 810.2kbits/s speed=0.998x elapsed=0:16:18.92
[2026-06-03T08:54:47.359Z] [INFO] [FFMPEG] frame=17577 fps= 18 q=28.0 q=28.0 size=   96728KiB time=00:16:17.92 bitrate= 810.3kbits/s speed=0.998x elapsed=0:16:19.44
[2026-06-03T08:54:47.867Z] [INFO] [FFMPEG] frame=17586 fps= 18 q=28.0 q=28.0 size=   96737KiB time=00:16:18.44 bitrate= 809.9kbits/s speed=0.998x elapsed=0:16:19.95
[2026-06-03T08:54:48.379Z] [INFO] [FFMPEG] frame=17595 fps= 18 q=28.0 q=28.0 size=   96789KiB time=00:16:18.92 bitrate= 810.0kbits/s speed=0.998x elapsed=0:16:20.46
[2026-06-03T08:54:48.905Z] [INFO] [FFMPEG] frame=17605 fps= 18 q=28.0 q=28.0 size=   96826KiB time=00:16:19.48 bitrate= 809.8kbits/s speed=0.998x elapsed=0:16:20.99
[2026-06-03T08:54:49.417Z] [INFO] [FFMPEG] frame=17614 fps= 18 q=28.0 q=28.0 size=   96888KiB time=00:16:20.00 bitrate= 809.9kbits/s speed=0.998x elapsed=0:16:21.50
[2026-06-03T08:54:49.937Z] [INFO] [FFMPEG] frame=17623 fps= 18 q=26.0 q=28.0 size=   96901KiB time=00:16:20.48 bitrate= 809.6kbits/s speed=0.998x elapsed=0:16:22.02
[2026-06-03T08:54:50.448Z] [INFO] [FFMPEG] frame=17632 fps= 18 q=28.0 q=28.0 size=   96953KiB time=00:16:21.00 bitrate= 809.6kbits/s speed=0.998x elapsed=0:16:22.53
[2026-06-03T08:54:50.958Z] [INFO] [FFMPEG] frame=17641 fps= 18 q=26.0 q=28.0 size=   96989KiB time=00:16:21.48 bitrate= 809.5kbits/s speed=0.998x elapsed=0:16:23.04
[2026-06-03T08:54:51.472Z] [INFO] [FFMPEG] frame=17651 fps= 18 q=28.0 q=28.0 size=   97045KiB time=00:16:22.04 bitrate= 809.5kbits/s speed=0.998x elapsed=0:16:23.56
[2026-06-03T08:54:52.001Z] [INFO] [FFMPEG] frame=17660 fps= 18 q=27.0 q=28.0 size=   97101KiB time=00:16:22.56 bitrate= 809.6kbits/s speed=0.998x elapsed=0:16:24.08
[2026-06-03T08:54:52.528Z] [INFO] [FFMPEG] frame=17670 fps= 18 q=27.0 q=28.0 size=   97136KiB time=00:16:23.08 bitrate= 809.4kbits/s speed=0.998x elapsed=0:16:24.61
[2026-06-03T08:54:53.045Z] [INFO] [FFMPEG] frame=17679 fps= 18 q=28.0 q=28.0 size=   97195KiB time=00:16:23.60 bitrate= 809.5kbits/s speed=0.998x elapsed=0:16:25.13
[2026-06-03T08:54:53.556Z] [INFO] [FFMPEG] frame=17688 fps= 18 q=28.0 q=28.0 size=   97232KiB time=00:16:24.08 bitrate= 809.4kbits/s speed=0.998x elapsed=0:16:25.64
[2026-06-03T08:54:54.068Z] [INFO] [FFMPEG] frame=17697 fps= 18 q=26.0 q=28.0 size=   97293KiB time=00:16:24.60 bitrate= 809.5kbits/s speed=0.998x elapsed=0:16:26.15
[2026-06-03T08:54:54.582Z] [INFO] [FFMPEG] frame=17707 fps= 18 q=26.0 q=28.0 size=   97330KiB time=00:16:25.16 bitrate= 809.3kbits/s speed=0.998x elapsed=0:16:26.67
[2026-06-03T08:54:55.108Z] [INFO] [FFMPEG] frame=17716 fps= 18 q=27.0 q=28.0 size=   97359KiB time=00:16:25.64 bitrate= 809.2kbits/s speed=0.998x elapsed=0:16:27.19
[2026-06-03T08:54:55.612Z] [INFO] [FFMPEG] frame=17726 fps= 18 q=26.0 q=28.0 size=   97412KiB time=00:16:26.20 bitrate= 809.2kbits/s speed=0.998x elapsed=0:16:27.69
[2026-06-03T08:54:56.136Z] [INFO] [FFMPEG] frame=17735 fps= 18 q=28.0 q=28.0 size=   97456KiB time=00:16:26.72 bitrate= 809.1kbits/s speed=0.998x elapsed=0:16:28.22
[2026-06-03T08:54:56.648Z] [INFO] [FFMPEG] frame=17744 fps= 18 q=27.0 q=28.0 size=   97506KiB time=00:16:27.20 bitrate= 809.1kbits/s speed=0.998x elapsed=0:16:28.73
[2026-06-03T08:54:57.157Z] [INFO] [FFMPEG] frame=17753 fps= 18 q=26.0 q=28.0 size=   97740KiB time=00:16:27.72 bitrate= 810.6kbits/s speed=0.998x elapsed=0:16:29.24
[2026-06-03T08:54:57.688Z] [INFO] [FFMPEG] frame=17762 fps= 18 q=27.0 q=28.0 size=   97765KiB time=00:16:28.20 bitrate= 810.5kbits/s speed=0.998x elapsed=0:16:29.77
[2026-06-03T08:54:58.203Z] [INFO] [FFMPEG] frame=17772 fps= 18 q=27.0 q=28.0 size=   97813KiB time=00:16:28.76 bitrate= 810.4kbits/s speed=0.998x elapsed=0:16:30.29
[2026-06-03T08:54:58.713Z] [INFO] [FFMPEG] frame=17782 fps= 18 q=26.0 q=28.0 size=   97866KiB time=00:16:29.32 bitrate= 810.4kbits/s speed=0.999x elapsed=0:16:30.80
[2026-06-03T08:54:59.225Z] [INFO] [FFMPEG] frame=17790 fps= 18 q=27.0 q=28.0 size=   97927KiB time=00:16:29.76 bitrate= 810.5kbits/s speed=0.998x elapsed=0:16:31.31
[2026-06-03T08:54:59.740Z] [INFO] [FFMPEG] frame=17800 fps= 18 q=26.0 q=28.0 size=   97963KiB time=00:16:30.32 bitrate= 810.4kbits/s speed=0.998x elapsed=0:16:31.82
[2026-06-03T08:55:00.254Z] [INFO] [FFMPEG] frame=17809 fps= 18 q=28.0 q=28.0 size=   98026KiB time=00:16:30.80 bitrate= 810.5kbits/s speed=0.998x elapsed=0:16:32.34
[2026-06-03T08:55:00.767Z] [INFO] [FFMPEG] frame=17818 fps= 18 q=26.0 q=28.0 size=   98062KiB time=00:16:31.32 bitrate= 810.4kbits/s speed=0.998x elapsed=0:16:32.85
[2026-06-03T08:55:01.295Z] [INFO] [FFMPEG] frame=17828 fps= 18 q=28.0 q=28.0 size=   98127KiB time=00:16:31.88 bitrate= 810.4kbits/s speed=0.998x elapsed=0:16:33.38
[2026-06-03T08:55:01.812Z] [INFO] [FFMPEG] frame=17837 fps= 18 q=27.0 q=28.0 size=   98159KiB time=00:16:32.36 bitrate= 810.3kbits/s speed=0.998x elapsed=0:16:33.89
[2026-06-03T08:55:02.326Z] [INFO] [FFMPEG] frame=17847 fps= 18 q=28.0 q=28.0 size=   98227KiB time=00:16:32.92 bitrate= 810.4kbits/s speed=0.998x elapsed=0:16:34.41
[2026-06-03T08:55:02.837Z] [INFO] [FFMPEG] frame=17855 fps= 18 q=27.0 q=28.0 size=   98250KiB time=00:16:33.36 bitrate= 810.2kbits/s speed=0.998x elapsed=0:16:34.92
[2026-06-03T08:55:03.349Z] [INFO] [FFMPEG] frame=17865 fps= 18 q=28.0 q=28.0 size=   98308KiB time=00:16:33.92 bitrate= 810.3kbits/s speed=0.998x elapsed=0:16:35.43
[2026-06-03T08:55:03.860Z] [INFO] [FFMPEG] frame=17874 fps= 18 q=27.0 q=28.0 size=   98328KiB time=00:16:34.44 bitrate= 810.0kbits/s speed=0.998x elapsed=0:16:35.94
[2026-06-03T08:55:04.390Z] [INFO] [FFMPEG] frame=17883 fps= 18 q=28.0 q=28.0 size=   98391KiB time=00:16:34.92 bitrate= 810.1kbits/s speed=0.998x elapsed=0:16:36.47
[2026-06-03T08:55:04.905Z] [INFO] [FFMPEG] frame=17893 fps= 18 q=26.0 q=28.0 size=   98405KiB time=00:16:35.48 bitrate= 809.8kbits/s speed=0.998x elapsed=0:16:36.99
[2026-06-03T08:55:05.414Z] [INFO] [FFMPEG] frame=17901 fps= 18 q=27.0 q=28.0 size=   98458KiB time=00:16:35.92 bitrate= 809.9kbits/s speed=0.998x elapsed=0:16:37.50
[2026-06-03T08:55:05.926Z] [INFO] [FFMPEG] frame=17911 fps= 18 q=26.0 q=28.0 size=   98495KiB time=00:16:36.48 bitrate= 809.7kbits/s speed=0.998x elapsed=0:16:38.01
[2026-06-03T08:55:06.438Z] [INFO] [FFMPEG] frame=17921 fps= 18 q=28.0 q=28.0 size=   98552KiB time=00:16:37.04 bitrate= 809.7kbits/s speed=0.999x elapsed=0:16:38.52
[2026-06-03T08:55:06.965Z] [INFO] [FFMPEG] frame=17930 fps= 18 q=28.0 q=28.0 size=   98608KiB time=00:16:37.52 bitrate= 809.8kbits/s speed=0.998x elapsed=0:16:39.05
[2026-06-03T08:55:07.478Z] [INFO] [FFMPEG] frame=17939 fps= 18 q=28.0 q=28.0 size=   98638KiB time=00:16:38.04 bitrate= 809.6kbits/s speed=0.998x elapsed=0:16:39.56
[2026-06-03T08:55:07.989Z] [INFO] [FFMPEG] frame=17948 fps= 18 q=28.0 q=28.0 size=   98667KiB time=00:16:38.56 bitrate= 809.4kbits/s speed=0.998x elapsed=0:16:40.07
[2026-06-03T08:55:08.506Z] [INFO] [FFMPEG] frame=17957 fps= 18 q=26.0 q=28.0 size=   98735KiB time=00:16:39.04 bitrate= 809.6kbits/s speed=0.998x elapsed=0:16:40.59
[2026-06-03T08:55:09.017Z] [INFO] [FFMPEG] frame=17967 fps= 18 q=28.0 q=28.0 size=   98789KiB time=00:16:39.60 bitrate= 809.6kbits/s speed=0.998x elapsed=0:16:41.10
[2026-06-03T08:55:09.534Z] [INFO] [FFMPEG] frame=17976 fps= 18 q=28.0 q=28.0 size=   98818KiB time=00:16:40.08 bitrate= 809.5kbits/s speed=0.998x elapsed=0:16:41.62
[2026-06-03T08:55:10.058Z] [INFO] [FFMPEG] frame=17985 fps= 18 q=26.0 q=28.0 size=   98885KiB time=00:16:40.60 bitrate= 809.6kbits/s speed=0.998x elapsed=0:16:42.14
[2026-06-03T08:55:10.568Z] [INFO] [FFMPEG] frame=17995 fps= 18 q=28.0 q=28.0 size=   98903KiB time=00:16:41.16 bitrate= 809.3kbits/s speed=0.999x elapsed=0:16:42.65
[2026-06-03T08:55:11.094Z] [INFO] [FFMPEG] frame=18004 fps= 18 q=27.0 q=28.0 size=   99092KiB time=00:16:41.64 bitrate= 810.4kbits/s speed=0.998x elapsed=0:16:43.18
[2026-06-03T08:55:11.605Z] [INFO] [FFMPEG] frame=18014 fps= 18 q=27.0 q=28.0 size=   99134KiB time=00:16:42.20 bitrate= 810.3kbits/s speed=0.999x elapsed=0:16:43.69
[2026-06-03T08:55:12.115Z] [INFO] [FFMPEG] frame=18022 fps= 18 q=27.0 q=28.0 size=   99185KiB time=00:16:42.64 bitrate= 810.4kbits/s speed=0.998x elapsed=0:16:44.20
[2026-06-03T08:55:12.628Z] [INFO] [FFMPEG] frame=18032 fps= 18 q=27.0 q=28.0 size=   99223KiB time=00:16:43.20 bitrate= 810.2kbits/s speed=0.998x elapsed=0:16:44.71
[2026-06-03T08:55:13.155Z] [INFO] [FFMPEG] frame=18042 fps= 18 q=26.0 q=28.0 size=   99257KiB time=00:16:43.76 bitrate= 810.1kbits/s speed=0.999x elapsed=0:16:45.24
[2026-06-03T08:55:13.665Z] [INFO] [FFMPEG] frame=18050 fps= 18 q=27.0 q=28.0 size=   99300KiB time=00:16:44.20 bitrate= 810.1kbits/s speed=0.998x elapsed=0:16:45.75
[2026-06-03T08:55:14.175Z] [INFO] [FFMPEG] frame=18060 fps= 18 q=27.0 q=28.0 size=   99347KiB time=00:16:44.76 bitrate= 810.0kbits/s speed=0.999x elapsed=0:16:46.26
[2026-06-03T08:55:14.703Z] [INFO] [FFMPEG] frame=18069 fps= 18 q=26.0 q=28.0 size=   99399KiB time=00:16:45.28 bitrate= 810.0kbits/s speed=0.998x elapsed=0:16:46.79
[2026-06-03T08:55:15.213Z] [INFO] [FFMPEG] frame=18078 fps= 18 q=27.0 q=28.0 size=   99468KiB time=00:16:45.76 bitrate= 810.2kbits/s speed=0.998x elapsed=0:16:47.30
[2026-06-03T08:55:15.724Z] [INFO] [FFMPEG] frame=18088 fps= 18 q=27.0 q=28.0 size=   99477KiB time=00:16:46.32 bitrate= 809.8kbits/s speed=0.999x elapsed=0:16:47.81
[2026-06-03T08:55:16.248Z] [INFO] [FFMPEG] frame=18096 fps= 18 q=27.0 q=28.0 size=   99505KiB time=00:16:46.76 bitrate= 809.7kbits/s speed=0.998x elapsed=0:16:48.33
[2026-06-03T08:55:16.755Z] [INFO] [FFMPEG] frame=18106 fps= 18 q=26.0 q=28.0 size=   99567KiB time=00:16:47.32 bitrate= 809.7kbits/s speed=0.998x elapsed=0:16:48.84
[2026-06-03T08:55:17.283Z] [INFO] [FFMPEG] frame=18116 fps= 18 q=27.0 q=28.0 size=   99618KiB time=00:16:47.88 bitrate= 809.7kbits/s speed=0.999x elapsed=0:16:49.37
[2026-06-03T08:55:17.807Z] [INFO] [FFMPEG] frame=18125 fps= 18 q=28.0 q=28.0 size=   99644KiB time=00:16:48.36 bitrate= 809.5kbits/s speed=0.998x elapsed=0:16:49.89
[2026-06-03T08:55:18.314Z] [INFO] [FFMPEG] frame=18135 fps= 18 q=28.0 q=28.0 size=   99703KiB time=00:16:48.92 bitrate= 809.5kbits/s speed=0.999x elapsed=0:16:50.40
[2026-06-03T08:55:18.840Z] [INFO] [FFMPEG] frame=18144 fps= 18 q=27.0 q=28.0 size=   99723KiB time=00:16:49.44 bitrate= 809.3kbits/s speed=0.999x elapsed=0:16:50.92
[2026-06-03T08:55:19.349Z] [INFO] [FFMPEG] frame=18153 fps= 18 q=28.0 q=28.0 size=   99799KiB time=00:16:49.92 bitrate= 809.5kbits/s speed=0.998x elapsed=0:16:51.43
[2026-06-03T08:55:19.874Z] [INFO] [FFMPEG] frame=18162 fps= 18 q=28.0 q=28.0 size=   99818KiB time=00:16:50.44 bitrate= 809.3kbits/s speed=0.998x elapsed=0:16:51.96
[2026-06-03T08:55:20.378Z] [INFO] [FFMPEG] frame=18171 fps= 18 q=28.0 q=28.0 size=   99869KiB time=00:16:50.92 bitrate= 809.3kbits/s speed=0.998x elapsed=0:16:52.46
[2026-06-03T08:55:20.903Z] [INFO] [FFMPEG] frame=18181 fps= 18 q=27.0 q=28.0 size=   99897KiB time=00:16:51.48 bitrate= 809.1kbits/s speed=0.999x elapsed=0:16:52.99
[2026-06-03T08:55:21.414Z] [INFO] [FFMPEG] frame=18190 fps= 18 q=28.0 q=28.0 size=   99954KiB time=00:16:52.00 bitrate= 809.1kbits/s speed=0.999x elapsed=0:16:53.50
[2026-06-03T08:55:21.925Z] [INFO] [FFMPEG] frame=18199 fps= 18 q=28.0 q=28.0 size=   99974KiB time=00:16:52.48 bitrate= 808.9kbits/s speed=0.998x elapsed=0:16:54.01
[2026-06-03T08:55:22.449Z] [INFO] [FFMPEG] frame=18209 fps= 18 q=28.0 q=28.0 size=  100036KiB time=00:16:53.04 bitrate= 808.9kbits/s speed=0.999x elapsed=0:16:54.53
[2026-06-03T08:55:22.960Z] [INFO] [FFMPEG] frame=18217 fps= 18 q=27.0 q=28.0 size=  100089KiB time=00:16:53.48 bitrate= 809.0kbits/s speed=0.998x elapsed=0:16:55.04
[2026-06-03T08:55:23.482Z] [INFO] [FFMPEG] frame=18227 fps= 18 q=28.0 q=28.0 size=  100139KiB time=00:16:54.04 bitrate= 809.0kbits/s speed=0.998x elapsed=0:16:55.56
[2026-06-03T08:55:23.994Z] [INFO] [FFMPEG] frame=18236 fps= 18 q=28.0 q=28.0 size=  100202KiB time=00:16:54.56 bitrate= 809.1kbits/s speed=0.999x elapsed=0:16:56.08
[2026-06-03T08:55:24.505Z] [INFO] [FFMPEG] frame=18245 fps= 18 q=28.0 q=28.0 size=  100255KiB time=00:16:55.04 bitrate= 809.1kbits/s speed=0.998x elapsed=0:16:56.59
[2026-06-03T08:55:25.018Z] [INFO] [FFMPEG] frame=18255 fps= 18 q=28.0 q=28.0 size=  100436KiB time=00:16:55.60 bitrate= 810.1kbits/s speed=0.999x elapsed=0:16:57.10
[2026-06-03T08:55:25.541Z] [INFO] [FFMPEG] frame=18264 fps= 18 q=28.0 q=28.0 size=  100473KiB time=00:16:56.08 bitrate= 810.1kbits/s speed=0.998x elapsed=0:16:57.62
[2026-06-03T08:55:26.056Z] [INFO] [FFMPEG] frame=18273 fps= 18 q=26.0 q=28.0 size=  100534KiB time=00:16:56.60 bitrate= 810.1kbits/s speed=0.998x elapsed=0:16:58.14
[2026-06-03T08:55:26.566Z] [INFO] [FFMPEG] frame=18283 fps= 18 q=26.0 q=28.0 size=  100583KiB time=00:16:57.16 bitrate= 810.1kbits/s speed=0.999x elapsed=0:16:58.65
[2026-06-03T08:55:27.092Z] [INFO] [FFMPEG] frame=18292 fps= 18 q=27.0 q=28.0 size=  100624KiB time=00:16:57.64 bitrate= 810.0kbits/s speed=0.998x elapsed=0:16:59.17
[2026-06-03T08:55:27.605Z] [INFO] [FFMPEG] frame=18302 fps= 18 q=27.0 q=28.0 size=  100657KiB time=00:16:58.20 bitrate= 809.8kbits/s speed=0.999x elapsed=0:16:59.69
[2026-06-03T08:55:28.117Z] [INFO] [FFMPEG] frame=18310 fps= 18 q=27.0 q=28.0 size=  100698KiB time=00:16:58.64 bitrate= 809.8kbits/s speed=0.998x elapsed=0:17:00.20
[2026-06-03T08:55:28.629Z] [INFO] [FFMPEG] frame=18320 fps= 18 q=27.0 q=28.0 size=  100749KiB time=00:16:59.20 bitrate= 809.8kbits/s speed=0.999x elapsed=0:17:00.71
[2026-06-03T08:55:29.155Z] [INFO] [FFMPEG] frame=18330 fps= 18 q=26.0 q=28.0 size=  100829KiB time=00:16:59.76 bitrate= 810.0kbits/s speed=0.999x elapsed=0:17:01.24
[2026-06-03T08:55:29.441Z] [INFO] [FFMPEG] [segment @ 0000022082052b80] Opening '//192.168.19.189/encova/cam01/2026/06/03/15-55-29.mp4' for writing
[2026-06-03T08:55:29.668Z] [INFO] [FFMPEG] frame=18338 fps= 18 q=27.0 q=28.0 size=  100853KiB time=00:17:00.20 bitrate= 809.8kbits/s speed=0.998x elapsed=0:17:01.75
[2026-06-03T08:55:30.184Z] [INFO] [FFMPEG] frame=18348 fps= 18 q=27.0 q=28.0 size=  100887KiB time=00:17:00.76 bitrate= 809.7kbits/s speed=0.999x elapsed=0:17:02.27
[2026-06-03T08:55:30.699Z] [INFO] [FFMPEG] frame=18357 fps= 18 q=28.0 q=28.0 size=  100945KiB time=00:17:01.28 bitrate= 809.7kbits/s speed=0.999x elapsed=0:17:02.78
[2026-06-03T08:55:31.212Z] [INFO] [FFMPEG] frame=18366 fps= 18 q=27.0 q=28.0 size=  100985KiB time=00:17:01.76 bitrate= 809.7kbits/s speed=0.998x elapsed=0:17:03.29
[2026-06-03T08:55:31.732Z] [INFO] [FFMPEG] frame=18376 fps= 18 q=27.0 q=28.0 size=  101035KiB time=00:17:02.32 bitrate= 809.6kbits/s speed=0.999x elapsed=0:17:03.81
[2026-06-03T08:55:32.242Z] [INFO] [FFMPEG] frame=18384 fps= 18 q=26.0 q=28.0 size=  101082KiB time=00:17:02.76 bitrate= 809.6kbits/s speed=0.998x elapsed=0:17:04.32
[2026-06-03T08:55:32.755Z] [INFO] [FFMPEG] frame=18394 fps= 18 q=26.0 q=28.0 size=  101101KiB time=00:17:03.32 bitrate= 809.3kbits/s speed=0.999x elapsed=0:17:04.84
[2026-06-03T08:55:33.270Z] [INFO] [FFMPEG] frame=18403 fps= 18 q=28.0 q=28.0 size=  101164KiB time=00:17:03.80 bitrate= 809.5kbits/s speed=0.998x elapsed=0:17:05.35
[2026-06-03T08:55:33.797Z] [INFO] [FFMPEG] frame=18413 fps= 18 q=27.0 q=28.0 size=  101208KiB time=00:17:04.36 bitrate= 809.4kbits/s speed=0.999x elapsed=0:17:05.88
[2026-06-03T08:55:34.311Z] [INFO] [FFMPEG] frame=18422 fps= 18 q=27.0 q=28.0 size=  101260KiB time=00:17:04.88 bitrate= 809.4kbits/s speed=0.999x elapsed=0:17:06.39
[2026-06-03T08:55:34.823Z] [INFO] [FFMPEG] frame=18431 fps= 18 q=27.0 q=28.0 size=  101294KiB time=00:17:05.36 bitrate= 809.3kbits/s speed=0.998x elapsed=0:17:06.91
[2026-06-03T08:55:35.334Z] [INFO] [FFMPEG] frame=18441 fps= 18 q=28.0 q=28.0 size=  101357KiB time=00:17:05.92 bitrate= 809.3kbits/s speed=0.999x elapsed=0:17:07.42
[2026-06-03T08:55:35.845Z] [INFO] [FFMPEG] frame=18450 fps= 18 q=27.0 q=28.0 size=  101378KiB time=00:17:06.44 bitrate= 809.1kbits/s speed=0.999x elapsed=0:17:07.93
[2026-06-03T08:55:36.374Z] [INFO] [FFMPEG] frame=18459 fps= 18 q=27.0 q=28.0 size=  101444KiB time=00:17:06.92 bitrate= 809.2kbits/s speed=0.999x elapsed=0:17:08.46
[2026-06-03T08:55:36.886Z] [INFO] [FFMPEG] frame=18469 fps= 18 q=28.0 q=28.0 size=  101465KiB time=00:17:07.48 bitrate= 809.0kbits/s speed=0.999x elapsed=0:17:08.97
[2026-06-03T08:55:37.399Z] [INFO] [FFMPEG] frame=18477 fps= 18 q=27.0 q=28.0 size=  101527KiB time=00:17:07.92 bitrate= 809.1kbits/s speed=0.998x elapsed=0:17:09.48
[2026-06-03T08:55:37.912Z] [INFO] [FFMPEG] frame=18487 fps= 18 q=26.0 q=28.0 size=  101590KiB time=00:17:08.48 bitrate= 809.2kbits/s speed=0.999x elapsed=0:17:10.00
[2026-06-03T08:55:38.426Z] [INFO] [FFMPEG] frame=18496 fps= 18 q=28.0 q=28.0 size=  101624KiB time=00:17:09.00 bitrate= 809.0kbits/s speed=0.999x elapsed=0:17:10.51
[2026-06-03T08:55:38.940Z] [INFO] [FFMPEG] frame=18505 fps= 18 q=28.0 q=28.0 size=  101821KiB time=00:17:09.48 bitrate= 810.2kbits/s speed=0.998x elapsed=0:17:11.02
[2026-06-03T08:55:39.464Z] [INFO] [FFMPEG] frame=18515 fps= 18 q=28.0 q=28.0 size=  101863KiB time=00:17:10.04 bitrate= 810.1kbits/s speed=0.999x elapsed=0:17:11.55
[2026-06-03T08:55:39.976Z] [INFO] [FFMPEG] frame=18524 fps= 18 q=27.0 q=28.0 size=  101887KiB time=00:17:10.56 bitrate= 809.9kbits/s speed=0.999x elapsed=0:17:12.06
[2026-06-03T08:55:40.488Z] [INFO] [FFMPEG] frame=18533 fps= 18 q=28.0 q=28.0 size=  101945KiB time=00:17:11.04 bitrate= 810.0kbits/s speed=0.999x elapsed=0:17:12.57
[2026-06-03T08:55:41.014Z] [INFO] [FFMPEG] frame=18543 fps= 18 q=26.0 q=28.0 size=  102002KiB time=00:17:11.60 bitrate= 810.0kbits/s speed=0.999x elapsed=0:17:13.10
[2026-06-03T08:55:41.530Z] [INFO] [FFMPEG] frame=18552 fps= 18 q=28.0 q=28.0 size=  102046KiB time=00:17:12.08 bitrate= 810.0kbits/s speed=0.999x elapsed=0:17:13.61
[2026-06-03T08:55:42.042Z] [INFO] [FFMPEG] frame=18561 fps= 18 q=28.0 q=28.0 size=  102088KiB time=00:17:12.60 bitrate= 809.9kbits/s speed=0.999x elapsed=0:17:14.12
[2026-06-03T08:55:42.556Z] [INFO] [FFMPEG] frame=18570 fps= 18 q=28.0 q=28.0 size=  102131KiB time=00:17:13.08 bitrate= 809.9kbits/s speed=0.998x elapsed=0:17:14.64
[2026-06-03T08:55:43.067Z] [INFO] [FFMPEG] frame=18579 fps= 18 q=28.0 q=28.0 size=  102171KiB time=00:17:13.60 bitrate= 809.8kbits/s speed=0.998x elapsed=0:17:15.15
[2026-06-03T08:55:43.581Z] [INFO] [FFMPEG] frame=18589 fps= 18 q=26.0 q=28.0 size=  102215KiB time=00:17:14.16 bitrate= 809.7kbits/s speed=0.999x elapsed=0:17:15.66
[2026-06-03T08:55:44.103Z] [INFO] [FFMPEG] frame=18598 fps= 18 q=27.0 q=28.0 size=  102246KiB time=00:17:14.64 bitrate= 809.6kbits/s speed=0.999x elapsed=0:17:16.19
[2026-06-03T08:55:44.617Z] [INFO] [FFMPEG] frame=18608 fps= 18 q=27.0 q=28.0 size=  102291KiB time=00:17:15.20 bitrate= 809.5kbits/s speed=0.999x elapsed=0:17:16.70
[2026-06-03T08:55:45.128Z] [INFO] [FFMPEG] frame=18617 fps= 18 q=28.0 q=28.0 size=  102341KiB time=00:17:15.72 bitrate= 809.5kbits/s speed=0.999x elapsed=0:17:17.21
[2026-06-03T08:55:45.642Z] [INFO] [FFMPEG] frame=18626 fps= 18 q=27.0 q=28.0 size=  102378KiB time=00:17:16.20 bitrate= 809.4kbits/s speed=0.999x elapsed=0:17:17.73
[2026-06-03T08:55:46.157Z] [INFO] [FFMPEG] frame=18636 fps= 18 q=26.0 q=28.0 size=  102420KiB time=00:17:16.76 bitrate= 809.3kbits/s speed=0.999x elapsed=0:17:18.24
[2026-06-03T08:55:46.687Z] [INFO] [FFMPEG] frame=18644 fps= 18 q=27.0 q=28.0 size=  102462KiB time=00:17:17.20 bitrate= 809.3kbits/s speed=0.998x elapsed=0:17:18.77
[2026-06-03T08:55:47.203Z] [INFO] [FFMPEG] frame=18654 fps= 18 q=27.0 q=28.0 size=  102525KiB time=00:17:17.76 bitrate= 809.3kbits/s speed=0.999x elapsed=0:17:19.29
[2026-06-03T08:55:47.717Z] [INFO] [FFMPEG] frame=18664 fps= 18 q=26.0 q=28.0 size=  102552KiB time=00:17:18.32 bitrate= 809.1kbits/s speed=0.999x elapsed=0:17:19.80
[2026-06-03T08:55:48.230Z] [INFO] [FFMPEG] frame=18672 fps= 18 q=27.0 q=28.0 size=  102591KiB time=00:17:18.76 bitrate= 809.1kbits/s speed=0.999x elapsed=0:17:20.31
[2026-06-03T08:55:48.744Z] [INFO] [FFMPEG] frame=18682 fps= 18 q=26.0 q=28.0 size=  102645KiB time=00:17:19.32 bitrate= 809.1kbits/s speed=0.999x elapsed=0:17:20.83
[2026-06-03T08:55:49.266Z] [INFO] [FFMPEG] frame=18691 fps= 18 q=27.0 q=28.0 size=  102704KiB time=00:17:19.80 bitrate= 809.1kbits/s speed=0.999x elapsed=0:17:21.35
[2026-06-03T08:55:49.775Z] [INFO] [FFMPEG] frame=18700 fps= 18 q=27.0 q=28.0 size=  102740KiB time=00:17:20.32 bitrate= 809.0kbits/s speed=0.999x elapsed=0:17:21.86
[2026-06-03T08:55:50.290Z] [INFO] [FFMPEG] frame=18710 fps= 18 q=27.0 q=28.0 size=  102805KiB time=00:17:20.88 bitrate= 809.1kbits/s speed=0.999x elapsed=0:17:22.37
[2026-06-03T08:55:50.799Z] [INFO] [FFMPEG] frame=18719 fps= 18 q=26.0 q=28.0 size=  102839KiB time=00:17:21.36 bitrate= 809.0kbits/s speed=0.999x elapsed=0:17:22.88
[2026-06-03T08:55:51.325Z] [INFO] [FFMPEG] frame=18729 fps= 18 q=27.0 q=28.0 size=  102893KiB time=00:17:21.92 bitrate= 809.0kbits/s speed=0.999x elapsed=0:17:23.41
[2026-06-03T08:55:51.836Z] [INFO] [FFMPEG] frame=18738 fps= 18 q=28.0 q=28.0 size=  102926KiB time=00:17:22.44 bitrate= 808.8kbits/s speed=0.999x elapsed=0:17:23.92
[2026-06-03T08:55:52.350Z] [INFO] [FFMPEG] frame=18747 fps= 18 q=28.0 q=28.0 size=  102988KiB time=00:17:22.92 bitrate= 809.0kbits/s speed=0.999x elapsed=0:17:24.43
[2026-06-03T08:55:52.861Z] [INFO] [FFMPEG] frame=18756 fps= 18 q=27.0 q=28.0 size=  103188KiB time=00:17:23.44 bitrate= 810.1kbits/s speed=0.999x elapsed=0:17:24.94
[2026-06-03T08:55:53.391Z] [INFO] [FFMPEG] frame=18765 fps= 18 q=27.0 q=28.0 size=  103263KiB time=00:17:23.92 bitrate= 810.3kbits/s speed=0.999x elapsed=0:17:25.47
[2026-06-03T08:55:53.903Z] [INFO] [FFMPEG] frame=18775 fps= 18 q=27.0 q=28.0 size=  103279KiB time=00:17:24.48 bitrate= 810.0kbits/s speed=0.999x elapsed=0:17:25.99
[2026-06-03T08:55:54.418Z] [INFO] [FFMPEG] frame=18784 fps= 18 q=28.0 q=28.0 size=  103346KiB time=00:17:25.00 bitrate= 810.2kbits/s speed=0.999x elapsed=0:17:26.50
[2026-06-03T08:55:54.930Z] [INFO] [FFMPEG] frame=18793 fps= 18 q=28.0 q=28.0 size=  103384KiB time=00:17:25.48 bitrate= 810.1kbits/s speed=0.999x elapsed=0:17:27.01
[2026-06-03T08:55:55.444Z] [INFO] [FFMPEG] frame=18803 fps= 18 q=28.0 q=28.0 size=  103437KiB time=00:17:26.04 bitrate= 810.1kbits/s speed=0.999x elapsed=0:17:27.53
[2026-06-03T08:55:55.959Z] [INFO] [FFMPEG] frame=18811 fps= 18 q=26.0 q=28.0 size=  103461KiB time=00:17:26.48 bitrate= 809.9kbits/s speed=0.999x elapsed=0:17:28.04
[2026-06-03T08:55:56.484Z] [INFO] [FFMPEG] frame=18821 fps= 18 q=26.0 q=28.0 size=  103525KiB time=00:17:27.04 bitrate= 810.0kbits/s speed=0.999x elapsed=0:17:28.57
[2026-06-03T08:55:56.996Z] [INFO] [FFMPEG] frame=18831 fps= 18 q=26.0 q=28.0 size=  103572KiB time=00:17:27.60 bitrate= 809.9kbits/s speed=0.999x elapsed=0:17:29.08
[2026-06-03T08:55:57.510Z] [INFO] [FFMPEG] frame=18839 fps= 18 q=28.0 q=28.0 size=  103613KiB time=00:17:28.04 bitrate= 809.9kbits/s speed=0.999x elapsed=0:17:29.59
[2026-06-03T08:55:58.023Z] [INFO] [FFMPEG] frame=18849 fps= 18 q=28.0 q=28.0 size=  103668KiB time=00:17:28.60 bitrate= 809.9kbits/s speed=0.999x elapsed=0:17:30.11
[2026-06-03T08:55:58.535Z] [INFO] [FFMPEG] frame=18858 fps= 18 q=28.0 q=28.0 size=  103698KiB time=00:17:29.08 bitrate= 809.8kbits/s speed=0.999x elapsed=0:17:30.62
[2026-06-03T08:55:59.049Z] [INFO] [FFMPEG] frame=18867 fps= 18 q=26.0 q=28.0 size=  103759KiB time=00:17:29.60 bitrate= 809.8kbits/s speed=0.999x elapsed=0:17:31.13
[2026-06-03T08:55:59.577Z] [INFO] [FFMPEG] frame=18877 fps= 18 q=28.0 q=28.0 size=  103804KiB time=00:17:30.16 bitrate= 809.7kbits/s speed=0.999x elapsed=0:17:31.66
[2026-06-03T08:56:00.094Z] [INFO] [FFMPEG] frame=18886 fps= 18 q=27.0 q=28.0 size=  103847KiB time=00:17:30.64 bitrate= 809.7kbits/s speed=0.999x elapsed=0:17:32.18
[2026-06-03T08:56:00.607Z] [INFO] [FFMPEG] frame=18896 fps= 18 q=27.0 q=28.0 size=  103881KiB time=00:17:31.20 bitrate= 809.5kbits/s speed=0.999x elapsed=0:17:32.69
[2026-06-03T08:56:01.118Z] [INFO] [FFMPEG] frame=18904 fps= 18 q=27.0 q=28.0 size=  103939KiB time=00:17:31.64 bitrate= 809.7kbits/s speed=0.999x elapsed=0:17:33.20
[2026-06-03T08:56:01.630Z] [INFO] [FFMPEG] frame=18914 fps= 18 q=27.0 q=28.0 size=  103997KiB time=00:17:32.20 bitrate= 809.7kbits/s speed=0.999x elapsed=0:17:33.71
[2026-06-03T08:56:02.142Z] [INFO] [FFMPEG] frame=18923 fps= 18 q=26.0 q=28.0 size=  104048KiB time=00:17:32.72 bitrate= 809.7kbits/s speed=0.999x elapsed=0:17:34.22
[2026-06-03T08:56:02.671Z] [INFO] [FFMPEG] frame=18932 fps= 18 q=27.0 q=28.0 size=  104086KiB time=00:17:33.20 bitrate= 809.6kbits/s speed=0.999x elapsed=0:17:34.75
[2026-06-03T08:56:03.183Z] [INFO] [FFMPEG] frame=18942 fps= 18 q=27.0 q=28.0 size=  104133KiB time=00:17:33.76 bitrate= 809.5kbits/s speed=0.999x elapsed=0:17:35.27
[2026-06-03T08:56:03.696Z] [INFO] [FFMPEG] frame=18951 fps= 18 q=28.0 q=28.0 size=  104172KiB time=00:17:34.28 bitrate= 809.4kbits/s speed=0.999x elapsed=0:17:35.78
[2026-06-03T08:56:04.206Z] [INFO] [FFMPEG] frame=18960 fps= 18 q=27.0 q=28.0 size=  104214KiB time=00:17:34.76 bitrate= 809.4kbits/s speed=0.999x elapsed=0:17:36.29
[2026-06-03T08:56:04.722Z] [INFO] [FFMPEG] frame=18970 fps= 18 q=27.0 q=28.0 size=  104261KiB time=00:17:35.32 bitrate= 809.3kbits/s speed=0.999x elapsed=0:17:36.81
[2026-06-03T08:56:05.238Z] [INFO] [FFMPEG] frame=18978 fps= 18 q=27.0 q=28.0 size=  104300KiB time=00:17:35.76 bitrate= 809.3kbits/s speed=0.999x elapsed=0:17:37.32
[2026-06-03T08:56:05.753Z] [INFO] [FFMPEG] frame=18988 fps= 18 q=27.0 q=28.0 size=  104343KiB time=00:17:36.32 bitrate= 809.2kbits/s speed=0.999x elapsed=0:17:37.84
[2026-06-03T08:56:06.280Z] [INFO] [FFMPEG] frame=18998 fps= 18 q=27.0 q=28.0 size=  104408KiB time=00:17:36.88 bitrate= 809.3kbits/s speed=0.999x elapsed=0:17:38.36
[2026-06-03T08:56:06.790Z] [INFO] [FFMPEG] frame=19006 fps= 18 q=26.0 q=28.0 size=  104608KiB time=00:17:37.32 bitrate= 810.5kbits/s speed=0.999x elapsed=0:17:38.87
[2026-06-03T08:56:07.299Z] [INFO] [FFMPEG] frame=19016 fps= 18 q=27.0 q=28.0 size=  104669KiB time=00:17:37.88 bitrate= 810.5kbits/s speed=0.999x elapsed=0:17:39.38
[2026-06-03T08:56:07.825Z] [INFO] [FFMPEG] frame=19025 fps= 18 q=27.0 q=28.0 size=  104688KiB time=00:17:38.36 bitrate= 810.3kbits/s speed=0.999x elapsed=0:17:39.91
[2026-06-03T08:56:08.335Z] [INFO] [FFMPEG] frame=19035 fps= 18 q=28.0 q=28.0 size=  104764KiB time=00:17:38.92 bitrate= 810.5kbits/s speed=0.999x elapsed=0:17:40.42
[2026-06-03T08:56:08.859Z] [INFO] [FFMPEG] frame=19044 fps= 18 q=27.0 q=28.0 size=  104795KiB time=00:17:39.44 bitrate= 810.3kbits/s speed=0.999x elapsed=0:17:40.94
[2026-06-03T08:56:09.374Z] [INFO] [FFMPEG] frame=19053 fps= 18 q=28.0 q=28.0 size=  104859KiB time=00:17:39.92 bitrate= 810.4kbits/s speed=0.999x elapsed=0:17:41.46
[2026-06-03T08:56:09.887Z] [INFO] [FFMPEG] frame=19063 fps= 18 q=27.0 q=28.0 size=  104872KiB time=00:17:40.48 bitrate= 810.1kbits/s speed=0.999x elapsed=0:17:41.97
[2026-06-03T08:56:10.399Z] [INFO] [FFMPEG] frame=19071 fps= 18 q=27.0 q=28.0 size=  104929KiB time=00:17:40.92 bitrate= 810.2kbits/s speed=0.999x elapsed=0:17:42.48
[2026-06-03T08:56:10.911Z] [INFO] [FFMPEG] frame=19081 fps= 18 q=26.0 q=28.0 size=  104965KiB time=00:17:41.48 bitrate= 810.1kbits/s speed=0.999x elapsed=0:17:42.99
[2026-06-03T08:56:11.438Z] [INFO] [FFMPEG] frame=19091 fps= 18 q=28.0 q=28.0 size=  105020KiB time=00:17:42.04 bitrate= 810.1kbits/s speed=0.999x elapsed=0:17:43.52
[2026-06-03T08:56:11.952Z] [INFO] [FFMPEG] frame=19099 fps= 18 q=27.0 q=28.0 size=  105065KiB time=00:17:42.48 bitrate= 810.1kbits/s speed=0.999x elapsed=0:17:44.04
[2026-06-03T08:56:12.463Z] [INFO] [FFMPEG] frame=19109 fps= 18 q=26.0 q=28.0 size=  105107KiB time=00:17:43.04 bitrate= 810.0kbits/s speed=0.999x elapsed=0:17:44.55
[2026-06-03T08:56:12.976Z] [INFO] [FFMPEG] frame=19117 fps= 18 q=28.0 q=28.0 size=  105117KiB time=00:17:43.48 bitrate= 809.7kbits/s speed=0.999x elapsed=0:17:45.06
[2026-06-03T08:56:13.487Z] [INFO] [FFMPEG] frame=19127 fps= 18 q=26.0 q=28.0 size=  105172KiB time=00:17:44.04 bitrate= 809.7kbits/s speed=0.999x elapsed=0:17:45.57
[2026-06-03T08:56:14.013Z] [INFO] [FFMPEG] frame=19137 fps= 18 q=28.0 q=28.0 size=  105225KiB time=00:17:44.60 bitrate= 809.7kbits/s speed=0.999x elapsed=0:17:46.10
[2026-06-03T08:56:14.525Z] [INFO] [FFMPEG] frame=19146 fps= 18 q=28.0 q=28.0 size=  105265KiB time=00:17:45.08 bitrate= 809.6kbits/s speed=0.999x elapsed=0:17:46.61
[2026-06-03T08:56:15.034Z] [INFO] [FFMPEG] frame=19155 fps= 18 q=26.0 q=28.0 size=  105326KiB time=00:17:45.60 bitrate= 809.7kbits/s speed=0.999x elapsed=0:17:47.12
[2026-06-03T08:56:15.561Z] [INFO] [FFMPEG] frame=19165 fps= 18 q=26.0 q=28.0 size=  105372KiB time=00:17:46.16 bitrate= 809.6kbits/s speed=0.999x elapsed=0:17:47.64
[2026-06-03T08:56:16.072Z] [INFO] [FFMPEG] frame=19173 fps= 18 q=26.0 q=28.0 size=  105418KiB time=00:17:46.60 bitrate= 809.7kbits/s speed=0.999x elapsed=0:17:48.16
[2026-06-03T08:56:16.584Z] [INFO] [FFMPEG] frame=19183 fps= 18 q=26.0 q=28.0 size=  105436KiB time=00:17:47.16 bitrate= 809.4kbits/s speed=0.999x elapsed=0:17:48.67
[2026-06-03T08:56:17.108Z] [INFO] [FFMPEG] frame=19192 fps= 18 q=27.0 q=28.0 size=  105476KiB time=00:17:47.64 bitrate= 809.3kbits/s speed=0.999x elapsed=0:17:49.19
[2026-06-03T08:56:17.622Z] [INFO] [FFMPEG] frame=19202 fps= 18 q=27.0 q=28.0 size=  105525KiB time=00:17:48.20 bitrate= 809.3kbits/s speed=0.999x elapsed=0:17:49.71
[2026-06-03T08:56:18.136Z] [INFO] [FFMPEG] frame=19211 fps= 18 q=28.0 q=28.0 size=  105568KiB time=00:17:48.72 bitrate= 809.2kbits/s speed=0.999x elapsed=0:17:50.22
[2026-06-03T08:56:18.650Z] [INFO] [FFMPEG] frame=19220 fps= 18 q=27.0 q=28.0 size=  105611KiB time=00:17:49.20 bitrate= 809.2kbits/s speed=0.999x elapsed=0:17:50.73
[2026-06-03T08:56:19.160Z] [INFO] [FFMPEG] frame=19230 fps= 18 q=27.0 q=28.0 size=  105678KiB time=00:17:49.76 bitrate= 809.3kbits/s speed=0.999x elapsed=0:17:51.24
[2026-06-03T08:56:19.688Z] [INFO] [FFMPEG] frame=19238 fps= 18 q=27.0 q=28.0 size=  105706KiB time=00:17:50.20 bitrate= 809.1kbits/s speed=0.999x elapsed=0:17:51.77
[2026-06-03T08:56:20.200Z] [INFO] [FFMPEG] frame=19248 fps= 18 q=27.0 q=28.0 size=  105742KiB time=00:17:50.76 bitrate= 809.0kbits/s speed=0.999x elapsed=0:17:52.28
[2026-06-03T08:56:20.711Z] [INFO] [FFMPEG] frame=19257 fps= 18 q=28.0 q=28.0 size=  105924KiB time=00:17:51.28 bitrate= 810.0kbits/s speed=0.999x elapsed=0:17:52.79
[2026-06-03T08:56:21.222Z] [INFO] [FFMPEG] frame=19266 fps= 18 q=27.0 q=28.0 size=  105976KiB time=00:17:51.76 bitrate= 810.0kbits/s speed=0.999x elapsed=0:17:53.30
[2026-06-03T08:56:21.748Z] [INFO] [FFMPEG] frame=19276 fps= 18 q=27.0 q=28.0 size=  106025KiB time=00:17:52.32 bitrate= 810.0kbits/s speed=0.999x elapsed=0:17:53.83
[2026-06-03T08:56:22.259Z] [INFO] [FFMPEG] frame=19285 fps= 18 q=27.0 q=28.0 size=  106081KiB time=00:17:52.80 bitrate= 810.0kbits/s speed=0.999x elapsed=0:17:54.34
[2026-06-03T08:56:22.774Z] [INFO] [FFMPEG] frame=19294 fps= 18 q=26.0 q=28.0 size=  106111KiB time=00:17:53.32 bitrate= 809.9kbits/s speed=0.999x elapsed=0:17:54.86
[2026-06-03T08:56:23.288Z] [INFO] [FFMPEG] frame=19304 fps= 18 q=28.0 q=28.0 size=  106174KiB time=00:17:53.88 bitrate= 809.9kbits/s speed=0.999x elapsed=0:17:55.37
[2026-06-03T08:56:23.800Z] [INFO] [FFMPEG] frame=19313 fps= 18 q=28.0 q=28.0 size=  106205KiB time=00:17:54.36 bitrate= 809.8kbits/s speed=0.999x elapsed=0:17:55.88
[2026-06-03T08:56:24.315Z] [INFO] [FFMPEG] frame=19323 fps= 18 q=27.0 q=28.0 size=  106268KiB time=00:17:54.92 bitrate= 809.9kbits/s speed=0.999x elapsed=0:17:56.40
[2026-06-03T08:56:24.841Z] [INFO] [FFMPEG] frame=19332 fps= 18 q=27.0 q=28.0 size=  106288KiB time=00:17:55.44 bitrate= 809.6kbits/s speed=0.999x elapsed=0:17:56.92
[2026-06-03T08:56:25.352Z] [INFO] [FFMPEG] frame=19341 fps= 18 q=28.0 q=28.0 size=  106348KiB time=00:17:55.92 bitrate= 809.7kbits/s speed=0.999x elapsed=0:17:57.43
[2026-06-03T08:56:25.864Z] [INFO] [FFMPEG] frame=19350 fps= 18 q=27.0 q=28.0 size=  106374KiB time=00:17:56.44 bitrate= 809.5kbits/s speed=0.999x elapsed=0:17:57.95
[2026-06-03T08:56:26.376Z] [INFO] [FFMPEG] frame=19359 fps= 18 q=27.0 q=28.0 size=  106445KiB time=00:17:56.92 bitrate= 809.7kbits/s speed=0.999x elapsed=0:17:58.46
[2026-06-03T08:56:26.906Z] [INFO] [FFMPEG] frame=19369 fps= 18 q=26.0 q=28.0 size=  106474KiB time=00:17:57.48 bitrate= 809.5kbits/s speed=0.999x elapsed=0:17:58.99
[2026-06-03T08:56:27.418Z] [INFO] [FFMPEG] frame=19378 fps= 18 q=28.0 q=28.0 size=  106528KiB time=00:17:58.00 bitrate= 809.5kbits/s speed=0.999x elapsed=0:17:59.50
[2026-06-03T08:56:27.929Z] [INFO] [FFMPEG] frame=19387 fps= 18 q=26.0 q=28.0 size=  106581KiB time=00:17:58.48 bitrate= 809.6kbits/s speed=0.999x elapsed=0:18:00.01
[2026-06-03T08:56:28.442Z] [INFO] [FFMPEG] frame=19397 fps= 18 q=26.0 q=28.0 size=  106617KiB time=00:17:59.04 bitrate= 809.4kbits/s speed=0.999x elapsed=0:18:00.53
[2026-06-03T08:56:28.958Z] [INFO] [FFMPEG] frame=19405 fps= 18 q=28.0 q=28.0 size=  106627KiB time=00:17:59.48 bitrate= 809.2kbits/s speed=0.999x elapsed=0:18:01.04
[2026-06-03T08:56:29.484Z] [INFO] [FFMPEG] frame=19415 fps= 18 q=26.0 q=28.0 size=  106688KiB time=00:18:00.04 bitrate= 809.2kbits/s speed=0.999x elapsed=0:18:01.57
[2026-06-03T08:56:29.496Z] [INFO] [FFMPEG] [segment @ 0000022082052b80] Opening '//192.168.19.189/encova/cam01/2026/06/03/15-56-29.mp4' for writing
[2026-06-03T08:56:29.992Z] [INFO] [FFMPEG] frame=19424 fps= 18 q=27.0 q=28.0 size=  106745KiB time=00:18:00.56 bitrate= 809.3kbits/s speed=0.999x elapsed=0:18:02.08
[2026-06-03T08:56:30.507Z] [INFO] [FFMPEG] frame=19433 fps= 18 q=28.0 q=28.0 size=  106785KiB time=00:18:01.04 bitrate= 809.2kbits/s speed=0.999x elapsed=0:18:02.59
[2026-06-03T08:56:31.018Z] [INFO] [FFMPEG] frame=19443 fps= 18 q=26.0 q=28.0 size=  106852KiB time=00:18:01.60 bitrate= 809.3kbits/s speed=0.999x elapsed=0:18:03.10
[2026-06-03T08:56:31.546Z] [INFO] [FFMPEG] frame=19452 fps= 18 q=27.0 q=28.0 size=  106887KiB time=00:18:02.08 bitrate= 809.2kbits/s speed=0.999x elapsed=0:18:03.63
[2026-06-03T08:56:32.060Z] [INFO] [FFMPEG] frame=19461 fps= 18 q=28.0 q=28.0 size=  106934KiB time=00:18:02.60 bitrate= 809.2kbits/s speed=0.999x elapsed=0:18:04.14
[2026-06-03T08:56:32.576Z] [INFO] [FFMPEG] frame=19471 fps= 18 q=28.0 q=28.0 size=  106965KiB time=00:18:03.16 bitrate= 809.0kbits/s speed=0.999x elapsed=0:18:04.66
[2026-06-03T08:56:33.087Z] [INFO] [FFMPEG] frame=19480 fps= 18 q=27.0 q=28.0 size=  107019KiB time=00:18:03.64 bitrate= 809.0kbits/s speed=0.999x elapsed=0:18:05.17
[2026-06-03T08:56:33.598Z] [INFO] [FFMPEG] frame=19490 fps= 18 q=27.0 q=28.0 size=  107062KiB time=00:18:04.20 bitrate= 808.9kbits/s speed=0.999x elapsed=0:18:05.68
[2026-06-03T08:56:34.124Z] [INFO] [FFMPEG] frame=19498 fps= 18 q=27.0 q=28.0 size=  107100KiB time=00:18:04.64 bitrate= 808.9kbits/s speed=0.999x elapsed=0:18:06.21
[2026-06-03T08:56:34.634Z] [INFO] [FFMPEG] frame=19508 fps= 18 q=27.0 q=28.0 size=  107271KiB time=00:18:05.20 bitrate= 809.8kbits/s speed=0.999x elapsed=0:18:06.72
[2026-06-03T08:56:35.142Z] [INFO] [FFMPEG] frame=19517 fps= 18 q=28.0 q=28.0 size=  107316KiB time=00:18:05.72 bitrate= 809.7kbits/s speed=0.999x elapsed=0:18:07.22
[2026-06-03T08:56:35.667Z] [INFO] [FFMPEG] frame=19526 fps= 18 q=27.0 q=28.0 size=  107363KiB time=00:18:06.20 bitrate= 809.7kbits/s speed=0.999x elapsed=0:18:07.75
[2026-06-03T08:56:36.180Z] [INFO] [FFMPEG] frame=19536 fps= 18 q=27.0 q=28.0 size=  107412KiB time=00:18:06.76 bitrate= 809.7kbits/s speed=0.999x elapsed=0:18:08.26
[2026-06-03T08:56:36.693Z] [INFO] [FFMPEG] frame=19545 fps= 18 q=28.0 q=28.0 size=  107454KiB time=00:18:07.28 bitrate= 809.6kbits/s speed=0.999x elapsed=0:18:08.78
[2026-06-03T08:56:37.218Z] [INFO] [FFMPEG] frame=19554 fps= 18 q=27.0 q=28.0 size=  107504KiB time=00:18:07.76 bitrate= 809.6kbits/s speed=0.999x elapsed=0:18:09.30
[2026-06-03T08:56:37.730Z] [INFO] [FFMPEG] frame=19564 fps= 18 q=27.0 q=28.0 size=  107541KiB time=00:18:08.32 bitrate= 809.5kbits/s speed=0.999x elapsed=0:18:09.81
[2026-06-03T08:56:38.245Z] [INFO] [FFMPEG] frame=19572 fps= 18 q=26.0 q=28.0 size=  107590KiB time=00:18:08.76 bitrate= 809.5kbits/s speed=0.999x elapsed=0:18:10.33
[2026-06-03T08:56:38.759Z] [INFO] [FFMPEG] frame=19582 fps= 18 q=27.0 q=28.0 size=  107624KiB time=00:18:09.32 bitrate= 809.4kbits/s speed=0.999x elapsed=0:18:10.84
[2026-06-03T08:56:39.275Z] [INFO] [FFMPEG] frame=19592 fps= 18 q=28.0 q=28.0 size=  107683KiB time=00:18:09.88 bitrate= 809.4kbits/s speed=0.999x elapsed=0:18:11.36
[2026-06-03T08:56:39.787Z] [INFO] [FFMPEG] frame=19600 fps= 18 q=26.0 q=28.0 size=  107707KiB time=00:18:10.32 bitrate= 809.2kbits/s speed=0.999x elapsed=0:18:11.87
[2026-06-03T08:56:40.302Z] [INFO] [FFMPEG] frame=19610 fps= 18 q=27.0 q=28.0 size=  107770KiB time=00:18:10.88 bitrate= 809.3kbits/s speed=0.999x elapsed=0:18:12.39
[2026-06-03T08:56:40.818Z] [INFO] [FFMPEG] frame=19619 fps= 18 q=27.0 q=28.0 size=  107793KiB time=00:18:11.36 bitrate= 809.1kbits/s speed=0.999x elapsed=0:18:12.90
[2026-06-03T08:56:41.344Z] [INFO] [FFMPEG] frame=19629 fps= 18 q=28.0 q=28.0 size=  107849KiB time=00:18:11.92 bitrate= 809.1kbits/s speed=0.999x elapsed=0:18:13.43
[2026-06-03T08:56:41.853Z] [INFO] [FFMPEG] frame=19638 fps= 18 q=28.0 q=28.0 size=  107884KiB time=00:18:12.44 bitrate= 809.0kbits/s speed=0.999x elapsed=0:18:13.94
[2026-06-03T08:56:42.367Z] [INFO] [FFMPEG] frame=19647 fps= 18 q=27.0 q=28.0 size=  107954KiB time=00:18:12.92 bitrate= 809.2kbits/s speed=0.999x elapsed=0:18:14.45
[2026-06-03T08:56:42.879Z] [INFO] [FFMPEG] frame=19657 fps= 18 q=26.0 q=28.0 size=  107967KiB time=00:18:13.48 bitrate= 808.9kbits/s speed=0.999x elapsed=0:18:14.96
[2026-06-03T08:56:43.396Z] [INFO] [FFMPEG] frame=19665 fps= 18 q=27.0 q=28.0 size=  108025KiB time=00:18:13.92 bitrate= 809.0kbits/s speed=0.999x elapsed=0:18:15.48
[2026-06-03T08:56:43.908Z] [INFO] [FFMPEG] frame=19675 fps= 18 q=28.0 q=28.0 size=  108083KiB time=00:18:14.48 bitrate= 809.0kbits/s speed=0.999x elapsed=0:18:15.99
[2026-06-03T08:56:44.438Z] [INFO] [FFMPEG] frame=19685 fps= 18 q=28.0 q=28.0 size=  108136KiB time=00:18:15.04 bitrate= 809.0kbits/s speed=0.999x elapsed=0:18:16.52
[2026-06-03T08:56:44.950Z] [INFO] [FFMPEG] frame=19693 fps= 18 q=26.0 q=28.0 size=  108188KiB time=00:18:15.48 bitrate= 809.0kbits/s speed=0.999x elapsed=0:18:17.03
[2026-06-03T08:56:45.464Z] [INFO] [FFMPEG] frame=19703 fps= 18 q=28.0 q=28.0 size=  108235KiB time=00:18:16.04 bitrate= 809.0kbits/s speed=0.999x elapsed=0:18:17.55
[2026-06-03T08:56:45.975Z] [INFO] [FFMPEG] frame=19712 fps= 18 q=27.0 q=28.0 size=  108261KiB time=00:18:16.56 bitrate= 808.8kbits/s speed=0.999x elapsed=0:18:18.06
[2026-06-03T08:56:46.501Z] [INFO] [FFMPEG] frame=19721 fps= 18 q=27.0 q=28.0 size=  108319KiB time=00:18:17.04 bitrate= 808.9kbits/s speed=0.999x elapsed=0:18:18.58
[2026-06-03T08:56:47.012Z] [INFO] [FFMPEG] frame=19731 fps= 18 q=26.0 q=28.0 size=  108377KiB time=00:18:17.60 bitrate= 808.9kbits/s speed=0.999x elapsed=0:18:19.09
[2026-06-03T08:56:47.524Z] [INFO] [FFMPEG] frame=19740 fps= 18 q=27.0 q=28.0 size=  108415KiB time=00:18:18.08 bitrate= 808.8kbits/s speed=0.999x elapsed=0:18:19.61
[2026-06-03T08:56:48.037Z] [INFO] [FFMPEG] frame=19749 fps= 18 q=26.0 q=28.0 size=  108433KiB time=00:18:18.60 bitrate= 808.6kbits/s speed=0.999x elapsed=0:18:20.12
[2026-06-03T08:56:48.552Z] [INFO] [FFMPEG] frame=19759 fps= 18 q=26.0 q=28.0 size=  108638KiB time=00:18:19.16 bitrate= 809.7kbits/s speed=0.999x elapsed=0:18:20.63
[2026-06-03T08:56:49.080Z] [INFO] [FFMPEG] frame=19768 fps= 18 q=27.0 q=28.0 size=  108698KiB time=00:18:19.60 bitrate= 809.8kbits/s speed=0.999x elapsed=0:18:21.16
[2026-06-03T08:56:49.603Z] [INFO] [FFMPEG] frame=19777 fps= 18 q=26.0 q=28.0 size=  108756KiB time=00:18:20.16 bitrate= 809.8kbits/s speed=0.999x elapsed=0:18:21.69
[2026-06-03T08:56:50.118Z] [INFO] [FFMPEG] frame=19786 fps= 18 q=27.0 q=28.0 size=  108808KiB time=00:18:20.64 bitrate= 809.9kbits/s speed=0.999x elapsed=0:18:22.20
[2026-06-03T08:56:50.633Z] [INFO] [FFMPEG] frame=19796 fps= 18 q=27.0 q=28.0 size=  108858KiB time=00:18:21.20 bitrate= 809.8kbits/s speed=0.999x elapsed=0:18:22.72
[2026-06-03T08:56:51.148Z] [INFO] [FFMPEG] frame=19805 fps= 18 q=26.0 q=28.0 size=  108903KiB time=00:18:21.72 bitrate= 809.8kbits/s speed=0.999x elapsed=0:18:23.23
[2026-06-03T08:56:51.662Z] [INFO] [FFMPEG] frame=19814 fps= 18 q=27.0 q=28.0 size=  108920KiB time=00:18:22.20 bitrate= 809.5kbits/s speed=0.999x elapsed=0:18:23.74
[2026-06-03T08:56:52.176Z] [INFO] [FFMPEG] frame=19824 fps= 18 q=26.0 q=28.0 size=  108970KiB time=00:18:22.76 bitrate= 809.5kbits/s speed=0.999x elapsed=0:18:24.26
[2026-06-03T08:56:52.690Z] [INFO] [FFMPEG] frame=19832 fps= 18 q=27.0 q=28.0 size=  109009KiB time=00:18:23.20 bitrate= 809.5kbits/s speed=0.999x elapsed=0:18:24.77
[2026-06-03T08:56:53.219Z] [INFO] [FFMPEG] frame=19842 fps= 18 q=27.0 q=28.0 size=  109061KiB time=00:18:23.76 bitrate= 809.4kbits/s speed=0.999x elapsed=0:18:25.30
[2026-06-03T08:56:53.731Z] [INFO] [FFMPEG] frame=19852 fps= 18 q=26.0 q=28.0 size=  109115KiB time=00:18:24.32 bitrate= 809.4kbits/s speed=0.999x elapsed=0:18:25.81
[2026-06-03T08:56:54.241Z] [INFO] [FFMPEG] frame=19860 fps= 18 q=27.0 q=28.0 size=  109168KiB time=00:18:24.76 bitrate= 809.5kbits/s speed=0.999x elapsed=0:18:26.32
[2026-06-03T08:56:54.765Z] [INFO] [FFMPEG] frame=19870 fps= 18 q=26.0 q=28.0 size=  109218KiB time=00:18:25.32 bitrate= 809.5kbits/s speed=0.999x elapsed=0:18:26.85
[2026-06-03T08:56:55.276Z] [INFO] [FFMPEG] frame=19880 fps= 18 q=27.0 q=28.0 size=  109271KiB time=00:18:25.84 bitrate= 809.5kbits/s speed=0.999x elapsed=0:18:27.36
[2026-06-03T08:56:55.790Z] [INFO] [FFMPEG] frame=19888 fps= 18 q=27.0 q=28.0 size=  109302KiB time=00:18:26.32 bitrate= 809.3kbits/s speed=0.999x elapsed=0:18:27.87
[2026-06-03T08:56:56.302Z] [INFO] [FFMPEG] frame=19898 fps= 18 q=28.0 q=28.0 size=  109355KiB time=00:18:26.88 bitrate= 809.3kbits/s speed=0.999x elapsed=0:18:28.39
[2026-06-03T08:56:56.826Z] [INFO] [FFMPEG] frame=19907 fps= 18 q=28.0 q=28.0 size=  109391KiB time=00:18:27.36 bitrate= 809.3kbits/s speed=0.999x elapsed=0:18:28.91
[2026-06-03T08:56:57.340Z] [INFO] [FFMPEG] frame=19917 fps= 18 q=28.0 q=28.0 size=  109460KiB time=00:18:27.92 bitrate= 809.4kbits/s speed=0.999x elapsed=0:18:29.42
[2026-06-03T08:56:57.852Z] [INFO] [FFMPEG] frame=19926 fps= 18 q=27.0 q=28.0 size=  109482KiB time=00:18:28.44 bitrate= 809.1kbits/s speed=0.999x elapsed=0:18:29.93
[2026-06-03T08:56:58.363Z] [INFO] [FFMPEG] frame=19935 fps= 18 q=28.0 q=28.0 size=  109544KiB time=00:18:28.92 bitrate= 809.2kbits/s speed=0.999x elapsed=0:18:30.45
[2026-06-03T08:56:58.891Z] [INFO] [FFMPEG] frame=19945 fps= 18 q=28.0 q=28.0 size=  109566KiB time=00:18:29.48 bitrate= 809.0kbits/s speed=0.999x elapsed=0:18:30.97
[2026-06-03T08:56:59.401Z] [INFO] [FFMPEG] frame=19953 fps= 18 q=28.0 q=28.0 size=  109620KiB time=00:18:29.92 bitrate= 809.1kbits/s speed=0.999x elapsed=0:18:31.48
[2026-06-03T08:56:59.914Z] [INFO] [FFMPEG] frame=19963 fps= 18 q=28.0 q=28.0 size=  109654KiB time=00:18:30.48 bitrate= 808.9kbits/s speed=0.999x elapsed=0:18:32.00
[2026-06-03T08:57:00.423Z] [INFO] [FFMPEG] frame=19972 fps= 18 q=24.0 q=28.0 size=  109713KiB time=00:18:31.00 bitrate= 809.0kbits/s speed=0.999x elapsed=0:18:32.51
[2026-06-03T08:57:00.948Z] [INFO] [FFMPEG] frame=19981 fps= 18 q=26.0 q=28.0 size=  109735KiB time=00:18:31.48 bitrate= 808.8kbits/s speed=0.999x elapsed=0:18:33.03
[2026-06-03T08:57:01.460Z] [INFO] [FFMPEG] frame=19991 fps= 18 q=28.0 q=28.0 size=  109796KiB time=00:18:32.04 bitrate= 808.8kbits/s speed=0.999x elapsed=0:18:33.54
[2026-06-03T08:57:01.974Z] [INFO] [FFMPEG] frame=20000 fps= 18 q=28.0 q=28.0 size=  109823KiB time=00:18:32.56 bitrate= 808.7kbits/s speed=0.999x elapsed=0:18:34.06
[2026-06-03T08:57:02.490Z] [INFO] [FFMPEG] frame=20009 fps= 18 q=28.0 q=28.0 size=  110055KiB time=00:18:33.04 bitrate= 810.0kbits/s speed=0.999x elapsed=0:18:34.57
[2026-06-03T08:57:03.002Z] [INFO] [FFMPEG] frame=20019 fps= 18 q=28.0 q=28.0 size=  110113KiB time=00:18:33.60 bitrate= 810.0kbits/s speed=0.999x elapsed=0:18:35.08
[2026-06-03T08:57:03.528Z] [INFO] [FFMPEG] frame=20028 fps= 18 q=27.0 q=28.0 size=  110146KiB time=00:18:34.08 bitrate= 809.9kbits/s speed=0.999x elapsed=0:18:35.61
[2026-06-03T08:57:04.042Z] [INFO] [FFMPEG] frame=20037 fps= 18 q=28.0 q=28.0 size=  110201KiB time=00:18:34.60 bitrate= 809.9kbits/s speed=0.999x elapsed=0:18:36.12
[2026-06-03T08:57:04.548Z] [INFO] [FFMPEG] frame=20046 fps= 18 q=28.0 q=28.0 size=  110234KiB time=00:18:35.08 bitrate= 809.8kbits/s speed=0.999x elapsed=0:18:36.63
[2026-06-03T08:57:05.075Z] [INFO] [FFMPEG] frame=20056 fps= 18 q=27.0 q=28.0 size=  110296KiB time=00:18:35.64 bitrate= 809.9kbits/s speed=0.999x elapsed=0:18:37.16
[2026-06-03T08:57:05.586Z] [INFO] [FFMPEG] frame=20065 fps= 18 q=26.0 q=28.0 size=  110335KiB time=00:18:36.16 bitrate= 809.8kbits/s speed=0.999x elapsed=0:18:37.67
[2026-06-03T08:57:06.097Z] [INFO] [FFMPEG] frame=20074 fps= 18 q=27.0 q=28.0 size=  110364KiB time=00:18:36.64 bitrate= 809.7kbits/s speed=0.999x elapsed=0:18:38.18
[2026-06-03T08:57:06.625Z] [INFO] [FFMPEG] frame=20084 fps= 18 q=27.0 q=28.0 size=  110403KiB time=00:18:37.20 bitrate= 809.5kbits/s speed=0.999x elapsed=0:18:38.71
[2026-06-03T08:57:07.138Z] [INFO] [FFMPEG] frame=20093 fps= 18 q=26.0 q=28.0 size=  110469KiB time=00:18:37.72 bitrate= 809.7kbits/s speed=0.999x elapsed=0:18:39.22
[2026-06-03T08:57:07.651Z] [INFO] [FFMPEG] frame=20102 fps= 18 q=27.0 q=28.0 size=  110520KiB time=00:18:38.20 bitrate= 809.7kbits/s speed=0.999x elapsed=0:18:39.73
[2026-06-03T08:57:08.160Z] [INFO] [FFMPEG] frame=20111 fps= 18 q=28.0 q=28.0 size=  110590KiB time=00:18:38.72 bitrate= 809.8kbits/s speed=0.999x elapsed=0:18:40.24
[2026-06-03T08:57:08.688Z] [INFO] [FFMPEG] frame=20121 fps= 18 q=26.0 q=28.0 size=  110633KiB time=00:18:39.28 bitrate= 809.7kbits/s speed=0.999x elapsed=0:18:40.77
[2026-06-03T08:57:09.198Z] [INFO] [FFMPEG] frame=20130 fps= 18 q=26.0 q=28.0 size=  110712KiB time=00:18:39.76 bitrate= 810.0kbits/s speed=0.999x elapsed=0:18:41.28
[2026-06-03T08:57:09.707Z] [INFO] [FFMPEG] frame=20139 fps= 18 q=26.0 q=28.0 size=  110723KiB time=00:18:40.28 bitrate= 809.7kbits/s speed=0.999x elapsed=0:18:41.79
[2026-06-03T08:57:10.233Z] [INFO] [FFMPEG] frame=20148 fps= 18 q=26.0 q=28.0 size=  110760KiB time=00:18:40.76 bitrate= 809.6kbits/s speed=0.999x elapsed=0:18:42.32
[2026-06-03T08:57:10.749Z] [INFO] [FFMPEG] frame=20158 fps= 18 q=27.0 q=28.0 size=  110823KiB time=00:18:41.32 bitrate= 809.6kbits/s speed=0.999x elapsed=0:18:42.83
[2026-06-03T08:57:11.263Z] [INFO] [FFMPEG] frame=20167 fps= 18 q=27.0 q=28.0 size=  110886KiB time=00:18:41.80 bitrate= 809.8kbits/s speed=0.999x elapsed=0:18:43.35
[2026-06-03T08:57:11.774Z] [INFO] [FFMPEG] frame=20176 fps= 18 q=26.0 q=28.0 size=  110924KiB time=00:18:42.32 bitrate= 809.7kbits/s speed=0.999x elapsed=0:18:43.86
[2026-06-03T08:57:12.283Z] [INFO] [FFMPEG] frame=20186 fps= 18 q=27.0 q=28.0 size=  111001KiB time=00:18:42.88 bitrate= 809.8kbits/s speed=0.999x elapsed=0:18:44.37
[2026-06-03T08:57:12.808Z] [INFO] [FFMPEG] frame=20195 fps= 18 q=27.0 q=28.0 size=  111016KiB time=00:18:43.36 bitrate= 809.6kbits/s speed=0.999x elapsed=0:18:44.89
[2026-06-03T08:57:13.321Z] [INFO] [FFMPEG] frame=20205 fps= 18 q=28.0 q=28.0 size=  111080KiB time=00:18:43.92 bitrate= 809.6kbits/s speed=0.999x elapsed=0:18:45.40
[2026-06-03T08:57:13.833Z] [INFO] [FFMPEG] frame=20213 fps= 18 q=27.0 q=28.0 size=  111109KiB time=00:18:44.36 bitrate= 809.5kbits/s speed=0.999x elapsed=0:18:45.92
[2026-06-03T08:57:14.347Z] [INFO] [FFMPEG] frame=20223 fps= 18 q=28.0 q=28.0 size=  111177KiB time=00:18:44.92 bitrate= 809.6kbits/s speed=0.999x elapsed=0:18:46.43
[2026-06-03T08:57:14.875Z] [INFO] [FFMPEG] frame=20232 fps= 18 q=28.0 q=28.0 size=  111205KiB time=00:18:45.44 bitrate= 809.5kbits/s speed=0.999x elapsed=0:18:46.96
[2026-06-03T08:57:15.383Z] [INFO] [FFMPEG] frame=20241 fps= 18 q=27.0 q=28.0 size=  111263KiB time=00:18:45.92 bitrate= 809.5kbits/s speed=0.999x elapsed=0:18:47.47
[2026-06-03T08:57:15.898Z] [INFO] [FFMPEG] frame=20251 fps= 18 q=26.0 q=28.0 size=  111291KiB time=00:18:46.48 bitrate= 809.3kbits/s speed=0.999x elapsed=0:18:47.98
[2026-06-03T08:57:16.410Z] [INFO] [FFMPEG] frame=20259 fps= 18 q=28.0 q=28.0 size=  111507KiB time=00:18:46.92 bitrate= 810.6kbits/s speed=0.999x elapsed=0:18:48.49
[2026-06-03T08:57:16.937Z] [INFO] [FFMPEG] frame=20269 fps= 18 q=28.0 q=28.0 size=  111565KiB time=00:18:47.48 bitrate= 810.6kbits/s speed=0.999x elapsed=0:18:49.02
[2026-06-03T08:57:17.450Z] [INFO] [FFMPEG] frame=20279 fps= 18 q=28.0 q=28.0 size=  111607KiB time=00:18:48.04 bitrate= 810.5kbits/s speed=0.999x elapsed=0:18:49.53
[2026-06-03T08:57:17.966Z] [INFO] [FFMPEG] frame=20287 fps= 18 q=27.0 q=28.0 size=  111622KiB time=00:18:48.48 bitrate= 810.3kbits/s speed=0.999x elapsed=0:18:50.05
[2026-06-03T08:57:18.479Z] [INFO] [FFMPEG] frame=20297 fps= 18 q=28.0 q=28.0 size=  111691KiB time=00:18:49.04 bitrate= 810.4kbits/s speed=0.999x elapsed=0:18:50.56
[2026-06-03T08:57:18.991Z] [INFO] [FFMPEG] frame=20306 fps= 18 q=27.0 q=28.0 size=  111717KiB time=00:18:49.56 bitrate= 810.2kbits/s speed=0.999x elapsed=0:18:51.07
[2026-06-03T08:57:19.515Z] [INFO] [FFMPEG] frame=20315 fps= 18 q=28.0 q=28.0 size=  111787KiB time=00:18:50.04 bitrate= 810.4kbits/s speed=0.999x elapsed=0:18:51.60
[2026-06-03T08:57:20.025Z] [INFO] [FFMPEG] frame=20325 fps= 18 q=28.0 q=28.0 size=  111825KiB time=00:18:50.60 bitrate= 810.2kbits/s speed=0.999x elapsed=0:18:52.11
[2026-06-03T08:57:20.547Z] [INFO] [FFMPEG] frame=20334 fps= 18 q=28.0 q=28.0 size=  111869KiB time=00:18:51.08 bitrate= 810.2kbits/s speed=0.999x elapsed=0:18:52.63
[2026-06-03T08:57:21.057Z] [INFO] [FFMPEG] frame=20343 fps= 18 q=26.0 q=28.0 size=  111920KiB time=00:18:51.60 bitrate= 810.2kbits/s speed=0.999x elapsed=0:18:53.14
[2026-06-03T08:57:21.570Z] [INFO] [FFMPEG] frame=20353 fps= 18 q=26.0 q=28.0 size=  111972KiB time=00:18:52.16 bitrate= 810.2kbits/s speed=0.999x elapsed=0:18:53.65
[2026-06-03T08:57:22.082Z] [INFO] [FFMPEG] frame=20362 fps= 18 q=27.0 q=28.0 size=  112010KiB time=00:18:52.64 bitrate= 810.1kbits/s speed=0.999x elapsed=0:18:54.16
[2026-06-03T08:57:22.609Z] [INFO] [FFMPEG] frame=20372 fps= 18 q=27.0 q=28.0 size=  112055KiB time=00:18:53.20 bitrate= 810.1kbits/s speed=0.999x elapsed=0:18:54.69
[2026-06-03T08:57:23.122Z] [INFO] [FFMPEG] frame=20380 fps= 18 q=27.0 q=28.0 size=  112096KiB time=00:18:53.64 bitrate= 810.0kbits/s speed=0.999x elapsed=0:18:55.20
[2026-06-03T08:57:23.635Z] [INFO] [FFMPEG] frame=20390 fps= 18 q=27.0 q=28.0 size=  112139KiB time=00:18:54.20 bitrate= 809.9kbits/s speed=0.999x elapsed=0:18:55.72
[2026-06-03T08:57:24.143Z] [INFO] [FFMPEG] frame=20400 fps= 18 q=27.0 q=28.0 size=  112184KiB time=00:18:54.76 bitrate= 809.9kbits/s speed=0.999x elapsed=0:18:56.23
[2026-06-03T08:57:24.671Z] [INFO] [FFMPEG] frame=20408 fps= 18 q=27.0 q=28.0 size=  112216KiB time=00:18:55.20 bitrate= 809.8kbits/s speed=0.999x elapsed=0:18:56.75
[2026-06-03T08:57:25.179Z] [INFO] [FFMPEG] frame=20418 fps= 18 q=27.0 q=28.0 size=  112264KiB time=00:18:55.76 bitrate= 809.7kbits/s speed=0.999x elapsed=0:18:57.26
[2026-06-03T08:57:25.692Z] [INFO] [FFMPEG] frame=20427 fps= 18 q=28.0 q=28.0 size=  112306KiB time=00:18:56.28 bitrate= 809.7kbits/s speed=0.999x elapsed=0:18:57.77
[2026-06-03T08:57:26.217Z] [INFO] [FFMPEG] frame=20436 fps= 18 q=27.0 q=28.0 size=  112345KiB time=00:18:56.76 bitrate= 809.6kbits/s speed=0.999x elapsed=0:18:58.30
[2026-06-03T08:57:26.729Z] [INFO] [FFMPEG] frame=20446 fps= 18 q=27.0 q=28.0 size=  112397KiB time=00:18:57.32 bitrate= 809.6kbits/s speed=0.999x elapsed=0:18:58.81
[2026-06-03T08:57:27.242Z] [INFO] [FFMPEG] frame=20455 fps= 18 q=28.0 q=28.0 size=  112454KiB time=00:18:57.80 bitrate= 809.6kbits/s speed=0.999x elapsed=0:18:59.32
[2026-06-03T08:57:27.753Z] [INFO] [FFMPEG] frame=20464 fps= 18 q=26.0 q=28.0 size=  112473KiB time=00:18:58.32 bitrate= 809.4kbits/s speed=0.999x elapsed=0:18:59.84
[2026-06-03T08:57:28.267Z] [INFO] [FFMPEG] frame=20473 fps= 18 q=28.0 q=25.0 size=  112526KiB time=00:18:58.80 bitrate= 809.5kbits/s speed=0.999x elapsed=0:19:00.35
[2026-06-03T08:57:28.794Z] [INFO] [FFMPEG] frame=20482 fps= 18 q=26.0 q=28.0 size=  112556KiB time=00:18:59.32 bitrate= 809.3kbits/s speed=0.999x elapsed=0:19:00.88
[2026-06-03T08:57:29.304Z] [INFO] [FFMPEG] frame=20492 fps= 18 q=28.0 q=28.0 size=  112622KiB time=00:18:59.88 bitrate= 809.4kbits/s speed=0.999x elapsed=0:19:01.39
[2026-06-03T08:57:29.430Z] [INFO] [FFMPEG] [segment @ 0000022082052b80] Opening '//192.168.19.189/encova/cam01/2026/06/03/15-57-29.mp4' for writing
[2026-06-03T08:57:29.815Z] [INFO] [FFMPEG] frame=20501 fps= 18 q=28.0 q=28.0 size=  112651KiB time=00:19:00.36 bitrate= 809.3kbits/s speed=0.999x elapsed=0:19:01.90
[2026-06-03T08:57:30.342Z] [INFO] [FFMPEG] frame=20511 fps= 18 q=28.0 q=28.0 size=  112842KiB time=00:19:00.92 bitrate= 810.2kbits/s speed=0.999x elapsed=0:19:02.43
[2026-06-03T08:57:30.857Z] [INFO] [FFMPEG] frame=20520 fps= 18 q=27.0 q=28.0 size=  112868KiB time=00:19:01.44 bitrate= 810.0kbits/s speed=0.999x elapsed=0:19:02.94
[2026-06-03T08:57:31.369Z] [INFO] [FFMPEG] frame=20529 fps= 18 q=27.0 q=28.0 size=  112931KiB time=00:19:01.92 bitrate= 810.2kbits/s speed=0.999x elapsed=0:19:03.45
[2026-06-03T08:57:31.890Z] [INFO] [FFMPEG] frame=20539 fps= 18 q=27.0 q=28.0 size=  112959KiB time=00:19:02.48 bitrate= 810.0kbits/s speed=0.999x elapsed=0:19:03.97
[2026-06-03T08:57:32.400Z] [INFO] [FFMPEG] frame=20547 fps= 18 q=28.0 q=28.0 size=  113019KiB time=00:19:02.92 bitrate= 810.1kbits/s speed=0.999x elapsed=0:19:04.48
[2026-06-03T08:57:32.911Z] [INFO] [FFMPEG] frame=20557 fps= 18 q=28.0 q=28.0 size=  113057KiB time=00:19:03.48 bitrate= 810.0kbits/s speed=0.999x elapsed=0:19:04.99
[2026-06-03T08:57:33.438Z] [INFO] [FFMPEG] frame=20566 fps= 18 q=28.0 q=28.0 size=  113089KiB time=00:19:04.00 bitrate= 809.8kbits/s speed=0.999x elapsed=0:19:05.52
[2026-06-03T08:57:33.948Z] [INFO] [FFMPEG] frame=20575 fps= 18 q=28.0 q=28.0 size=  113122KiB time=00:19:04.48 bitrate= 809.7kbits/s speed=0.999x elapsed=0:19:06.03
[2026-06-03T08:57:34.458Z] [INFO] [FFMPEG] frame=20585 fps= 18 q=28.0 q=28.0 size=  113189KiB time=00:19:05.04 bitrate= 809.8kbits/s speed=0.999x elapsed=0:19:06.54
[2026-06-03T08:57:34.972Z] [INFO] [FFMPEG] frame=20594 fps= 18 q=28.0 q=28.0 size=  113215KiB time=00:19:05.56 bitrate= 809.6kbits/s speed=0.999x elapsed=0:19:07.05
[2026-06-03T08:57:35.487Z] [INFO] [FFMPEG] frame=20603 fps= 18 q=26.0 q=28.0 size=  113284KiB time=00:19:06.04 bitrate= 809.8kbits/s speed=0.999x elapsed=0:19:07.57
[2026-06-03T08:57:36.002Z] [INFO] [FFMPEG] frame=20612 fps= 18 q=28.0 q=28.0 size=  113300KiB time=00:19:06.56 bitrate= 809.5kbits/s speed=0.999x elapsed=0:19:08.08
[2026-06-03T08:57:36.528Z] [INFO] [FFMPEG] frame=20622 fps= 18 q=28.0 q=28.0 size=  113363KiB time=00:19:07.08 bitrate= 809.6kbits/s speed=0.999x elapsed=0:19:08.61
[2026-06-03T08:57:37.039Z] [INFO] [FFMPEG] frame=20631 fps= 18 q=26.0 q=28.0 size=  113433KiB time=00:19:07.60 bitrate= 809.7kbits/s speed=0.999x elapsed=0:19:09.12
[2026-06-03T08:57:37.554Z] [INFO] [FFMPEG] frame=20641 fps= 18 q=26.0 q=28.0 size=  113482KiB time=00:19:08.16 bitrate= 809.7kbits/s speed=0.999x elapsed=0:19:09.64
[2026-06-03T08:57:38.078Z] [INFO] [FFMPEG] frame=20649 fps= 18 q=28.0 q=28.0 size=  113522KiB time=00:19:08.60 bitrate= 809.7kbits/s speed=0.999x elapsed=0:19:10.16
[2026-06-03T08:57:38.588Z] [INFO] [FFMPEG] frame=20659 fps= 18 q=26.0 q=28.0 size=  113576KiB time=00:19:09.16 bitrate= 809.6kbits/s speed=0.999x elapsed=0:19:10.67
[2026-06-03T08:57:39.098Z] [INFO] [FFMPEG] frame=20668 fps= 18 q=27.0 q=28.0 size=  113617KiB time=00:19:09.64 bitrate= 809.6kbits/s speed=0.999x elapsed=0:19:11.18
[2026-06-03T08:57:39.624Z] [INFO] [FFMPEG] frame=20678 fps= 18 q=27.0 q=28.0 size=  113671KiB time=00:19:10.20 bitrate= 809.6kbits/s speed=0.999x elapsed=0:19:11.71
[2026-06-03T08:57:40.136Z] [INFO] [FFMPEG] frame=20687 fps= 18 q=28.0 q=28.0 size=  113711KiB time=00:19:10.72 bitrate= 809.5kbits/s speed=0.999x elapsed=0:19:12.22
[2026-06-03T08:57:40.644Z] [INFO] [FFMPEG] frame=20696 fps= 18 q=27.0 q=28.0 size=  113755KiB time=00:19:11.20 bitrate= 809.5kbits/s speed=0.999x elapsed=0:19:12.73
[2026-06-03T08:57:40.827Z] [INFO] [FFMPEG] [in#0/rtsp @ 00000220f9dce2c0] max delay reached. need to consume packet
[in#0/rtsp @ 00000220f9dce2c0] RTP: missed 1 packets
[2026-06-03T08:57:41.172Z] [INFO] [FFMPEG] frame=20706 fps= 18 q=27.0 q=28.0 size=  113804KiB time=00:19:11.76 bitrate= 809.4kbits/s speed=0.999x elapsed=0:19:13.25
[2026-06-03T08:57:41.680Z] [INFO] [FFMPEG] frame=20714 fps= 18 q=27.0 q=28.0 size=  113830KiB time=00:19:12.20 bitrate= 809.3kbits/s speed=0.999x elapsed=0:19:13.76
[2026-06-03T08:57:42.192Z] [INFO] [FFMPEG] frame=20724 fps= 18 q=26.0 q=28.0 size=  113897KiB time=00:19:12.76 bitrate= 809.4kbits/s speed=0.999x elapsed=0:19:14.27
[2026-06-03T08:57:42.706Z] [INFO] [FFMPEG] frame=20733 fps= 18 q=26.0 q=28.0 size=  113926KiB time=00:19:13.28 bitrate= 809.2kbits/s speed=0.999x elapsed=0:19:14.79
[2026-06-03T08:57:43.232Z] [INFO] [FFMPEG] frame=20742 fps= 18 q=27.0 q=28.0 size=  113973KiB time=00:19:13.76 bitrate= 809.2kbits/s speed=0.999x elapsed=0:19:15.32
[2026-06-03T08:57:43.743Z] [INFO] [FFMPEG] frame=20752 fps= 18 q=27.0 q=28.0 size=  114157KiB time=00:19:14.32 bitrate= 810.2kbits/s speed=0.999x elapsed=0:19:15.83
[2026-06-03T08:57:44.254Z] [INFO] [FFMPEG] frame=20761 fps= 18 q=27.0 q=28.0 size=  114220KiB time=00:19:14.80 bitrate= 810.3kbits/s speed=0.999x elapsed=0:19:16.34
[2026-06-03T08:57:44.779Z] [INFO] [FFMPEG] frame=20770 fps= 18 q=27.0 q=28.0 size=  114254KiB time=00:19:15.32 bitrate= 810.1kbits/s speed=0.999x elapsed=0:19:16.86
[2026-06-03T08:57:45.286Z] [INFO] [FFMPEG] frame=20780 fps= 18 q=28.0 q=28.0 size=  114312KiB time=00:19:15.88 bitrate= 810.2kbits/s speed=0.999x elapsed=0:19:17.37
[2026-06-03T08:57:45.810Z] [INFO] [FFMPEG] frame=20789 fps= 18 q=27.0 q=28.0 size=  114337KiB time=00:19:16.36 bitrate= 810.0kbits/s speed=0.999x elapsed=0:19:17.89
[2026-06-03T08:57:46.325Z] [INFO] [FFMPEG] frame=20799 fps= 18 q=28.0 q=28.0 size=  114399KiB time=00:19:16.92 bitrate= 810.0kbits/s speed=0.999x elapsed=0:19:18.41
[2026-06-03T08:57:46.834Z] [INFO] [FFMPEG] frame=20808 fps= 18 q=27.0 q=28.0 size=  114418KiB time=00:19:17.44 bitrate= 809.8kbits/s speed=0.999x elapsed=0:19:18.92
[2026-06-03T08:57:47.345Z] [INFO] [FFMPEG] frame=20817 fps= 18 q=28.0 q=28.0 size=  114482KiB time=00:19:17.92 bitrate= 809.9kbits/s speed=0.999x elapsed=0:19:19.43
[2026-06-03T08:57:47.871Z] [INFO] [FFMPEG] frame=20826 fps= 18 q=28.0 q=28.0 size=  114498KiB time=00:19:18.44 bitrate= 809.7kbits/s speed=0.999x elapsed=0:19:19.95
[2026-06-03T08:57:48.384Z] [INFO] [FFMPEG] frame=20835 fps= 18 q=28.0 q=28.0 size=  114554KiB time=00:19:18.92 bitrate= 809.7kbits/s speed=0.999x elapsed=0:19:20.47
[2026-06-03T08:57:48.899Z] [INFO] [FFMPEG] frame=20845 fps= 18 q=26.0 q=28.0 size=  114591KiB time=00:19:19.48 bitrate= 809.6kbits/s speed=0.999x elapsed=0:19:20.98
[2026-06-03T08:57:49.410Z] [INFO] [FFMPEG] frame=20853 fps= 18 q=27.0 q=28.0 size=  114653KiB time=00:19:19.92 bitrate= 809.7kbits/s speed=0.999x elapsed=0:19:21.49
[2026-06-03T08:57:49.937Z] [INFO] [FFMPEG] frame=20863 fps= 18 q=26.0 q=28.0 size=  114676KiB time=00:19:20.48 bitrate= 809.5kbits/s speed=0.999x elapsed=0:19:22.02
[2026-06-03T08:57:50.449Z] [INFO] [FFMPEG] frame=20873 fps= 18 q=28.0 q=28.0 size=  114735KiB time=00:19:21.04 bitrate= 809.5kbits/s speed=0.999x elapsed=0:19:22.53
[2026-06-03T08:57:50.958Z] [INFO] [FFMPEG] frame=20881 fps= 18 q=26.0 q=28.0 size=  114788KiB time=00:19:21.48 bitrate= 809.6kbits/s speed=0.999x elapsed=0:19:23.04
[2026-06-03T08:57:51.474Z] [INFO] [FFMPEG] frame=20891 fps= 18 q=28.0 q=28.0 size=  114828KiB time=00:19:22.04 bitrate= 809.5kbits/s speed=0.999x elapsed=0:19:23.56
[2026-06-03T08:57:52.000Z] [INFO] [FFMPEG] frame=20901 fps= 18 q=28.0 q=28.0 size=  114882KiB time=00:19:22.60 bitrate= 809.5kbits/s speed=0.999x elapsed=0:19:24.08
[2026-06-03T08:57:52.509Z] [INFO] [FFMPEG] frame=20909 fps= 18 q=28.0 q=28.0 size=  114916KiB time=00:19:23.04 bitrate= 809.4kbits/s speed=0.999x elapsed=0:19:24.59
[2026-06-03T08:57:53.022Z] [INFO] [FFMPEG] frame=20919 fps= 18 q=28.0 q=28.0 size=  114962KiB time=00:19:23.60 bitrate= 809.4kbits/s speed=0.999x elapsed=0:19:25.11
[2026-06-03T08:57:53.535Z] [INFO] [FFMPEG] frame=20928 fps= 18 q=28.0 q=28.0 size=  114995KiB time=00:19:24.08 bitrate= 809.3kbits/s speed=0.999x elapsed=0:19:25.62
[2026-06-03T08:57:54.057Z] [INFO] [FFMPEG] frame=20937 fps= 18 q=26.0 q=28.0 size=  115039KiB time=00:19:24.60 bitrate= 809.2kbits/s speed=0.999x elapsed=0:19:26.14
[2026-06-03T08:57:54.566Z] [INFO] [FFMPEG] frame=20947 fps= 18 q=28.0 q=28.0 size=  115094KiB time=00:19:25.16 bitrate= 809.2kbits/s speed=0.999x elapsed=0:19:26.65
[2026-06-03T08:57:55.093Z] [INFO] [FFMPEG] frame=20956 fps= 18 q=27.0 q=28.0 size=  115140KiB time=00:19:25.64 bitrate= 809.2kbits/s speed=0.999x elapsed=0:19:27.18
[2026-06-03T08:57:55.608Z] [INFO] [FFMPEG] frame=20966 fps= 18 q=27.0 q=28.0 size=  115157KiB time=00:19:26.20 bitrate= 808.9kbits/s speed=0.999x elapsed=0:19:27.69
[2026-06-03T08:57:56.116Z] [INFO] [FFMPEG] frame=20974 fps= 18 q=26.0 q=28.0 size=  115205KiB time=00:19:26.64 bitrate= 809.0kbits/s speed=0.999x elapsed=0:19:28.20
[2026-06-03T08:57:56.640Z] [INFO] [FFMPEG] frame=20984 fps= 18 q=27.0 q=28.0 size=  115247KiB time=00:19:27.20 bitrate= 808.9kbits/s speed=0.999x elapsed=0:19:28.72
[2026-06-03T08:57:57.149Z] [INFO] [FFMPEG] frame=20993 fps= 18 q=28.0 q=28.0 size=  115313KiB time=00:19:27.72 bitrate= 809.0kbits/s speed=0.999x elapsed=0:19:29.23
[2026-06-03T08:57:57.660Z] [INFO] [FFMPEG] frame=21002 fps= 18 q=27.0 q=28.0 size=  115532KiB time=00:19:28.20 bitrate= 810.2kbits/s speed=0.999x elapsed=0:19:29.74
[2026-06-03T08:57:58.175Z] [INFO] [FFMPEG] frame=21012 fps= 18 q=26.0 q=28.0 size=  115604KiB time=00:19:28.76 bitrate= 810.3kbits/s speed=0.999x elapsed=0:19:30.26
[2026-06-03T08:57:58.690Z] [INFO] [FFMPEG] frame=21020 fps= 18 q=27.0 q=28.0 size=  115615KiB time=00:19:29.20 bitrate= 810.1kbits/s speed=0.999x elapsed=0:19:30.77
[2026-06-03T08:57:59.205Z] [INFO] [FFMPEG] frame=21030 fps= 18 q=27.0 q=28.0 size=  115657KiB time=00:19:29.76 bitrate= 810.0kbits/s speed=0.999x elapsed=0:19:31.29
[2026-06-03T08:57:59.728Z] [INFO] [FFMPEG] frame=21040 fps= 18 q=26.0 q=28.0 size=  115708KiB time=00:19:30.32 bitrate= 809.9kbits/s speed=0.999x elapsed=0:19:31.81
[2026-06-03T08:58:00.241Z] [INFO] [FFMPEG] frame=21048 fps= 18 q=26.0 q=28.0 size=  115758KiB time=00:19:30.76 bitrate= 810.0kbits/s speed=0.999x elapsed=0:19:32.32
[2026-06-03T08:58:00.754Z] [INFO] [FFMPEG] frame=21058 fps= 18 q=26.0 q=28.0 size=  115776KiB time=00:19:31.32 bitrate= 809.7kbits/s speed=0.999x elapsed=0:19:32.84
[2026-06-03T08:58:01.278Z] [INFO] [FFMPEG] frame=21067 fps= 18 q=28.0 q=28.0 size=  115836KiB time=00:19:31.80 bitrate= 809.8kbits/s speed=0.999x elapsed=0:19:33.36
[2026-06-03T08:58:01.789Z] [INFO] [FFMPEG] frame=21076 fps= 18 q=26.0 q=28.0 size=  115874KiB time=00:19:32.32 bitrate= 809.7kbits/s speed=0.999x elapsed=0:19:33.87
[2026-06-03T08:58:02.298Z] [INFO] [FFMPEG] frame=21086 fps= 18 q=28.0 q=28.0 size=  115934KiB time=00:19:32.88 bitrate= 809.7kbits/s speed=0.999x elapsed=0:19:34.38
[2026-06-03T08:58:02.822Z] [INFO] [FFMPEG] frame=21095 fps= 18 q=28.0 q=28.0 size=  115967KiB time=00:19:33.36 bitrate= 809.6kbits/s speed=0.999x elapsed=0:19:34.90
[2026-06-03T08:58:03.333Z] [INFO] [FFMPEG] frame=21105 fps= 18 q=27.0 q=28.0 size=  116030KiB time=00:19:33.92 bitrate= 809.7kbits/s speed=0.999x elapsed=0:19:35.42
[2026-06-03T08:58:03.856Z] [INFO] [FFMPEG] frame=21114 fps= 18 q=28.0 q=28.0 size=  116051KiB time=00:19:34.44 bitrate= 809.5kbits/s speed=0.999x elapsed=0:19:35.94
[2026-06-03T08:58:04.366Z] [INFO] [FFMPEG] frame=21123 fps= 18 q=28.0 q=28.0 size=  116099KiB time=00:19:34.92 bitrate= 809.5kbits/s speed=0.999x elapsed=0:19:36.45
[2026-06-03T08:58:04.879Z] [INFO] [FFMPEG] frame=21132 fps= 18 q=28.0 q=28.0 size=  116131KiB time=00:19:35.44 bitrate= 809.4kbits/s speed=0.999x elapsed=0:19:36.96
[2026-06-03T08:58:05.406Z] [INFO] [FFMPEG] frame=21142 fps= 18 q=28.0 q=28.0 size=  116201KiB time=00:19:36.00 bitrate= 809.5kbits/s speed=0.999x elapsed=0:19:37.49
[2026-06-03T08:58:05.917Z] [INFO] [FFMPEG] frame=21151 fps= 18 q=28.0 q=28.0 size=  116217KiB time=00:19:36.48 bitrate= 809.2kbits/s speed=0.999x elapsed=0:19:38.00
[2026-06-03T08:58:06.428Z] [INFO] [FFMPEG] frame=21160 fps= 18 q=28.0 q=28.0 size=  116290KiB time=00:19:37.00 bitrate= 809.4kbits/s speed=0.999x elapsed=0:19:38.51
[2026-06-03T08:58:06.953Z] [INFO] [FFMPEG] frame=21169 fps= 18 q=28.0 q=28.0 size=  116307KiB time=00:19:37.48 bitrate= 809.2kbits/s speed=0.999x elapsed=0:19:39.04
[2026-06-03T08:58:07.460Z] [INFO] [FFMPEG] frame=21179 fps= 18 q=28.0 q=28.0 size=  116373KiB time=00:19:38.04 bitrate= 809.2kbits/s speed=0.999x elapsed=0:19:39.54
[2026-06-03T08:58:07.972Z] [INFO] [FFMPEG] frame=21188 fps= 18 q=28.0 q=28.0 size=  116438KiB time=00:19:38.56 bitrate= 809.3kbits/s speed=0.999x elapsed=0:19:40.06
[2026-06-03T08:58:08.501Z] [INFO] [FFMPEG] frame=21197 fps= 18 q=28.0 q=28.0 size=  116480KiB time=00:19:39.04 bitrate= 809.3kbits/s speed=0.999x elapsed=0:19:40.58
[2026-06-03T08:58:09.026Z] [INFO] [FFMPEG] frame=21207 fps= 18 q=28.0 q=28.0 size=  116533KiB time=00:19:39.60 bitrate= 809.3kbits/s speed=0.999x elapsed=0:19:41.11
[2026-06-03T08:58:09.539Z] [INFO] [FFMPEG] frame=21216 fps= 18 q=28.0 q=28.0 size=  116565KiB time=00:19:40.08 bitrate= 809.2kbits/s speed=0.999x elapsed=0:19:41.62
[2026-06-03T08:58:10.051Z] [INFO] [FFMPEG] frame=21225 fps= 18 q=26.0 q=28.0 size=  116619KiB time=00:19:40.60 bitrate= 809.2kbits/s speed=0.999x elapsed=0:19:42.13
[2026-06-03T08:58:10.573Z] [INFO] [FFMPEG] frame=21235 fps= 18 q=26.0 q=28.0 size=  116662KiB time=00:19:41.16 bitrate= 809.1kbits/s speed=0.999x elapsed=0:19:42.66
[2026-06-03T08:58:11.083Z] [INFO] [FFMPEG] frame=21244 fps= 18 q=27.0 q=28.0 size=  116700KiB time=00:19:41.64 bitrate= 809.1kbits/s speed=0.999x elapsed=0:19:43.17
[2026-06-03T08:58:11.608Z] [INFO] [FFMPEG] frame=21254 fps= 18 q=27.0 q=28.0 size=  116909KiB time=00:19:42.20 bitrate= 810.1kbits/s speed=0.999x elapsed=0:19:43.69
[2026-06-03T08:58:12.124Z] [INFO] [FFMPEG] frame=21262 fps= 18 q=27.0 q=28.0 size=  116948KiB time=00:19:42.64 bitrate= 810.1kbits/s speed=0.999x elapsed=0:19:44.21
[2026-06-03T08:58:12.634Z] [INFO] [FFMPEG] frame=21272 fps= 18 q=27.0 q=28.0 size=  116975KiB time=00:19:43.20 bitrate= 809.9kbits/s speed=0.999x elapsed=0:19:44.72
[2026-06-03T08:58:13.143Z] [INFO] [FFMPEG] frame=21281 fps= 18 q=28.0 q=28.0 size=  117027KiB time=00:19:43.72 bitrate= 809.9kbits/s speed=0.999x elapsed=0:19:45.23
[2026-06-03T08:58:13.667Z] [INFO] [FFMPEG] frame=21290 fps= 18 q=27.0 q=28.0 size=  117060KiB time=00:19:44.20 bitrate= 809.8kbits/s speed=0.999x elapsed=0:19:45.75
[2026-06-03T08:58:14.178Z] [INFO] [FFMPEG] frame=21300 fps= 18 q=27.0 q=28.0 size=  117109KiB time=00:19:44.76 bitrate= 809.7kbits/s speed=0.999x elapsed=0:19:46.26
[2026-06-03T08:58:14.690Z] [INFO] [FFMPEG] frame=21309 fps= 18 q=28.0 q=28.0 size=  117159KiB time=00:19:45.28 bitrate= 809.7kbits/s speed=0.999x elapsed=0:19:46.77
[2026-06-03T08:58:15.217Z] [INFO] [FFMPEG] frame=21318 fps= 18 q=26.0 q=28.0 size=  117196KiB time=00:19:45.76 bitrate= 809.7kbits/s speed=0.999x elapsed=0:19:47.30
[2026-06-03T08:58:15.725Z] [INFO] [FFMPEG] frame=21328 fps= 18 q=27.0 q=28.0 size=  117232KiB time=00:19:46.32 bitrate= 809.5kbits/s speed=0.999x elapsed=0:19:47.81
[2026-06-03T08:58:16.237Z] [INFO] [FFMPEG] frame=21336 fps= 18 q=27.0 q=28.0 size=  117278KiB time=00:19:46.76 bitrate= 809.5kbits/s speed=0.999x elapsed=0:19:48.32
[2026-06-03T08:58:16.765Z] [INFO] [FFMPEG] frame=21346 fps= 18 q=27.0 q=28.0 size=  117319KiB time=00:19:47.32 bitrate= 809.4kbits/s speed=0.999x elapsed=0:19:48.85
[2026-06-03T08:58:17.281Z] [INFO] [FFMPEG] frame=21356 fps= 18 q=27.0 q=28.0 size=  117376KiB time=00:19:47.84 bitrate= 809.5kbits/s speed=0.999x elapsed=0:19:49.36
[2026-06-03T08:58:17.794Z] [INFO] [FFMPEG] frame=21364 fps= 18 q=27.0 q=28.0 size=  117401KiB time=00:19:48.32 bitrate= 809.3kbits/s speed=0.999x elapsed=0:19:49.88
[2026-06-03T08:58:18.306Z] [INFO] [FFMPEG] frame=21374 fps= 18 q=28.0 q=28.0 size=  117452KiB time=00:19:48.88 bitrate= 809.3kbits/s speed=0.999x elapsed=0:19:50.39
[2026-06-03T08:58:18.815Z] [INFO] [FFMPEG] frame=21383 fps= 18 q=28.0 q=28.0 size=  117478KiB time=00:19:49.36 bitrate= 809.2kbits/s speed=0.999x elapsed=0:19:50.90
[2026-06-03T08:58:19.344Z] [INFO] [FFMPEG] frame=21393 fps= 18 q=28.0 q=28.0 size=  117550KiB time=00:19:49.92 bitrate= 809.3kbits/s speed=0.999x elapsed=0:19:51.43
[2026-06-03T08:58:19.850Z] [INFO] [FFMPEG] frame=21401 fps= 18 q=28.0 q=28.0 size=  117562KiB time=00:19:50.36 bitrate= 809.1kbits/s speed=0.999x elapsed=0:19:51.93
[2026-06-03T08:58:20.375Z] [INFO] [FFMPEG] frame=21411 fps= 18 q=27.0 q=28.0 size=  117615KiB time=00:19:50.92 bitrate= 809.0kbits/s speed=0.999x elapsed=0:19:52.46
[2026-06-03T08:58:20.887Z] [INFO] [FFMPEG] frame=21421 fps= 18 q=28.0 q=28.0 size=  117652KiB time=00:19:51.48 bitrate= 808.9kbits/s speed=0.999x elapsed=0:19:52.97
[2026-06-03T08:58:21.395Z] [INFO] [FFMPEG] frame=21429 fps= 18 q=27.0 q=28.0 size=  117700KiB time=00:19:51.92 bitrate= 808.9kbits/s speed=0.999x elapsed=0:19:53.48
[2026-06-03T08:58:21.907Z] [INFO] [FFMPEG] frame=21439 fps= 18 q=26.0 q=28.0 size=  117747KiB time=00:19:52.48 bitrate= 808.9kbits/s speed=0.999x elapsed=0:19:53.99
[2026-06-03T08:58:22.431Z] [INFO] [FFMPEG] frame=21448 fps= 18 q=28.0 q=28.0 size=  117789KiB time=00:19:53.00 bitrate= 808.8kbits/s speed=0.999x elapsed=0:19:54.51
[2026-06-03T08:58:22.940Z] [INFO] [FFMPEG] frame=21457 fps= 18 q=28.0 q=28.0 size=  117849KiB time=00:19:53.48 bitrate= 808.9kbits/s speed=0.999x elapsed=0:19:55.02
[2026-06-03T08:58:23.454Z] [INFO] [FFMPEG] frame=21467 fps= 18 q=28.0 q=28.0 size=  117890KiB time=00:19:54.04 bitrate= 808.8kbits/s speed=0.999x elapsed=0:19:55.54
[2026-06-03T08:58:23.983Z] [INFO] [FFMPEG] frame=21476 fps= 18 q=27.0 q=28.0 size=  117910KiB time=00:19:54.56 bitrate= 808.6kbits/s speed=0.999x elapsed=0:19:56.07
[2026-06-03T08:58:24.492Z] [INFO] [FFMPEG] frame=21485 fps= 18 q=28.0 q=28.0 size=  117977KiB time=00:19:55.04 bitrate= 808.7kbits/s speed=0.999x elapsed=0:19:56.58
[2026-06-03T08:58:25.016Z] [INFO] [FFMPEG] frame=21495 fps= 18 q=26.0 q=28.0 size=  118025KiB time=00:19:55.60 bitrate= 808.7kbits/s speed=0.999x elapsed=0:19:57.10
[2026-06-03T08:58:25.527Z] [INFO] [FFMPEG] frame=21504 fps= 18 q=28.0 q=28.0 size=  118178KiB time=00:19:56.08 bitrate= 809.4kbits/s speed=0.999x elapsed=0:19:57.61
[2026-06-03T08:58:26.034Z] [INFO] [FFMPEG] frame=21513 fps= 18 q=26.0 q=28.0 size=  118231KiB time=00:19:56.60 bitrate= 809.4kbits/s speed=0.999x elapsed=0:19:58.12
[2026-06-03T08:58:26.560Z] [INFO] [FFMPEG] frame=21523 fps= 18 q=26.0 q=28.0 size=  118274KiB time=00:19:57.16 bitrate= 809.3kbits/s speed=0.999x elapsed=0:19:58.64
[2026-06-03T08:58:27.070Z] [INFO] [FFMPEG] frame=21532 fps= 18 q=27.0 q=28.0 size=  118321KiB time=00:19:57.64 bitrate= 809.3kbits/s speed=0.999x elapsed=0:19:59.15
[2026-06-03T08:58:27.592Z] [INFO] [FFMPEG] frame=21542 fps= 18 q=27.0 q=28.0 size=  118358KiB time=00:19:58.20 bitrate= 809.2kbits/s speed=0.999x elapsed=0:19:59.68
[2026-06-03T08:58:28.103Z] [INFO] [FFMPEG] frame=21550 fps= 18 q=27.0 q=28.0 size=  118408KiB time=00:19:58.64 bitrate= 809.3kbits/s speed=0.999x elapsed=0:20:00.19
[2026-06-03T08:58:28.626Z] [INFO] [FFMPEG] frame=21560 fps= 18 q=27.0 q=28.0 size=  118459KiB time=00:19:59.20 bitrate= 809.2kbits/s speed=0.999x elapsed=0:20:00.71
[2026-06-03T08:58:29.136Z] [INFO] [FFMPEG] frame=21569 fps= 18 q=28.0 q=28.0 size=  118514KiB time=00:19:59.72 bitrate= 809.2kbits/s speed=0.999x elapsed=0:20:01.22
[2026-06-03T08:58:29.469Z] [INFO] [FFMPEG] [segment @ 0000022082052b80] Opening '//192.168.19.189/encova/cam01/2026/06/03/15-58-29.mp4' for writing
[2026-06-03T08:58:29.645Z] [INFO] [FFMPEG] frame=21578 fps= 18 q=27.0 q=28.0 size=  118556KiB time=00:20:00.20 bitrate= 809.2kbits/s speed=0.999x elapsed=0:20:01.73
[2026-06-03T08:58:30.167Z] [INFO] [FFMPEG] frame=21588 fps= 18 q=26.0 q=28.0 size=  118600KiB time=00:20:00.76 bitrate= 809.1kbits/s speed=0.999x elapsed=0:20:02.25
[2026-06-03T08:58:30.676Z] [INFO] [FFMPEG] frame=21596 fps= 18 q=27.0 q=28.0 size=  118644KiB time=00:20:01.20 bitrate= 809.1kbits/s speed=0.999x elapsed=0:20:02.76
[2026-06-03T08:58:31.198Z] [INFO] [FFMPEG] frame=21606 fps= 18 q=27.0 q=28.0 size=  118688KiB time=00:20:01.76 bitrate= 809.1kbits/s speed=0.999x elapsed=0:20:03.28
[2026-06-03T08:58:31.710Z] [INFO] [FFMPEG] frame=21615 fps= 18 q=28.0 q=28.0 size=  118735KiB time=00:20:02.28 bitrate= 809.0kbits/s speed=0.999x elapsed=0:20:03.79
[2026-06-03T08:58:32.233Z] [INFO] [FFMPEG] frame=21624 fps= 18 q=27.0 q=28.0 size=  118777KiB time=00:20:02.76 bitrate= 809.0kbits/s speed=0.999x elapsed=0:20:04.32
[2026-06-03T08:58:32.742Z] [INFO] [FFMPEG] frame=21634 fps= 18 q=27.0 q=28.0 size=  118820KiB time=00:20:03.32 bitrate= 808.9kbits/s speed=0.999x elapsed=0:20:04.82
[2026-06-03T08:58:33.253Z] [INFO] [FFMPEG] frame=21643 fps= 18 q=28.0 q=28.0 size=  118885KiB time=00:20:03.80 bitrate= 809.0kbits/s speed=0.999x elapsed=0:20:05.34
[2026-06-03T08:58:33.780Z] [INFO] [FFMPEG] frame=21652 fps= 18 q=26.0 q=28.0 size=  118904KiB time=00:20:04.32 bitrate= 808.8kbits/s speed=0.999x elapsed=0:20:05.86
[2026-06-03T08:58:34.292Z] [INFO] [FFMPEG] frame=21662 fps= 18 q=27.0 q=28.0 size=  118972KiB time=00:20:04.88 bitrate= 808.9kbits/s speed=0.999x elapsed=0:20:06.38
[2026-06-03T08:58:34.799Z] [INFO] [FFMPEG] frame=21670 fps= 18 q=26.0 q=28.0 size=  118982KiB time=00:20:05.32 bitrate= 808.7kbits/s speed=0.999x elapsed=0:20:06.88
[2026-06-03T08:58:35.324Z] [INFO] [FFMPEG] frame=21681 fps= 18 q=28.0 q=28.0 size=  119059KiB time=00:20:05.92 bitrate= 808.8kbits/s speed=0.999x elapsed=0:20:07.41
[2026-06-03T08:58:35.838Z] [INFO] [FFMPEG] frame=21689 fps= 18 q=28.0 q=28.0 size=  119090KiB time=00:20:06.36 bitrate= 808.7kbits/s speed=0.999x elapsed=0:20:07.92
[2026-06-03T08:58:36.346Z] [INFO] [FFMPEG] frame=21699 fps= 18 q=27.0 q=28.0 size=  119154KiB time=00:20:06.92 bitrate= 808.8kbits/s speed=0.999x elapsed=0:20:08.43
[2026-06-03T08:58:36.867Z] [INFO] [FFMPEG] frame=21708 fps= 18 q=28.0 q=28.0 size=  119176KiB time=00:20:07.44 bitrate= 808.6kbits/s speed=0.999x elapsed=0:20:08.95
[2026-06-03T08:58:37.377Z] [INFO] [FFMPEG] frame=21717 fps= 18 q=28.0 q=28.0 size=  119229KiB time=00:20:07.92 bitrate= 808.6kbits/s speed=0.999x elapsed=0:20:09.46
[2026-06-03T08:58:37.900Z] [INFO] [FFMPEG] frame=21727 fps= 18 q=28.0 q=28.0 size=  119291KiB time=00:20:08.48 bitrate= 808.6kbits/s speed=0.999x elapsed=0:20:09.98
[2026-06-03T08:58:38.410Z] [INFO] [FFMPEG] frame=21736 fps= 18 q=28.0 q=28.0 size=  119343KiB time=00:20:09.00 bitrate= 808.6kbits/s speed=0.999x elapsed=0:20:10.49
[2026-06-03T08:58:38.924Z] [INFO] [FFMPEG] frame=21745 fps= 18 q=28.0 q=28.0 size=  119347KiB time=00:20:09.48 bitrate= 808.4kbits/s speed=0.999x elapsed=0:20:11.01
[2026-06-03T08:58:39.439Z] [INFO] [FFMPEG] frame=21755 fps= 18 q=28.0 q=28.0 size=  119527KiB time=00:20:10.04 bitrate= 809.2kbits/s speed=0.999x elapsed=0:20:11.52
[2026-06-03T08:58:39.963Z] [INFO] [FFMPEG] frame=21764 fps= 18 q=28.0 q=28.0 size=  119552KiB time=00:20:10.56 bitrate= 809.0kbits/s speed=0.999x elapsed=0:20:12.05
[2026-06-03T08:58:40.477Z] [INFO] [FFMPEG] frame=21773 fps= 18 q=26.0 q=28.0 size=  119626KiB time=00:20:11.04 bitrate= 809.2kbits/s speed=0.999x elapsed=0:20:12.56
[2026-06-03T08:58:40.998Z] [INFO] [FFMPEG] frame=21782 fps= 18 q=28.0 q=28.0 size=  119647KiB time=00:20:11.56 bitrate= 809.0kbits/s speed=0.999x elapsed=0:20:13.08
[2026-06-03T08:58:41.511Z] [INFO] [FFMPEG] frame=21791 fps= 18 q=28.0 q=28.0 size=  119716KiB time=00:20:12.04 bitrate= 809.1kbits/s speed=0.999x elapsed=0:20:13.59
[2026-06-03T08:58:42.018Z] [INFO] [FFMPEG] frame=21801 fps= 18 q=28.0 q=28.0 size=  119774KiB time=00:20:12.60 bitrate= 809.2kbits/s speed=0.999x elapsed=0:20:14.10
[2026-06-03T08:58:42.547Z] [INFO] [FFMPEG] frame=21810 fps= 18 q=28.0 q=28.0 size=  119797KiB time=00:20:13.08 bitrate= 809.0kbits/s speed=0.999x elapsed=0:20:14.63
[2026-06-03T08:58:43.058Z] [INFO] [FFMPEG] frame=21819 fps= 18 q=26.0 q=28.0 size=  119855KiB time=00:20:13.60 bitrate= 809.0kbits/s speed=0.999x elapsed=0:20:15.14
[2026-06-03T08:58:43.568Z] [INFO] [FFMPEG] frame=21829 fps= 18 q=26.0 q=28.0 size=  119908KiB time=00:20:14.16 bitrate= 809.0kbits/s speed=0.999x elapsed=0:20:15.65
[2026-06-03T08:58:44.093Z] [INFO] [FFMPEG] frame=21838 fps= 18 q=27.0 q=28.0 size=  119954KiB time=00:20:14.64 bitrate= 809.0kbits/s speed=0.999x elapsed=0:20:16.18
[2026-06-03T08:58:44.599Z] [INFO] [FFMPEG] frame=21847 fps= 18 q=26.0 q=28.0 size=  120000KiB time=00:20:15.16 bitrate= 809.0kbits/s speed=0.999x elapsed=0:20:16.68
[2026-06-03T08:58:45.112Z] [INFO] [FFMPEG] frame=21856 fps= 18 q=27.0 q=28.0 size=  120042KiB time=00:20:15.64 bitrate= 808.9kbits/s speed=0.999x elapsed=0:20:17.20
[2026-06-03T08:58:45.638Z] [INFO] [FFMPEG] frame=21866 fps= 18 q=27.0 q=28.0 size=  120088KiB time=00:20:16.20 bitrate= 808.9kbits/s speed=0.999x elapsed=0:20:17.72
[2026-06-03T08:58:46.150Z] [INFO] [FFMPEG] frame=21876 fps= 18 q=26.0 q=28.0 size=  120133KiB time=00:20:16.76 bitrate= 808.8kbits/s speed=0.999x elapsed=0:20:18.23
[2026-06-03T08:58:46.659Z] [INFO] [FFMPEG] frame=21884 fps= 18 q=27.0 q=28.0 size=  120167KiB time=00:20:17.20 bitrate= 808.7kbits/s speed=0.999x elapsed=0:20:18.74
[2026-06-03T08:58:47.188Z] [INFO] [FFMPEG] frame=21894 fps= 18 q=27.0 q=28.0 size=  120241KiB time=00:20:17.76 bitrate= 808.9kbits/s speed=0.999x elapsed=0:20:19.27
[2026-06-03T08:58:47.697Z] [INFO] [FFMPEG] frame=21903 fps= 18 q=28.0 q=28.0 size=  120282KiB time=00:20:18.28 bitrate= 808.8kbits/s speed=0.999x elapsed=0:20:19.78
[2026-06-03T08:58:48.206Z] [INFO] [FFMPEG] frame=21912 fps= 18 q=26.0 q=28.0 size=  120325KiB time=00:20:18.76 bitrate= 808.8kbits/s speed=0.999x elapsed=0:20:20.29
[2026-06-03T08:58:48.726Z] [INFO] [FFMPEG] frame=21922 fps= 18 q=26.0 q=28.0 size=  120377KiB time=00:20:19.32 bitrate= 808.8kbits/s speed=0.999x elapsed=0:20:20.81
[2026-06-03T08:58:49.237Z] [INFO] [FFMPEG] frame=21930 fps= 18 q=27.0 q=28.0 size=  120414KiB time=00:20:19.76 bitrate= 808.7kbits/s speed=0.999x elapsed=0:20:21.32
[2026-06-03T08:58:49.761Z] [INFO] [FFMPEG] frame=21940 fps= 18 q=27.0 q=28.0 size=  120465KiB time=00:20:20.32 bitrate= 808.7kbits/s speed=0.999x elapsed=0:20:21.84
[2026-06-03T08:58:50.270Z] [INFO] [FFMPEG] frame=21949 fps= 18 q=28.0 q=28.0 size=  120525KiB time=00:20:20.80 bitrate= 808.8kbits/s speed=0.999x elapsed=0:20:22.35
[2026-06-03T08:58:50.797Z] [INFO] [FFMPEG] frame=21958 fps= 18 q=26.0 q=28.0 size=  120559KiB time=00:20:21.32 bitrate= 808.6kbits/s speed=0.999x elapsed=0:20:22.88
[2026-06-03T08:58:51.307Z] [INFO] [FFMPEG] frame=21968 fps= 18 q=28.0 q=28.0 size=  120614KiB time=00:20:21.88 bitrate= 808.6kbits/s speed=0.999x elapsed=0:20:23.39
[2026-06-03T08:58:51.816Z] [INFO] [FFMPEG] frame=21977 fps= 18 q=27.0 q=28.0 size=  120645KiB time=00:20:22.36 bitrate= 808.5kbits/s speed=0.999x elapsed=0:20:23.90
[2026-06-03T08:58:52.329Z] [INFO] [FFMPEG] frame=21987 fps= 18 q=28.0 q=28.0 size=  120710KiB time=00:20:22.92 bitrate= 808.6kbits/s speed=0.999x elapsed=0:20:24.41
[2026-06-03T08:58:52.852Z] [INFO] [FFMPEG] frame=21996 fps= 18 q=27.0 q=28.0 size=  120733KiB time=00:20:23.44 bitrate= 808.4kbits/s speed=0.999x elapsed=0:20:24.93
[2026-06-03T08:58:53.361Z] [INFO] [FFMPEG] frame=22005 fps= 18 q=28.0 q=28.0 size=  120963KiB time=00:20:23.92 bitrate= 809.6kbits/s speed=0.999x elapsed=0:20:25.44
[2026-06-03T08:58:53.884Z] [INFO] [FFMPEG] frame=22015 fps= 18 q=26.0 q=28.0 size=  120976KiB time=00:20:24.48 bitrate= 809.4kbits/s speed=0.999x elapsed=0:20:25.97
[2026-06-03T08:58:54.392Z] [INFO] [FFMPEG] frame=22023 fps= 18 q=28.0 q=28.0 size=  121032KiB time=00:20:24.92 bitrate= 809.4kbits/s speed=0.999x elapsed=0:20:26.47
[2026-06-03T08:58:54.920Z] [INFO] [FFMPEG] frame=22033 fps= 18 q=28.0 q=28.0 size=  121072KiB time=00:20:25.48 bitrate= 809.3kbits/s speed=0.999x elapsed=0:20:27.00
[2026-06-03T08:58:55.432Z] [INFO] [FFMPEG] frame=22042 fps= 18 q=28.0 q=28.0 size=  121135KiB time=00:20:26.00 bitrate= 809.4kbits/s speed=0.999x elapsed=0:20:27.51
[2026-06-03T08:58:55.944Z] [INFO] [FFMPEG] frame=22051 fps= 18 q=27.0 q=28.0 size=  121149KiB time=00:20:26.48 bitrate= 809.2kbits/s speed=0.999x elapsed=0:20:28.03
[2026-06-03T08:58:56.467Z] [INFO] [FFMPEG] frame=22061 fps= 18 q=28.0 q=28.0 size=  121211KiB time=00:20:27.04 bitrate= 809.2kbits/s speed=0.999x elapsed=0:20:28.55
[2026-06-03T08:58:56.980Z] [INFO] [FFMPEG] frame=22070 fps= 18 q=27.0 q=28.0 size=  121239KiB time=00:20:27.56 bitrate= 809.1kbits/s speed=0.999x elapsed=0:20:29.06
[2026-06-03T08:58:57.486Z] [INFO] [FFMPEG] frame=22079 fps= 18 q=28.0 q=28.0 size=  121316KiB time=00:20:28.04 bitrate= 809.3kbits/s speed=0.999x elapsed=0:20:29.57
[2026-06-03T08:58:58.013Z] [INFO] [FFMPEG] frame=22089 fps= 18 q=26.0 q=28.0 size=  121361KiB time=00:20:28.60 bitrate= 809.2kbits/s speed=0.999x elapsed=0:20:30.10
[2026-06-03T08:58:58.526Z] [INFO] [FFMPEG] frame=22098 fps= 18 q=28.0 q=28.0 size=  121403KiB time=00:20:29.08 bitrate= 809.2kbits/s speed=0.999x elapsed=0:20:30.61
[2026-06-03T08:58:59.042Z] [INFO] [FFMPEG] frame=22107 fps= 18 q=28.0 q=28.0 size=  121442KiB time=00:20:29.60 bitrate= 809.1kbits/s speed=0.999x elapsed=0:20:31.12
[2026-06-03T08:58:59.556Z] [INFO] [FFMPEG] frame=22117 fps= 18 q=26.0 q=28.0 size=  121488KiB time=00:20:30.16 bitrate= 809.0kbits/s speed=0.999x elapsed=0:20:31.64
[2026-06-03T08:59:00.070Z] [INFO] [FFMPEG] frame=22126 fps= 18 q=27.0 q=28.0 size=  121536KiB time=00:20:30.64 bitrate= 809.0kbits/s speed=0.999x elapsed=0:20:32.15
[2026-06-03T08:59:00.583Z] [INFO] [FFMPEG] frame=22135 fps= 18 q=26.0 q=28.0 size=  121588KiB time=00:20:31.16 bitrate= 809.0kbits/s speed=0.999x elapsed=0:20:32.67
[2026-06-03T08:59:01.098Z] [INFO] [FFMPEG] frame=22144 fps= 18 q=27.0 q=28.0 size=  121632KiB time=00:20:31.64 bitrate= 809.0kbits/s speed=0.999x elapsed=0:20:33.18
[2026-06-03T08:59:01.611Z] [INFO] [FFMPEG] frame=22154 fps= 18 q=27.0 q=28.0 size=  121678KiB time=00:20:32.20 bitrate= 808.9kbits/s speed=0.999x elapsed=0:20:33.69
[2026-06-03T08:59:02.140Z] [INFO] [FFMPEG] frame=22163 fps= 18 q=28.0 q=28.0 size=  121718KiB time=00:20:32.72 bitrate= 808.9kbits/s speed=0.999x elapsed=0:20:34.22
[2026-06-03T08:59:02.652Z] [INFO] [FFMPEG] frame=22172 fps= 18 q=27.0 q=28.0 size=  121764KiB time=00:20:33.20 bitrate= 808.9kbits/s speed=0.999x elapsed=0:20:34.73
[2026-06-03T08:59:03.165Z] [INFO] [FFMPEG] frame=22182 fps= 18 q=26.0 q=28.0 size=  121798KiB time=00:20:33.76 bitrate= 808.7kbits/s speed=0.999x elapsed=0:20:35.25
[2026-06-03T08:59:03.675Z] [INFO] [FFMPEG] frame=22190 fps= 18 q=27.0 q=28.0 size=  121842KiB time=00:20:34.20 bitrate= 808.7kbits/s speed=0.999x elapsed=0:20:35.76
[2026-06-03T08:59:04.201Z] [INFO] [FFMPEG] frame=22200 fps= 18 q=27.0 q=28.0 size=  121885KiB time=00:20:34.76 bitrate= 808.6kbits/s speed=0.999x elapsed=0:20:36.28
[2026-06-03T08:59:04.712Z] [INFO] [FFMPEG] frame=22209 fps= 18 q=26.0 q=28.0 size=  121926KiB time=00:20:35.28 bitrate= 808.6kbits/s speed=0.999x elapsed=0:20:36.79
[2026-06-03T08:59:05.224Z] [INFO] [FFMPEG] frame=22218 fps= 18 q=26.0 q=28.0 size=  121986KiB time=00:20:35.76 bitrate= 808.7kbits/s speed=0.999x elapsed=0:20:37.31
[2026-06-03T08:59:05.737Z] [INFO] [FFMPEG] frame=22228 fps= 18 q=27.0 q=28.0 size=  122018KiB time=00:20:36.32 bitrate= 808.5kbits/s speed=0.999x elapsed=0:20:37.82
[2026-06-03T08:59:06.266Z] [INFO] [FFMPEG] frame=22237 fps= 18 q=27.0 q=28.0 size=  122081KiB time=00:20:36.80 bitrate= 808.6kbits/s speed=0.999x elapsed=0:20:38.35
[2026-06-03T08:59:06.781Z] [INFO] [FFMPEG] frame=22246 fps= 18 q=27.0 q=28.0 size=  122114KiB time=00:20:37.32 bitrate= 808.5kbits/s speed=0.999x elapsed=0:20:38.86
[2026-06-03T08:59:07.295Z] [INFO] [FFMPEG] frame=22256 fps= 18 q=27.0 q=28.0 size=  122354KiB time=00:20:37.88 bitrate= 809.7kbits/s speed=0.999x elapsed=0:20:39.38
[2026-06-03T08:59:07.808Z] [INFO] [FFMPEG] frame=22265 fps= 18 q=27.0 q=28.0 size=  122373KiB time=00:20:38.36 bitrate= 809.5kbits/s speed=0.999x elapsed=0:20:39.89
[2026-06-03T08:59:08.323Z] [INFO] [FFMPEG] frame=22275 fps= 18 q=28.0 q=28.0 size=  122436KiB time=00:20:38.92 bitrate= 809.6kbits/s speed=0.999x elapsed=0:20:40.41
[2026-06-03T08:59:08.833Z] [INFO] [FFMPEG] frame=22284 fps= 18 q=27.0 q=28.0 size=  122470KiB time=00:20:39.44 bitrate= 809.5kbits/s speed=0.999x elapsed=0:20:40.92
[2026-06-03T08:59:09.359Z] [INFO] [FFMPEG] frame=22293 fps= 18 q=27.0 q=28.0 size=  122531KiB time=00:20:39.92 bitrate= 809.5kbits/s speed=0.999x elapsed=0:20:41.44
[2026-06-03T08:59:09.870Z] [INFO] [FFMPEG] frame=22303 fps= 18 q=26.0 q=28.0 size=  122556KiB time=00:20:40.48 bitrate= 809.3kbits/s speed=0.999x elapsed=0:20:41.95
[2026-06-03T08:59:10.379Z] [INFO] [FFMPEG] frame=22311 fps= 18 q=28.0 q=28.0 size=  122609KiB time=00:20:40.92 bitrate= 809.4kbits/s speed=0.999x elapsed=0:20:42.46
[2026-06-03T08:59:10.905Z] [INFO] [FFMPEG] frame=22321 fps= 18 q=28.0 q=28.0 size=  122672KiB time=00:20:41.48 bitrate= 809.5kbits/s speed=0.999x elapsed=0:20:42.99
[2026-06-03T08:59:11.419Z] [INFO] [FFMPEG] frame=22330 fps= 18 q=28.0 q=28.0 size=  122724KiB time=00:20:42.00 bitrate= 809.5kbits/s speed=0.999x elapsed=0:20:43.50
[2026-06-03T08:59:11.928Z] [INFO] [FFMPEG] frame=22339 fps= 18 q=28.0 q=28.0 size=  122728KiB time=00:20:42.48 bitrate= 809.2kbits/s speed=0.999x elapsed=0:20:44.01
[2026-06-03T08:59:12.442Z] [INFO] [FFMPEG] frame=22349 fps= 18 q=28.0 q=28.0 size=  122800KiB time=00:20:43.04 bitrate= 809.3kbits/s speed=0.999x elapsed=0:20:44.52
[2026-06-03T08:59:12.969Z] [INFO] [FFMPEG] frame=22358 fps= 18 q=28.0 q=28.0 size=  122828KiB time=00:20:43.56 bitrate= 809.1kbits/s speed=0.999x elapsed=0:20:45.05
[2026-06-03T08:59:13.472Z] [INFO] [FFMPEG] frame=22367 fps= 18 q=28.0 q=28.0 size=  122895KiB time=00:20:44.04 bitrate= 809.3kbits/s speed=0.999x elapsed=0:20:45.55
[2026-06-03T08:59:13.998Z] [INFO] [FFMPEG] frame=22377 fps= 18 q=28.0 q=28.0 size=  122939KiB time=00:20:44.60 bitrate= 809.2kbits/s speed=0.999x elapsed=0:20:46.08
[2026-06-03T08:59:14.511Z] [INFO] [FFMPEG] frame=22386 fps= 18 q=28.0 q=28.0 size=  122986KiB time=00:20:45.08 bitrate= 809.2kbits/s speed=0.999x elapsed=0:20:46.59
[2026-06-03T09:07:16.575Z] [INFO] [FFMPEG] ffmpeg version N-123852-g7fd2be97b9-20260406 Copyright (c) 2000-2026 the FFmpeg developers
[2026-06-03T09:07:16.576Z] [INFO] [FFMPEG] built with gcc 15.2.0 (crosstool-NG 1.28.0.23_185f348)
[2026-06-03T09:07:16.576Z] [INFO] [FFMPEG] configuration: --prefix=/ffbuild/prefix --pkg-config-flags=--static --pkg-config=pkg-config --cross-prefix=x86_64-w64-mingw32- --arch=x86_64 --target-os=mingw32 --enable-gpl --enable-version3 --disable-debug --enable-shared --disable-static --disable-w32threads --enable-pthreads --enable-iconv --enable-zlib --enable-libxml2 --enable-libvmaf --enable-fontconfig --enable-libharfbuzz --enable-libfreetype --enable-libfribidi --enable-vulkan --enable-libshaderc --enable-libvorbis --disable-libxcb --disable-xlib --disable-libpulse --enable-opencl --enable-gmp --enable-lzma --enable-liblcevc-dec --enable-amf --enable-libaom --enable-libaribb24 --enable-avisynth --enable-chromaprint --enable-libdav1d --enable-libdavs2 --enable-libdvdread --enable-libdvdnav --disable-libfdk-aac --enable-ffnvcodec --enable-cuda-llvm --enable-frei0r --enable-libgme --enable-libkvazaar --enable-libaribcaption --enable-libass --enable-libbluray --enable-libjxl --enable-libmp3lame --enable-libopus --enable-libplacebo --enable-librist --enable-libssh --enable-libtheora --enable-libvpx --enable-libwebp --enable-libzmq --enable-lv2 --enable-libvpl --enable-openal --enable-liboapv --enable-libopencore-amrnb --enable-libopencore-amrwb --enable-libopenh264 --enable-libopenjpeg --enable-libopenmpt --enable-librav1e --enable-librubberband --enable-schannel --enable-sdl2 --enable-libsnappy --enable-libsoxr --enable-libsrt --enable-libsvtav1 --enable-libtwolame --enable-libuavs3d --disable-libdrm --enable-vaapi --enable-libvidstab --enable-libvvenc --enable-whisper --enable-libx264 --enable-libx265 --enable-libxavs2 --enable-libxvid --enable-libzimg --enable-libzvbi --extra-cflags=-DLIBTWOLAME_STATIC --extra-cxxflags= --extra-libs=-lgomp --extra-ldflags=-pthread --extra-ldexeflags= --cc=x86_64-w64-mingw32-gcc --cxx=x86_64-w64-mingw32-g++ --ar=x86_64-w64-mingw32-gcc-ar --ranlib=x86_64-w64-mingw32-gcc-ranlib --nm=x86_64-w64-mingw32-gcc-nm --extra-version=20260406
[2026-06-03T09:07:16.577Z] [INFO] [FFMPEG] libavutil      60. 29.100 / 60. 29.100
[2026-06-03T09:07:16.577Z] [INFO] [FFMPEG] libavcodec     62. 29.101 / 62. 29.101
[2026-06-03T09:07:16.577Z] [INFO] [FFMPEG] libavformat    62. 13.101 / 62. 13.101
[2026-06-03T09:07:16.578Z] [INFO] [FFMPEG] libavdevice    62.  4.100 / 62.  4.100
[2026-06-03T09:07:16.578Z] [INFO] [FFMPEG] libavfilter    11. 15.101 / 11. 15.101
[2026-06-03T09:07:16.579Z] [INFO] [FFMPEG] libswscale      9.  7.100 /  9.  7.100
[2026-06-03T09:07:16.579Z] [INFO] [FFMPEG] libswresample   6.  4.100 /  6.  4.100
[2026-06-03T09:07:16.874Z] [INFO] [FFMPEG] Input #0, rtsp, from 'rtsp://admin:abcd1234@192.168.0.128:554/ch1/0':
[2026-06-03T09:07:16.875Z] [INFO] [FFMPEG] Duration: N/A, start: 0.040000, bitrate: N/A
[2026-06-03T09:07:16.875Z] [INFO] [FFMPEG] Stream #0:0: Video: hevc (Main), yuv420p(tv), 1920x1080, 18 fps, 25 tbr, 90k tbn, start 0.040000
[2026-06-03T09:07:16.876Z] [INFO] [FFMPEG] Stream mapping:
[2026-06-03T09:07:16.876Z] [INFO] [FFMPEG] Stream #0:0 -> #0:0 (hevc (native) -> h264 (libx264))
[2026-06-03T09:07:16.877Z] [INFO] [FFMPEG] Stream #0:0 -> #1:0 (hevc (native) -> h264 (libx264))
[2026-06-03T09:07:16.878Z] [INFO] [FFMPEG] Press [q] to stop, [?] for help
[2026-06-03T09:07:16.894Z] [INFO] [FFMPEG] [libx264 @ 000001d1ef4de380] using cpu capabilities: MMX2 SSE2Fast SSSE3 SSE4.2 AVX FMA3 BMI2 AVX2
[2026-06-03T09:07:16.894Z] [INFO] [FFMPEG] [libx264 @ 000001d1f1763280] using cpu capabilities: MMX2 SSE2Fast SSSE3 SSE4.2 AVX FMA3 BMI2 AVX2
[2026-06-03T09:07:16.907Z] [INFO] [FFMPEG] [libx264 @ 000001d1ef4de380] profile High, level 4.0, 4:2:0, 8-bit
[2026-06-03T09:07:16.908Z] [INFO] [FFMPEG] [libx264 @ 000001d1ef4de380] 264 - core 165 - H.264/MPEG-4 AVC codec - Copyleft 2003-2025 - http://www.videolan.org/x264.html - options: cabac=1 ref=1 deblock=1:0:0 analyse=0x3:0x113 me=hex subme=2 psy=1 psy_rd=1.00:0.00 mixed_ref=0 me_range=16 chroma_me=1 trellis=0 8x8dct=1 cqm=0 deadzone=21,11 fast_pskip=1 chroma_qp_offset=0 threads=30 lookahead_threads=8 sliced_threads=0 nr=0 decimate=1 interlaced=0 bluray_compat=0 constrained_intra=0 bframes=3 b_pyramid=2 b_adapt=1 b_bias=0 direct=1 weightb=1 open_gop=0 weightp=1 keyint=250 keyint_min=25 scenecut=40 intra_refresh=0 rc_lookahead=10 rc=crf mbtree=1 crf=23.0 qcomp=0.60 qpmin=0 qpmax=69 qpstep=4 ip_ratio=1.40 aq=1:1.00
[2026-06-03T09:07:16.908Z] [INFO] [FFMPEG] [libx264 @ 000001d1f1763280] profile High, level 4.0, 4:2:0, 8-bit
[2026-06-03T09:07:16.909Z] [INFO] [FFMPEG] [libx264 @ 000001d1f1763280] 264 - core 165 - H.264/MPEG-4 AVC codec - Copyleft 2003-2025 - http://www.videolan.org/x264.html - options: cabac=1 ref=1 deblock=1:0:0 analyse=0x3:0x113 me=hex subme=2 psy=1 psy_rd=1.00:0.00 mixed_ref=0 me_range=16 chroma_me=1 trellis=0 8x8dct=1 cqm=0 deadzone=21,11 fast_pskip=1 chroma_qp_offset=0 threads=30 lookahead_threads=8 sliced_threads=0 nr=0 decimate=1 interlaced=0 bluray_compat=0 constrained_intra=0 bframes=3 b_pyramid=2 b_adapt=1 b_bias=0 direct=1 weightb=1 open_gop=0 weightp=1 keyint=250 keyint_min=25 scenecut=40 intra_refresh=0 rc_lookahead=10 rc=crf mbtree=1 crf=23.0 qcomp=0.60 qpmin=0 qpmax=69 qpstep=4 ip_ratio=1.40 aq=1:1.00
[2026-06-03T09:07:16.909Z] [INFO] [FFMPEG] Output #0, flv, to 'rtmp://127.0.0.1/live/stream':
[2026-06-03T09:07:16.910Z] [INFO] [FFMPEG] Metadata:
[2026-06-03T09:07:16.910Z] [INFO] [FFMPEG] encoder         : Lavf62.13.101
[2026-06-03T09:07:16.911Z] [INFO] [FFMPEG] Stream #0:0: Video: h264 ([7][0][0][0] / 0x0007), yuv420p(tv, progressive), 1920x1080, q=2-31, 25 fps, 1k tbn
[2026-06-03T09:07:16.912Z] [INFO] [FFMPEG] Metadata:
[2026-06-03T09:07:16.912Z] [INFO] [FFMPEG] encoder         : Lavc62.29.101 libx264
[2026-06-03T09:07:16.913Z] [INFO] [FFMPEG] Side data:
[2026-06-03T09:07:16.914Z] [INFO] [FFMPEG] CPB properties: bitrate max/min/avg: 0/0/0 buffer size: 0 vbv_delay: N/A
[2026-06-03T09:07:16.914Z] [INFO] [FFMPEG] [segment @ 000001d1f179ddc0] Opening '//192.168.19.189/encova/cam01/2026/06/03/16-07-16.mp4' for writing
[2026-06-03T09:07:16.922Z] [INFO] [FFMPEG] Output #1, segment, to '//192.168.19.189/encova/cam01/%Y/%m/%d/%H-%M-%S.mp4':
[2026-06-03T09:07:16.923Z] [INFO] [FFMPEG] Metadata:
[2026-06-03T09:07:16.924Z] [INFO] [FFMPEG] encoder         : Lavf62.13.101
[2026-06-03T09:07:16.924Z] [INFO] [FFMPEG] Stream #1:0: Video: h264, yuv420p(tv, progressive), 1920x1080, q=2-31, 25 fps, 12800 tbn
[2026-06-03T09:07:16.925Z] [INFO] [FFMPEG] Metadata:
[2026-06-03T09:07:16.925Z] [INFO] [FFMPEG] encoder         : Lavc62.29.101 libx264
[2026-06-03T09:07:16.926Z] [INFO] [FFMPEG] Side data:
[2026-06-03T09:07:16.926Z] [INFO] [FFMPEG] CPB properties: bitrate max/min/avg: 0/0/0 buffer size: 0 vbv_delay: N/A
[2026-06-03T09:07:17.538Z] [INFO] [FFMPEG] frame=    0 fps=0.0 q=0.0 q=0.0 size=       0KiB time=N/A bitrate=N/A speed=N/A elapsed=0:00:00.51
[2026-06-03T09:07:17.894Z] [INFO] [FFMPEG] frame=    0 fps=0.0 q=0.0 q=0.0 size=       0KiB time=N/A bitrate=N/A speed=N/A elapsed=0:00:01.02
[2026-06-03T09:07:18.421Z] [INFO] [FFMPEG] frame=    0 fps=0.0 q=0.0 q=28.0 size=       0KiB time=00:00:00.04 bitrate=   0.0kbits/s speed=0.0257x elapsed=0:00:01.55
[2026-06-03T09:07:18.934Z] [INFO] [FFMPEG] frame=    0 fps=0.0 q=0.0 q=28.0 size=       0KiB time=00:00:00.48 bitrate=   0.0kbits/s speed=0.232x elapsed=0:00:02.06
[2026-06-03T09:07:19.448Z] [INFO] [FFMPEG] frame=    9 fps=3.5 q=26.0 q=28.0 size=     168KiB time=00:00:01.04 bitrate=1321.9kbits/s speed=0.403x elapsed=0:00:02.58
[2026-06-03T09:07:19.960Z] [INFO] [FFMPEG] frame=   18 fps=5.8 q=28.0 q=28.0 size=     187KiB time=00:00:01.56 bitrate= 981.4kbits/s speed=0.504x elapsed=0:00:03.09
[2026-06-03T09:07:20.473Z] [INFO] [FFMPEG] frame=   27 fps=7.5 q=28.0 q=28.0 size=     272KiB time=00:00:02.04 bitrate=1092.4kbits/s speed=0.566x elapsed=0:00:03.60
[2026-06-03T09:07:20.990Z] [INFO] [FFMPEG] frame=   37 fps=9.0 q=28.0 q=28.0 size=     336KiB time=00:00:02.60 bitrate=1057.2kbits/s speed=0.631x elapsed=0:00:04.12
[2026-06-03T09:07:21.514Z] [INFO] [FFMPEG] frame=   46 fps=9.9 q=27.0 q=28.0 size=     360KiB time=00:00:03.08 bitrate= 958.3kbits/s speed=0.663x elapsed=0:00:04.64
[2026-06-03T09:07:22.027Z] [INFO] [FFMPEG] frame=   55 fps= 11 q=26.0 q=28.0 size=     417KiB time=00:00:03.60 bitrate= 947.8kbits/s speed=0.698x elapsed=0:00:05.16
[2026-06-03T09:07:22.538Z] [INFO] [FFMPEG] frame=   64 fps= 11 q=28.0 q=28.0 size=     464KiB time=00:00:04.08 bitrate= 931.0kbits/s speed=0.719x elapsed=0:00:05.67
[2026-06-03T09:07:23.051Z] [INFO] [FFMPEG] frame=   73 fps= 12 q=28.0 q=28.0 size=     521KiB time=00:00:04.60 bitrate= 927.3kbits/s speed=0.744x elapsed=0:00:06.18
[2026-06-03T09:07:23.573Z] [INFO] [FFMPEG] frame=   83 fps= 12 q=26.0 q=28.0 size=     574KiB time=00:00:05.16 bitrate= 911.1kbits/s speed=0.769x elapsed=0:00:06.70
[2026-06-03T09:07:24.087Z] [INFO] [FFMPEG] frame=   92 fps= 13 q=28.0 q=28.0 size=     625KiB time=00:00:05.64 bitrate= 908.2kbits/s speed=0.781x elapsed=0:00:07.22
[2026-06-03T09:07:24.596Z] [INFO] [FFMPEG] frame=  102 fps= 13 q=27.0 q=28.0 size=     676KiB time=00:00:06.20 bitrate= 893.6kbits/s speed=0.802x elapsed=0:00:07.73
[2026-06-03T09:07:25.124Z] [INFO] [FFMPEG] frame=  111 fps= 13 q=28.0 q=28.0 size=     738KiB time=00:00:06.72 bitrate= 900.0kbits/s speed=0.814x elapsed=0:00:08.25
[2026-06-03T09:07:25.635Z] [INFO] [FFMPEG] frame=  120 fps= 14 q=27.0 q=28.0 size=     779KiB time=00:00:07.20 bitrate= 886.2kbits/s speed=0.821x elapsed=0:00:08.76
[2026-06-03T09:07:26.151Z] [INFO] [FFMPEG] frame=  130 fps= 14 q=28.0 q=28.0 size=     816KiB time=00:00:07.76 bitrate= 861.8kbits/s speed=0.836x elapsed=0:00:09.28
[2026-06-03T09:07:26.661Z] [INFO] [FFMPEG] frame=  138 fps= 14 q=27.0 q=28.0 size=     862KiB time=00:00:08.20 bitrate= 861.2kbits/s speed=0.837x elapsed=0:00:09.79
[2026-06-03T09:07:27.188Z] [INFO] [FFMPEG] frame=  148 fps= 14 q=28.0 q=28.0 size=     899KiB time=00:00:08.76 bitrate= 840.8kbits/s speed=0.849x elapsed=0:00:10.32
[2026-06-03T09:07:27.699Z] [INFO] [FFMPEG] frame=  158 fps= 15 q=27.0 q=28.0 size=     949KiB time=00:00:09.32 bitrate= 834.5kbits/s speed=0.86x elapsed=0:00:10.83
[2026-06-03T09:07:28.213Z] [INFO] [FFMPEG] frame=  166 fps= 15 q=27.0 q=28.0 size=     983KiB time=00:00:09.76 bitrate= 825.2kbits/s speed=0.86x elapsed=0:00:11.34
[2026-06-03T09:07:28.720Z] [INFO] [FFMPEG] frame=  176 fps= 15 q=27.0 q=28.0 size=    1033KiB time=00:00:10.32 bitrate= 819.6kbits/s speed=0.871x elapsed=0:00:11.85
[2026-06-03T09:07:29.250Z] [INFO] [FFMPEG] frame=  185 fps= 15 q=28.0 q=28.0 size=    1090KiB time=00:00:10.84 bitrate= 823.4kbits/s speed=0.875x elapsed=0:00:12.38
[2026-06-03T09:07:29.763Z] [INFO] [FFMPEG] frame=  194 fps= 15 q=26.0 q=28.0 size=    1112KiB time=00:00:11.32 bitrate= 805.1kbits/s speed=0.878x elapsed=0:00:12.89
[2026-06-03T09:07:30.275Z] [INFO] [FFMPEG] frame=  204 fps= 15 q=27.0 q=28.0 size=    1175KiB time=00:00:11.88 bitrate= 810.1kbits/s speed=0.886x elapsed=0:00:13.40
[2026-06-03T09:07:30.785Z] [INFO] [FFMPEG] frame=  212 fps= 15 q=27.0 q=28.0 size=    1193KiB time=00:00:12.32 bitrate= 793.0kbits/s speed=0.885x elapsed=0:00:13.91
[2026-06-03T09:07:31.311Z] [INFO] [FFMPEG] frame=  222 fps= 15 q=24.0 q=28.0 size=    1257KiB time=00:00:12.88 bitrate= 799.2kbits/s speed=0.892x elapsed=0:00:14.44
[2026-06-03T09:07:31.820Z] [INFO] [FFMPEG] frame=  231 fps= 15 q=27.0 q=28.0 size=    1296KiB time=00:00:13.36 bitrate= 795.0kbits/s speed=0.893x elapsed=0:00:14.95
[2026-06-03T09:07:32.333Z] [INFO] [FFMPEG] frame=  240 fps= 16 q=28.0 q=28.0 size=    1360KiB time=00:00:13.88 bitrate= 802.5kbits/s speed=0.897x elapsed=0:00:15.46
[2026-06-03T09:07:32.859Z] [INFO] [FFMPEG] frame=  250 fps= 16 q=27.0 q=28.0 size=    1397KiB time=00:00:14.44 bitrate= 792.4kbits/s speed=0.903x elapsed=0:00:15.99
[2026-06-03T09:07:33.371Z] [INFO] [FFMPEG] frame=  259 fps= 16 q=28.0 q=28.0 size=    1630KiB time=00:00:14.92 bitrate= 894.8kbits/s speed=0.904x elapsed=0:00:16.50
[2026-06-03T09:07:33.884Z] [INFO] [FFMPEG] frame=  269 fps= 16 q=28.0 q=28.0 size=    1651KiB time=00:00:15.48 bitrate= 873.9kbits/s speed=0.91x elapsed=0:00:17.01
[2026-06-03T09:07:34.394Z] [INFO] [FFMPEG] frame=  278 fps= 16 q=28.0 q=28.0 size=    1711KiB time=00:00:16.00 bitrate= 875.8kbits/s speed=0.913x elapsed=0:00:17.52
[2026-06-03T09:07:34.908Z] [INFO] [FFMPEG] frame=  287 fps= 16 q=28.0 q=28.0 size=    1746KiB time=00:00:16.48 bitrate= 867.9kbits/s speed=0.913x elapsed=0:00:18.04
[2026-06-03T09:07:35.436Z] [INFO] [FFMPEG] frame=  297 fps= 16 q=28.0 q=28.0 size=    1811KiB time=00:00:17.04 bitrate= 870.8kbits/s speed=0.918x elapsed=0:00:18.56
[2026-06-03T09:07:35.948Z] [INFO] [FFMPEG] frame=  305 fps= 16 q=28.0 q=28.0 size=    1828KiB time=00:00:17.48 bitrate= 856.8kbits/s speed=0.916x elapsed=0:00:19.08
[2026-06-03T09:07:36.458Z] [INFO] [FFMPEG] frame=  315 fps= 16 q=28.0 q=28.0 size=    1895KiB time=00:00:18.04 bitrate= 860.3kbits/s speed=0.921x elapsed=0:00:19.59
[2026-06-03T09:07:36.978Z] [INFO] [FFMPEG] frame=  324 fps= 16 q=28.0 q=28.0 size=    1915KiB time=00:00:18.56 bitrate= 845.0kbits/s speed=0.923x elapsed=0:00:20.10
[2026-06-03T09:07:37.501Z] [INFO] [FFMPEG] frame=  333 fps= 16 q=26.0 q=28.0 size=    1980KiB time=00:00:19.04 bitrate= 851.9kbits/s speed=0.923x elapsed=0:00:20.63
[2026-06-03T09:07:38.027Z] [INFO] [FFMPEG] frame=  343 fps= 16 q=28.0 q=28.0 size=    2030KiB time=00:00:19.60 bitrate= 848.3kbits/s speed=0.926x elapsed=0:00:21.16
[2026-06-03T09:07:38.536Z] [INFO] [FFMPEG] frame=  352 fps= 16 q=28.0 q=28.0 size=    2065KiB time=00:00:20.08 bitrate= 842.3kbits/s speed=0.927x elapsed=0:00:21.66
[2026-06-03T09:07:39.062Z] [INFO] [FFMPEG] frame=  361 fps= 16 q=28.0 q=28.0 size=    2119KiB time=00:00:20.60 bitrate= 842.8kbits/s speed=0.928x elapsed=0:00:22.19
[2026-06-03T09:07:39.573Z] [INFO] [FFMPEG] frame=  371 fps= 16 q=26.0 q=28.0 size=    2171KiB time=00:00:21.16 bitrate= 840.3kbits/s speed=0.932x elapsed=0:00:22.70
[2026-06-03T09:07:40.084Z] [INFO] [FFMPEG] frame=  380 fps= 16 q=28.0 q=28.0 size=    2207KiB time=00:00:21.64 bitrate= 835.7kbits/s speed=0.932x elapsed=0:00:23.21
[2026-06-03T09:07:40.600Z] [INFO] [FFMPEG] frame=  390 fps= 16 q=27.0 q=28.0 size=    2256KiB time=00:00:22.20 bitrate= 832.5kbits/s speed=0.935x elapsed=0:00:23.73
